1,第十七	条	当事人	欠付	工程	价款	利息	计付	标准	约定	约定
0,4	原告	已	售	房屋	应	支付	延期	违约	交房	情况	明细表	第三	方	业主	已	领取	原告	支付	违约金	领条	协议书	不予	认定	应	案
0,顺延	工期	工程	联系单	12	份	2013年	5月	增加	标准层	走道	夹层	梁板	户	内	圈梁	施工	申请	延期	58	天	九洲	公司	同意	顺延	48	天	应	48	天	计算
0,中	城	投	六	局	原因	未	按期	开工	竣工	项	逾期	超过	30日	九洲	公司	权	解除	施工	中城	投六局	工程量	审计	80%	支	中城	投	六局	工程款	九洲	公司	原因	按期	开工	竣工	商讨	未果	情况	下	中	城	投	六局	权	九洲	公司	承担	中城	投	六局	损失	顺延	工期	合同
0,工程	竣工	验收	时间	超出	总工期	延期	天数	计算	违约金	延误	天数	30	天	内	延期	天	栋	违约金	5000	元
0,延期	天数	超过	30	天	30	天	延期	天	栋	违约金	10000	元
1,涉案	工程	应	1660	元	㎡	计算	九洲	公司	支付	欠付	中城	投	六局	工程款	九洲	公司	应	支付	中城	投	六	局	违约	损失
0,二	中城	投	六	局	应	九洲	公司	支付	延期	竣工	违约金
0,三	九洲	公司	影响	第三	方	逾期	交房	违约金	应	本案	中	一并
0,约定	被告	不	按期	竣工	超过	30日	原告	权	解除	合同	被告	工程量	审计	80%	支	被告	工程款
1,2014年	5月	出具	承诺书	后	应	视为	工程款	支付	作出	约定	达成	延期	付款	协议	九洲	公司	2014年	5月	九洲	公司	未	合同	支付	工程款	违约金	诉求	本院	不予	支持
1,中城	投	公司	未	举证	证明	承诺	施工	计划	施工	九洲房	公司	付款	时间	上	中	城	投	六局	施工	进度	上	综合	判断	中	城	投	六	局	承诺	施工	进度	节点	施工	不	判定	九洲	公司	按时	足额	支付	工程款	不	判定	九洲	公司	违约
0,九洲	公司	中城	投	六	局	签订	建设	工程施工	合同	第三	条	施工	组织	设计	工期	13.1	约定	工期	顺延	情况	约定	发生	不可抗力	因素	工期	延长	承包人	需	办理	延期	手续	发包人	批准	后	方	顺延	工期	承包人	原因	工期	延误	推迟	天	栋	楼	罚金	5000	元	超过	30	天	推迟	天	栋	楼	罚金	10000	元	通用	条款	约定	内容	执行
0,中城	投	六	局	未	约定	时间	竣工	应	2014年	10月	1日	计算	违约金
0,合同	约定	延期	30	天	以内	违约金	30	天	5000	元	3	栋	450000	元	延期	30	天	违约金	375	天	30	天	5000	元	3	栋	5175000	元	2014年	10月	1日	2015年	10月	11日	计	375	天	逾期	违约金	共计	5625000	元
0,九洲	公司	请求	延期	交房	需	第三方	赔付	违约金	5170779	元	损失	系	九洲	公司	第三方	签订	商品	买卖合同	中	约定	条款	费用	本案	中	查明	请求	九洲	公司	另行主张
1,3	欠付	工程款	金额	利息	应否	支持
1,庭审	中	原	被告	欠付	工程款	金额	100	464	069	元	均	无	异议	本院	予以	认可
1,当事人	欠付	工程	价款	利息	计付	标准	约定	约定
1,原告	任波	被告	上	东	新城	公司	欠付	工程	价款	利息	计付	标准	约定	中国	人民	银行	同期	同类	贷款	年利率	标准	1322546.95	元	基数	工程	价款	结算	标准	房屋	价格	下浮	房屋	维修	后续	纠纷	导致	工程	价款	迟迟	未能	结算	本院	酌定	起诉	日	2018年	4月	23日	计算	判决	自动	履行	期限	内	给付	日止
1,原告	大	远东	公司	被告	盛川	公司	支付	欠付	工程款	33.18万	元	原被告	被告	应	付	原告	工程款	321.68万	元	均予	认可	被告	盛川	公司	已	原告	大	远东	公司	支付	工程款	288.5万	元	原告	该项	本院	应	予	支持
1,原告	被告	支付	利息	506877.59	元	清偿	日	止	利息	原	被告	合同	中	未	逾期	付款	付	利息	作出	约定	被告	原告	付款日	2016年	1月	31日	利息	应	2016年	2月	1日	中国	人民	银行	同期	贷款	利率	计算	给付
0,原	被告	合同	约定	冷库	竣工	日	2012年	4月	20日	原告	最终	2012年	12月	31日	才	冷库	交	被告	验收	交付	被告	晚	合同	约定	竣工	日期	属	逾期	完工	原告	违约	应	被告	盛川	公司	延期	交付	冷库	被告	损失	承担	赔偿	责任
0,原告	逾期	完工	法定	程序	鉴定	被告	盛川	公司	2012年	5月	28日	2012年	10月	31日	期间	外租	保鲜库	支付	保鲜库	租金	70432	元	损失	原告	应予	赔偿
0,补充协议	签订	后	群洲	公司	铜仁	大酒店	工程	至今	未	复工	金滩	半岛	豪苑	F1F2	栋	工程	复工	工程	后	2019年	4月	再次	停工	至今	2019年	11月	仍	未能	按期	竣工	群洲	公司	亦	2019年	6月	2日	发	函	通知	南	长城	公司	解除	建设	工程施工	合同	补充协议	群洲	公司	解除	合同	未	约定	期限	竣工	违约	致使	合同	目的	不	南	长城	公司	解除	签订	建设	工程施工	合同	补充协议	事实	法律	依据	本院	予以	支持
1,群洲	公司	反诉	逾期	进度	款	资金	占用	利息	损失	逾期	退还	保证金	资金	占用	利息	损失	案涉	工程	停工	损失
0,南	长城	公司	逾期	交房	违约金	损失	资金	占用	损失
0,群洲	公司	违反	合同	约定	不	按期	金滩	半岛	豪苑	F1F2	栋	工程	竣工	致使	南	长城	公司	不	金滩	半岛	豪苑	F1F2	栋	房屋	买	受	人	约定	日期	交付	房屋	房屋	买	受	人	当地	政府	部门	信访	南	长城	公司	逾期	交房	违约金	损失	客观	南	长城	公司	截止	2019年	8月	31日	逾期	交房	违约金	损失	26	565	419	元	予以	支持	南	长城	公司	应	计算	群洲	公司	移交	质量	验收	合格	案涉	工程	6	月	为止	请求	综合	考量	本案	本院	计算	群洲	公司	南	长城	公司	撤离	金滩	半岛	豪苑	F1F2	栋	工程	施工	现场	移交	已	完	工程	日	宜	故群洲	公司	应	赔偿	南	长城	公司	截止	2019年	8月	31日	逾期	交房	违约金	损失	26	565	419	元	2019年	9月	1日	2019年	7月	1日	2019年	12月	30日	每日	赔偿	31	021	元	2020年	1月	1日	2020年	6月	30日	每日	赔偿	33	886	元	2020年	7月	1日	后	每日	赔偿	34	374	元	标准	南	长城	公司	赔偿	损失	直至	群洲	公司	南	长城	公司	移交	金滩	半岛	豪苑	F1F2	栋	工程	施工	现场	日止
1,中华人民共和国	合同法	第二百八十六	条	发包人	未	约定	支付	价款	承包人	催告	发包人	期限	内	支付	价款
1,发包人	逾期	不	支付	建设	工程	性质	不宜	折价	拍卖	承包人	发包人	协议	工程	折价	申请	人民法院	工程	依法	拍卖
1,本案	中	合同	约定	铜仁	大酒店	工程	尚未	发包人	支付	工程	进度	款	节点	金滩	半岛	豪苑	F1F2	栋	工程	发包人	已	约	支付	工程	进度	款	不	发包人	逾期	不	支付	工程款	情况	案涉	工程	均	未	竣工	亦	群洲	公司	违约	导致	案涉	工程	不	约定	日期	竣工	群洲	公司	无权	行使	工程	价款	优先	受	偿权	群洲	公司	无	事实	法律	依据	本院	依法	不予	支持
0,合同	签订	后	繁宝	公司	约	履行	钱国	木业	公司	三通一平	工作	未能	做好	2	号	车间	施工	场地	不	搬迁	钱国	木业	公司	村民	关系	好	多种	原因	致使	工程	拖延	2013年	8月	底	竣工	钱	国	木业	公司	2012年	8月	9月	竣工	车间	厂房
0,1	繁宝	公司	支付	延期	交房	违约金	60万	元	上海市	建设	工程	施工	投标	标书	情况	汇总表	第4	条	工程	总	造价	7	009	179	元	每日	万分之二	计算	2012年	4月	8日	算	钱国	木业	公司	车间	二	门卫室	时间	2013年	7月	18日	止
0,原告	反诉	被告	繁宝	公司	针对	反诉	辩称	延期	交付	责任	在于	钱国	木业	公司
1,发包人	收到	承包人	通知	后	仍	不	付款	承包人	协商	签订	延期	付款	协议	承包人	同意	后	延期	支付
1,协议	应	延期	支付	时间	计量	确认	后	第15	天	计算	应付款	贷款	利息
1,乙方	工程	延期	工程款	包括	后期	余款	顺期	延长
1,7	总	造价	工程	余款	工程	竣工	验收	合格	后	2	年	内	付清	乙方	提交	建筑	手续	不	全	甲方	延期	付款
1,三	崎丰厂	欠	工程款	应	2014年	10月	31日	前	付清	支付	逾期	付款	利息	损失
0,第一	钱国	木业	公司	延期	交房	违约金	繁宝	公司	确认	上海市	建设	工程	施工	投标	表述	情况	汇总表	中	约定	达	不	报	工期	目标	违约	责任	该份	汇总表	繁宝	公司	投标	阶段	文件	此后	繁宝	公司	崎丰厂	钱国	木业	公司	再行	签订	份	协议	工程	总价	工程	均	作出	实质性	变更	2011年	9月	工程	补充	协议书	约定	施工	期限	暂定	2012年	4月	8日	2012年	10月	行	签订	补充	协议书	工程	进展	工程	工期	工程	内容	变更	现	钱国	木业	公司	繁宝	公司	支付	延期	交房	违约金	缺乏	依据	不予	准许
1,被告	不	支付	工程款	原告	停工	窝工	机械	物件	租赁	物件	钢管	扣件	损失	3632100	元	应	建设	工程	施工	合同	违约	责任	相关	约定	被告	原告	承担	赔偿	责任
1,三	逾期	付款	利息	计算
1,鉴定	机构	出具	鉴定	报告	截止	2014年	7月	1日	原告	停工	时	工程量	造价	79057193	元	被告	仅	支付	原告	17000000	元	逾期	支付	工程款	原告	被告	逾期	付款	利息	无	不	妥
1,原	被告	未	建设	工程	施工	合同	中	约定	逾期	付款	利息	计算	方式	本院	酌情	认定	利息	计算
1,2014年	7月	1日	2015年	9月	1日	共	425	天	原告	逾期	付款	利息	4335502	元	62057193	元	6%	÷	365	天	425	天	银行	同期	贷款	年利率	6%	计算
1,建设	工程	施工	合同	补充	协议	中	约定	增加	项目	工程款	永泰	建筑	公司	同意	智发	酒业	公司	延期	2016年	8月	18日	前	付清	未能	付清	智发	酒业	公司	应	应付	未	付	工程款	数额	银行	贷款	同期	利率	支付	利息	未	付	工程款	数额	日万分之五	计付	违约金	付给	永泰	建筑	公司
0,出借人	借款人	约定	逾期	利率	约定	违约金	费用	出借	人	选择	逾期	利息	违约金	费用	一并	总计	超过	年利率	24%	人民法院	不予	支持
1,智发	酒业	公司	已	中国	人民	银行	同期	贷款	利率	标准	支付	逾期	利息	约定	日万分之五	违约金	偏	高	本院	酌定	违约金	调整	4438101	元	基数	日万分之二	计算
0,本院	承诺书	约定	永泰	建筑	公司	智发	酒业	公司	已	250000	元	工程款	转为	借款	还	约定	借款	期限	借款	利息	逾期	还款	违约	责任	该笔	款项	已	不	本案	工程款	范畴	永泰	建筑	公司	案
1,本院	方正	建筑	公司	承包	金利源	天然气	公司	加气	站	零星	工程	后	项目部	经理	杨述能	代表	方正	建筑	公司	工程	转包	杨继会	约定	杨述	工程	完工	后	一月	付	95%	工程款	逾期	3‰	支付	利息	剩余	5%	工程款	2015年	7月	15日	付清
0,证明	本案	施工	原告	第一	协议	签订	后	租赁	吉北	房地产	开发	公司	塔吊	台	2011年	8月	5日	算	租金	租金	每月	12000	元	被告	工地	不	开工	延期	30	天	12000	元	损失
0,证明	本案	施工	原告	租赁	薛永生	塔吊	台	租金	每月	12000	元	延期	50	天	2万	元	损失
0,证明	原告	提交	竣工	验收	相关	手续	资料	被告	督促	原告	提交	导致	工程款	结算	责任	不	被告
1,人民法院	审理	建设	工程	施工	合同	纠纷	案件	法律	解释	第十七	条	当事人	欠付	工程款	价款	利息	计付	标准	约定	约定
1,第十八	条	三	项	建设	工程	未	交付	工程款	未	结算	当事人	起诉	日	支付	欠付	工程款	利息	本案	原告	撤场	时	未	原告	已	完工	主体	工程	工程量	价款	结算	未	约定	迟延	支付	工程款	利息	计付	标准	均	未	会议纪要	履行	义务	诉讼	本院	采信	第一	次	鉴定	后	本院	鉴定	结论	确认	后	才	下	欠	工程款	金额	原告	请求	支付	下	欠	工程款	利息	请求	不予	支持
1,被告	欠付	原告	工程款	1284781.83	元
1,原告	被告	支付	欠付	工程款	1284781.83	元	请求	符合	相关	法律	本院	不予	支持
1,5	发包人	不	合同	约定	时间	付款	逾期	不	超过	月	发包人	不	承担	违约	责任	逾期	超过	月	不	超过	三	月	发包人	欠	工程款	1.5%	月息	支付	承包人	利息	逾期	超过	三	月	承包人	权	停工
1,1	承包人	不	合同	约定	提供	全额	履约	保证金	发包人	按时	支付	工程款	承包人	违约
1,欠付	工程款	逾期	付款	利息	认定
1,合同	约定	逾期	月	不	承担	违约	责任	逾期	超过	月	月息	1.5%	支付	利息	本院	合同	约定	付款	节点	应付款	金额	分段	计算
1,1	竣工	验收	后	月	2014年	8月	18日	合同	约定	应	办	完	竣工	结算	应付款	日	后	月	2015年	2月	28日	共计	195日	期间	内	欠付	款项	26473088.5	元	84639683.3	元	85%	-45470642.31	元	该段	时间	内	利息	计算	2545768.24	元	18%	÷	365日	195日	26473088.5	元
0,退还	质保金	逾期	付款	利息	认定
0,大邦	公司	提出	湖南	四	公司	大邦	公司	交付	竣工	备案	资料	配合	大邦	公司	办理	竣工	备案	手续	赔偿	延期	交付	备案	资料	大邦	公司	带来	损失	3889.6万	元
1,1	本案	签订	备案	合同	湖南省	建设	工程	施工	合同	结算	2013年	6月	26日	签订	补充协议	结算	确认	本案	中	工程	造价	2	确认	被告	反诉	原告	瑞海	公司	已	支付	原告	反诉	被告	长沙	建工	公司	工程	金额	被告	反诉	原告	瑞海	公司	还	应	支付	工程款	3	被告	反诉	原告	瑞海	公司	应	承担	逾期	支付	工程	利息	4	原告	反诉	被告	长沙	建工	公司	工程款	享有	优先	受偿权	5	原告	反诉	被告	长沙	建工	公司	工期	延误	应	被告	反诉	原告	瑞海	公司	承担	违约	责任	6	原告	反诉	被告	长沙	建工	公司	应	被告	反诉	原告	瑞海	公司	交付	工程	竣工	验收	资料	工程款	发票
1,依据	人民法院	审理	建设	工程	施工	合同	纠纷	案件	法律	解释	第十七	条	逾期	付款	应	人民	银行	同期	贷款	利率	计息
1,被告	反诉	原告	瑞海	公司	2016年	1月	27日	人民	银行	同期	贷款	利率	承担	逾期	支付	工程款	利息	原告	反诉	被告	长沙	建工	公司	按日	万分之五	承担	利息	融资	成本费	1036800.9	元	诉讼	请求	不予	支持
1,发包人	未	约定	支付	价款	承包人	催告	发包人	期限	内	支付	价款
1,发包人	逾期	不	支付	建设	工程	性质	不宜	折价	拍卖	承包人	发包人	协议	工程	折价	申请	人民法院	工程	依法	拍卖
1,逾期	付款	逾期	完工	违约金	经济	损失	建筑物	优先	受偿权
1,三	原	告诉	请	被告	xx	公司	定期	支付	工程款	逾期	利息
1,原	告诉	请	被告	xx	公司	逾期	支付	工程款	利息	依据	xx	二期	17	18	19	楼	补充	协议	二	计算
1,被告	逾期	支付	工程	进度	款	应付	利息	约定
1,当事人	欠付	工程	价款	利息	计付	标准	约定	约定
1,本案	中	原告	xx	公司	被告	xx	公司	签订	补充	协议	二	第四	条	约定	拖欠	100万	元	部份	工程款	时间	达	三	月	月息	5%	计算	利息	约定	高	本案	情况	被告	xx	公司	原告	xx	公司	工程款	逾期	支付	利息	计算	方式	提出	意见	本院	应	原告	xx	公司	金额	日期	统一	3%	计算	利息	妥	原告	xx	公司	诉请	中	工程款	逾期	支付	利息	计算	2014年	12月	1日	5749716.75	元	本院	核算	应	予以	支持	2014年	12月	2日	利息	尚	欠	工程款	7191192.89	元	减扣	100万	元	合同	约定	基数	月息	3%	计算	清偿	完毕	日	止	被告	xx	公司	应	支付	返还	工程	质量	保证金	573822.13	元	约定	工程	质量	保证金	不	计	利息	本院	不予	支持
1,反诉	被告	xx	公司	诉请	原告	xx	公司	承担	逾期	交付	施工	17	18	19	楼	共计	163万	违约金	本案	中	17	楼	开工	日期	2010年	9月	13日	开工	令	约定	工期	500	天	约定	应	2011年	1月	25日	完工	五	单位	验收	日期	2012年	11月	6日	原告	竣工	验收期	2011年	12月	20日	18	楼	开工	日期	2010年	12月	1日	开工	令	约定	工期	600	天	约定	应	2012年	10月	五	单位	验收	日期	2013年	9月	17日	原告	竣工	验收	日期	2011年	12月	20日	19	楼	开工	日期	2011年	5月	18日	开工	令	约定	工期	600	天	约定	应	2013年	2月	18日	五	单位	验收	日期	2013年	9月	17日	原告	竣工	日期	2013年	7月	15日	诉辩	被告	未	约定	期限	支付	工程	进度	款项	至今	尚	欠	工程	进度	款	7191192.89	元	17	18	19	楼系	原告	努力	工程	才	顺利	完工
0,原告	xx	公司	被告	xx	公司	项目	xx17	18	19	楼	工程	被告	未能	全额	支付	约定	进度	款	分包	工程	影响	主包	工程	进度	原告	被告	商业	信誉度	怀疑	工程	进度	延缓	亦	行使	不安	抗辩权	权利	建设	工程	超过	合同	约定	竣工	验收	不	违约	告诉	请	原告	支付	工程	逾期	违约金	163万	元	诉请	本院	不	予以	支持
0,二	告诉	请	原告	赔偿	逾期	交房	经济	损失	1075551.41	元	逾期	办证	经济	损失	1132753.74	元	车位	延期	交付	损失	21888.15	元	诉讼	请求	原告	施工	xx17	18	19	楼房	主体	基础	工程	原告	约定	期限	内	项目	工程	五	单位	未能	约定	期限	内	竣工	验收	被告	原因	理由	上	不再	重复	损失	亦	被告	自行	承担
1,竹城	公路	武冈道	驿	建设	工程	施工	承包	合同书	中	付款	方式	违约	处罚	条款	中	约定	未	按期	支付	工程款	支付	利息	竹城	公路	武冈道	驿	建设	工程	施工	承包	补充	合同书	中	约定	未	按期	支付	工程款	支付	利息	补充	合同书	签订	2012年	11月	5日	合同	签订	前	王太平	王祥兵	索贿	980000	元	事实	推	定	约定	支付	工程款	利息	合法	形式	掩盖	索贿	非法	目的
1,竹城	公路	武冈道	驿	建设	工程	施工	承包	补充	合同书	竹城	公路	武冈道	驿	服务	楼	建设	工程	施工	承包	合同书	中	约定	未	按期	支付	工程款	支付	利息	条款	系	无效	条款
1,格瑞汀	公司	未	按时	支付	工程款	导致	涉案	工程	未	按期	竣工
1,各方	当事人	均	未	工程	质量	提出	抗辩	反诉	涉案	工程	已	交付	潘国彬	未	进度	施工	原因	在于	工程量	增加	逾期	支付	工程款
1,四	格瑞汀	公司	欠付	工程款	内	承担	责任
1,发包人	只	欠付	工程	价款	内	施工人	承担	责任	本案	中	格瑞汀	公司	涉案	工程	发包人	已	杨建飞	支付	工程款	6123000	元	包括	2013年	12月	13日	支付	潘国彬	工人	工资	53370	元	尚	欠	407745.19	元	7190258.09	元	已	付	工程款	6123000	元	未	完	工程款	300000	元	质量	保修金	359512.90	元
1,故格瑞汀	公司	应	欠付	工程	价款	407745.19	元	内	潘国彬	承担	责任
1,发包人	只	欠付	工程	价款	内	施工人	承担	责任
0,本案	中	经原	被告	约定	发包人	原因	项目	不	合同	约定	施工	导致	合同	终止	发包人	应	按期	全额	返还	履约	保证金	承包人	逾期	返还	逾期	一日	履约	保证金	总额	1%	承包人	支付	违约金	外	还	需	履约	保证金	总额	3%	承包人	支付	资金	损失费	直至	付清	为止
1,现国	神华	公司	未	约定	履行	还本	付息	义务	违约	南通	二建	公司	请求	国神华	公司	返还	履约	保证金	支付	期限	内	利息	逾期	利息	理由	应	予	支持
0,逾期	利息	性质	上	违约	损失	南通	二建	公司	未	举证	证明	利息	损失	之外	还	损失	南通	二建	公司	年利率	24%	计算	逾期	利息	国神华	公司	利息	同等	标准	另行	支付	违约金	重复	国神华	公司	承担	违约	责任	本院	重复	不予	支持
1,4	上陵	公司	应否	承担	欠付	工程款	利息
0,综上	上陵	公司	青铜峡	分公司	欠付	楚湘	公司	宁夏	分公司	工程款
1,四	上陵	公司	应否	承担	欠付	工程款	利息
1,案涉	合同	专用	条款	35	条	欠付	工程款	利息	约定	发包人	未	合同	约定	支付	工程款	进度	款	未	达成	延期	付款	协议	约定	日	承包人	支付	应付款	贷款	利率
1,上陵	青铜峡	分公司	出具	工程	竣工	证明	案涉	工程	迟	2013年	12月	5日	竣工	验收	合格	人民法院	审理	建设	工程	施工	合同	纠纷	案件	法律	解释	第十七	条	第十八	条	上陵	公司	应	2013年	12月	6日	支付	欠付	工程款	合同	约定	承担	欠付	工程款	利息
1,上陵	公司	应	2013年	12月	6日	案涉	工程	竣工	验收	日	判决	付	日止	中国	人民	银行	同期	贷款	基准	利率	3	倍	承担	欠付	工程款	逾期	付款	利息
1,楚湘	公司	施工	力量	逾期	竣工	情形	案涉	工程	分项	工程	施工	进度	已	付	工程款	准确	区分	支付	对象	楚湘	公司	宁夏	分公司	上陵	公司	承担	支付	拖欠	工程	进度	款	利息	亦	不予	支持
0,楚湘	公司	双通	公司	宁夏	燕昇	建筑	装饰	工程	有限公司	吴忠市	金马	砼业	有限公司	诉讼案	违约金	损失	应	上陵	公司	承担	合同	相对性	原理	楚湘	公司	双通	公司	公司	之间	纠纷	本案	无关	上陵	青铜峡	分公司	2011年	5月	30日	双通	有限公司	出具	承诺函	未	承诺	不	按时	付款	需	承担	何种	责任	本院	楚湘	公司	宁夏	分公司	不	予	支持
1,本院	本案	争议	焦点	欠付	工程款	数额	付款	责任	承担	支付	工程款	利息	利息	计算	方式
1,欠付	工程	数额
1,综	上	涉案	工程	欠付	工程款	数额	5318400.5	元
1,威达	公司	土建	资质	不	符合	工程	威达	公司	宝塔	公司	签订	三	份	建设	工程施工	合同	合同	威达	公司	已	涉案	工程	施工	权	宝塔	公司	支付	工程	价款	宝塔	公司	〈	建设	工程	施工	合同	权利	义务	转移	协议书	〈	建设	工程	施工	合同	权利	义务	转移	协议书	补充	协议	中	亦	已	完	工程量	已	付款	确认	宝塔	公司	原告	威达	公司	支付	欠付	工程款	5318400.5	元
1,原告	威达	公司	中石化	扬州	分公司	三	方	协议	中	确认	宝塔	公司	支付	工程款	最终	中石化	扬州	分公司	结算	款项	中	扣	减	中石化	扬州	分公司	最终	义务	承担者	中石化	扬州	分公司	权利	义务	中石化	公司	承担	被告	中	石化	公司	承担	支付	欠付	工程款	责任
1,〈	建设	工程	施工	合同	权利	义务	转移	协议书	〈	建设	工程	施工	合同	权利	义务	转移	协议书	补充	协议	均	约定	威达	公司	已	完	工程量	威达	公司	开具	工程款	发票	宝塔	公司	结算	原告	威达	公司	被告	中	石化	公司	承担	支付	欠付	工程款	责任	不	符合	法律	本院	不予	支持
1,原告	被告	年息	6%	支付	2013年	3月	15日	判决	付	日	止	欠付	工程款	利息
1,2013年	3月	15日	原告	威达	公司	被告	宝塔	公司	已	完	工程	结算	故宝塔	公司	中国	人民	银行	同期	同类	贷款	利率	支付	欠付	工程款	2013年	3月	15日	判决	付	日	止	利息
1,庭	审	中	均	确认	已	付款	104575202.22	元	据此	欠付	工程	价款	18130371.08	元
1,当事人	欠付	工程	价款	利息	计付	标准	约定	约定
1,合同	中	欠付	工程	进度	款	利息	支付	约定	欠付	工程	结算	价款	利息	支付	约定	法律	欠付	工程	结算	价款	利息	应	中国	人民	银行	同期	同类	贷款	利率	予以	计付
1,本案	工程	停工	后	基于	合同	下	针对	合同	履行	应否	解除	协商	未	工程款	结算	逾期	付款	利息	应	起诉	日	计算	欠款	给付	日止
1,发包人	未	约定	支付	价款	承包人	催告	发包人	期限	内	支付	价款
1,发包人	逾期	不	支付	建设	工程	性质	不宜	折价	拍卖	承包人	发包人	协议	工程	折价	申请	人民法院	工程	依法	拍卖
1,优先	受偿	应	限于	工程	欠	付款	本金	启航	公司	逾期	付款	利息	一并	优先	受偿	本院	不予	支持
1,本案	合同	无效	合同	约定	违约	责任	条款	亦	无效	嘉鼎祥	公司	合同	中	逾期	完工	违约	责任	条款	中	约定	结算	比例	启航	公司	支付	工程	结算款	不	成立	本院	不予	支持
0,金地	公司	工期	违约金	同辉	公司	自认	原因	导致	工期	逾期	1815	天	未	工期	延误	违约金	数额	达成	本案	争议	焦点	同辉	公司	应	金地	公司	支付	工期	逾期	违约金	数额
1,3	订立	劳务	合同	约定	逾期	违约金	条款	显	失	公平	应	予	撤销
0,合同	补充	协议	约定	用水	电	发包人	原告	统一	安排	由此	被告	应	不予	承担	综上	工期	延误	2013年	8月	2日	唐山市	建设	工程	质量	监督	检测站	发出	暂停	施工	通知	至今	复工	通知	劳务	合同	情况	下	被告	工期	应	无限期	顺延	由此	被告	不	承担	违约金	延期	原	告诉	请	均	不	成立	请	依法	驳回
0,由此	被告	工期	应	无限期	顺延	被告	逾期	完工	不	过错
0,暂停	施工	被告	逾期	完工	不	过错
0,2	补充	协议	延期	交付	工程	违约	责任	显	失	公平	应	予	撤销
0,证据	八证	证明	2013年	4月	1日	联大	石家庄	建	订立	施工	合同	合同	专用	条款	第4	条	约定	承包人	不	分包	合同	协议书	第7	条	确认	承包人	项目	经理	贺同振	合同	内容	约定	未经	联大	确认	承包人	项目	经理	随意	更换	合同	2013.3	19	日	原	被告	订立	合同	主合同	承包人	石家庄	建	河北	联大	8	号	宿办	楼	施工	合同	情况	下	委托	他方	订立	劳务	分包	合同	应	无效	合同	通用	条款	承包人	工期	顺延	作出	约定	合同	专用	合同	条款	第11	条	第5	款	约定	承包人	工期	延误	承包人	应	支付	违约金	每日	天	赔付	额度	1万	元	赔偿费	总	高	限额	合同	总价	5%	限	原	被告	合同	订立	合同	订立	不	违背	主	合同	约定	违约金	界限	被告	施工	延期	违约	处罚	不	超过	合同	总价	5%	由此	原	被告	劳务	合同	违约金	条款	约定	显	失	公平	违法	法律	应	予	撤销
0,证据	十	证据	2013年	8月	2日	监理	单位	总监	不	在场	总包	单位	技术	质检	人员	不	成	原因	唐山市	建设	工程	质监站	强行	下令	暂停	施工	整改	证据	质监站	加注	证明	内容	复工	通知单	未	发	意味着	2013年	8月	2日	工程	国家	监管	部门	工程	诸多	强	只	暂停	施工	被告	联大	质监站	8月	2日	停工	接到	复工	通知	情况	下	原告	强	令	被告	施工	2013年	10月	5日	被告	完工	时	质监站	复工令	未	发出	被告	违反	法国家	法律	法规	强制性	情况	下	强制性	施工	工期	顺延	应	无限期	工期	延误	责任	不	被告	证据	被告	不	延期	交付	工程	违约
1,逾期	付款	违约金
1,李坚古	应	42262	元	本金	日利率	1%	2014年	1月	21日	2015年	1月	30日	止	莫建勇	支付	逾期	付款	违约金
1,莫建勇	未	提供	合法	证据	证明	损失	李坚古	违约金	高	应	调整	人民法院	﹤	中华人民共和国	合同	法﹥	若干	解释	二	第二十九	条	本院	酌情	认定	逾期	付款	违约金	利率	中国	人民	银行	同期	同类	贷款	利率	加收	30%	计	付	逾期	付款	违约金	应	42262	元	本金	中国	人民	银行	同期	同类	贷款	利率	1.3	倍	计	付	2014年	1月	21日	计	2015年	1月	30日	止
1,针对	原告	工程	尾款	2015年	11月	18日	逾期	利息	诉求
1,本院	人民法院	审理	建设	工程	施工	合同	纠纷	案件	法律	解释	相关	工程款	利息系	法定	孳息	当事人	欠付	工程款	利息	应	予以	支付
1,发包人	未	约定	支付	价款	承包人	催告	发包人	期限	内	支付	价款
1,发包人	逾期	不	支付	建设	工程	性质	不宜	折价	拍卖	承包人	发包人	协议	工程	折价	申请	人民法院	工程	依法	拍卖
1,第十七	条	当事人	欠付	工程	价款	利息	计付	标准	约定	约定
1,被告	陈述	涉案	工程	尚未	施工	完毕	未	雇佣	人员	强行	接管	工地	竣工	日期	上	各执一词	工程	未经	竣工	验收	无	证据	证明	原告	被告	提交	竣工	验收	报告	庭审	调查	被告	认可	2016年	10月	收	涉案桩基	主体	工程	付款	时间	约定	不	明	情形	下	应	被告	认可	接收	工程	时间	基准日	欠付	工程款	基数	中国	人民	银行	发布	同期	同类	贷款	利率	计算	利息
1,九龙	公司	逾期	未付	工程款	客观	上	会	顺通	公司	经济	损失	本案	中	顺通	公司	依据	法律	支付	工程	尾款	补充	协议	约定	九龙	公司	逾期	付款	利息	违约金	成立	本院	顺通	公司	两	项	中	予以	支持
1,逾期	付款	利息	计算	本院	审查	后	九龙	公司	顺通	公司	支付	工程	尾款	补充	协议	四	条	中	约定	本院	九龙	公司	应	中国	人民	银行	发布	同期	贷款	基准	利率	上浮	15%	顺通	公司	支付	逾期	付款	利息
1,九龙	公司	应付款	付款	情况	本院	逾期	付款	利息	计算	期间
1,发包人	延期	支付	工程款	应	承担	应付	款额	每日	万分之五	违约金
1,当事人	欠付	工程	价款	利息	计付	标准	约定	约定
1,本案	中	原告	质量	保修金	3938014	元	属	涉案	工程	价款	组成部分	二	被告	应	2014年	7月	16日	返还	2362809	元	2017年	7月	16日	返还	1575205	元	未	返还	应	支付	利息
1,欠付	工程	价款	利息	计付	标准	约定	原告	二	被告	支付	银行	同期	贷款	利率	计算	2017年	10月	8日	利息	378111	元	此后	银行	同期	贷款	利率	计算	质量	保修金	返还	日	本院	予以	支持
1,万特	公司	应否	同期	银行	贷款	利率	二	倍	支付	中色	十二	冶	公司	逾期	付款	违约金	赔偿	窝工	材料	利润	利息	各项	损失	计	211733875.28	元
1,万特	公司	应否	同期	银行	贷款	利率	二	倍	支付	中色	十二	冶	公司	逾期	付款	违约金	赔偿	窝工	材料	利润	利息	各项	损失
0,中色	十二	冶	公司	提供	延期	报告	均	未	万特	公司	批复	认可
0,工期	延误	损失	43699400	元	延期	交房	违约金	13031847.74	元	违反	完工	节点	违约金	150万	元	市政	道路	恢复	工程	支付	工程款	6999511.86	元	错误	财产	保全	损失	2463066.61	元
0,工期	延误	损失	43699600	元	查	万特	公司	提出	工期	延误	损失	包含	商铺	租金	3161万	元	办公	租房	损失	24万	元	人员	工资	损失	179万	元	地下	停车场	经营	损失	6451200	元	延期	期间	增加	财务	成本	损失	3608200	元
0,案涉	建设	工程施工	合同	专用	条款	第35.2	条	中	约定	承包方	原因	工期	延误	每日	案涉	工程	总价	万分之一	赔偿	工期	延误	违约金	外	发包人	未	按时	交付	经济	损失	亦	应	承包人	予以	赔偿
0,万特	公司	提出	延期	交房	违约金	13031847.74	元	违反	完工	节点	违约金	150万	元
0,本院	认定	中色	十二	冶	公司	工期	延误	承担	责任	已	施工	合同	约定	违约	责任	条款	判令	中色	十二	冶	公司	承担	6002004	元	违约金	故万特	公司	再次	中色	十二	冶	公司	承担	延期	交房	违约金	违反	完工	节点	违约金	依据	本院	不予	支持
1,中色	十二	冶	公司	万特	公司	同期	银行	贷款	利率	二	倍	支付	中色	十二	冶	公司	逾期	付款	违约金	诉请	查	案涉	工程	至今	未	竣工	验收	应	案涉	工程	投入	时间	视为	竣工	验收	时间	万特	公司	该日	支付	欠付	工程款	利息	合同	补充	协议	中	工程	竣工	结算	审查	期限	付款	节点	约定	发包人	应	收到	承包人	完整	竣工	结算	资料	后	60	天	内	审核	完毕	结算	后	月	内	支付	结算价	95%	工程款
1,万特	公司	应	2015年	4月	30日	支付	95%	工程款	该日	支付	欠付	工程款	利息
1,利息	计算	标准	签	补充协议	约定	发包人	欠付	工程款	将要	承担	欠	工程款	企业	同期	银行	贷款	利率	两	倍	赔偿
1,被告	按时	支付	工程款	还	应	支付	利息	利息	793626.72	元	基数	月息	5‰	2017年	10月	12日	计算	工程款	付清	日	止	暂	计算	2018年	5月	20日	28808.65	元
0,491038	元	鉴定	结论	8	张	工期	延期	签证	真实性	不	认定	工期	延误	原因	做出	鉴定	本案	中	8	张	工期	延期	签证	证人	唐某	当庭	作证	8	张	工期	延期	签证	事后	补签	唐某	碍于情面	签	字	延期	签证	合同	约定	发包人	被告	指定	接收	人	蔡有德	签字	再	加上	8	张	签证	单	误工	日期	重复	不	符合	逻辑	情形	8	张	签证	单	不	认定	工程	延期	损失	依据
0,本案	中	株洲市	住房	城乡	建设局	2017年	8月	15日	作出	行政	决定书	撤销	被告	公司	长城	国际	商业广场	期	工程	建筑	工程	施工	许可证	被告	反诉	原告	证据	证明	工程	延误	原告	反诉	被告	原因	被告	反诉	原告	反诉	原告	反诉	被告	湖南	佳阳	建设	集团	有限公司	支付	逾期	竣工	违约金	320726.5	元	延期	竣工	交付	期间	商铺	租金	损失	2128995	元	办公室	占用费	40000	元	搅拌	机场地	占用	费	6000	元	反诉	请求	事实	法律	依据	本院	依法	不予	支持
1,被告	2013年	8月	27日	综合楼	中	作岀	承诺	保证	合同	结算	人工费	合同	执行	拨款	结算	被告	违反	合同	约定	按时	工程款	应	付	拖延	支付	工程款	利息	约定	利息	利率	法律	当事人	欠付	工程	价款	利息	计付	标准	约定	约定
0,反诉	原告	港湾	公司	提出	反诉	请求	判令	反诉	被告	银座	公司	赔偿	延期	交付	工程	反诉	原告	经济	损失	法庭	提出	司法	鉴定	申请	限期	内	未	提交	相关	鉴定	资料	证据	不	符合	鉴定	本院	不予	委托	鉴定
0,2	原告	被告	当事人	共	签订	三	份	建设	工程	施工	合同	应	份	合同	准	原告	延期	交工	原告	施工	期间	失火	延期	交工
0,二	原告	被告	当事人	共	签订	三	份	建设	工程	施工	合同	应	份	合同	准	原告	延期	交工	原告	施工	期间	失火	延期	交工
0,争议	竣工	日期	应	份	合同	准	反诉	原告	应	第一	份	机打	建设	工程	施工	合同	约定	竣工	日期	2013年	9月	30日	准	反诉	被告	2015年	7月	31日	才	工程	交付	延期	交工
0,反诉	被告	应	份	复印件	建设	工程	施工	合同	约定	计划	竣工	日期	2014年	11年	20日	准	工程	已	2014年	8月	竣工	交付	同年	10月	31日	验收	合格	工程	未	延期	交付
0,原告	延期	交工	原告	施工	期间	失火	延期	交工
0,竣工	验收	报告	显示	竣工	日期	应	2014年	10月	31日	第三	份	备案	合同	约定	竣工	日期	2014年	11年	20日	原告	并未	延期	交工
0,同理	汇源	大酒店	发生	火灾	时间	2014年	4月	28日	亦	未	延期	交工
0,被告	称	原告	2015年	7月	31日	才	施工	完毕	交付	反诉	原告	延期	交付	22	月	反诉	原告	经济	损失	亦	无	证据	予以	证明
1,发包人	只	欠付	工程	价款	内	施工人	承担	责任	人民法院	中华人民共和国	民事	诉讼法	解释	第五十四	条
1,人民法院	审理	建设	工程	合同	纠纷	案件	法律	解释	第十七	条	当事人	欠付	工程	价款	利息	计付	标准	约定	约定
0,3	期	工程	工程	质量	保证金	工程款	工程	质量	保证金	逾期	违约金
1,余款	扣除	质量	保修金	5%	后	招标人	工程	造价	审计	后	支付	逾期	支付	工程款	支付	利息	外	超	承担	合同	总价	0.1%	违约金	违约金	约定	高	应	减少	24%	年
0,保修金	工程	结算款	应	24%	年逾期	支付	保修金	违约金
1,逾期	支付	工程款	支付	利息	外	超	承担	合同	总价	0.1%	违约金
1,本案	建设	工程	合同	承包人	工程	建设	发包人	支付	价款	合同	案涉	施工	合同	合法	情形	下	合同	中	约定	逾期	付款	违约金	约定	逾期	付款	利息	发包人	益宁	公司	未	约	支付	工程款	博源	公司	逾期	付款	利息	违约金	应	法律	合同	约定	予以	支持	利息	违约金	不	超过	年利率	24%
1,3	二期	工程款	逾期	支付	利息	损失
1,利息	计算	标准	人民法院	审理	建设	工程	施工	合同	纠纷	案件	法律	解释	条	建设	工程	施工	合同	无效	建设	工程	竣工	验收	合格	承包人	请求	参照	合同	约定	支付	工程	价款	应	予	支持	博源	公司	参照	2013年	1月	23日	建设	工程施工	合同	工程	价款	亦	参照	2013年	1月	23日	建设	工程施工	合同	工程款	支付	时间	约定	益宁	公司	延迟	支付	工程款	情况	客观	上	博源	公司	损失	博源	公司	利息	本质	上	属	损失	约定	利息	条款	无效	参照	人民法院	审理	建设	工程	施工	合同	纠纷	案件	法律	解释	第十七	条	当事人	欠付	工程	价款	利息	计付	标准	约定	约定
1,益宁	公司	逾期	结算	逾期	付款	本案	诉讼	原告	博源	公司	为此	保险	公司	交纳	诉讼	保全	担保	保险费	系	原告	博源	公司	支出	费用	属	原告	博源	公司	损失	应	过错	方益宁	公司	承担
1,发包人	未	约定	支付	价款	承包人	催告	发包人	期限	内	支付	价款
1,发包人	逾期	不	支付	建设	工程	性质	不宜	折价	拍卖	承包人	发包人	协议	工程	折价	申请	人民法院	工程	依法	拍卖
1,本案	中	案涉	施工	合同	无效	案涉	工程	竣工	交付	工程	质量	合格	发包人	益宁	公司	欠付	工程款	承包人	博源	公司	享有	工程	价款	优先	受偿权
1,承包人	逾期	支付	建设	工程	价款	利息	违约金	损害	赔偿金	优先	受偿	人民法院	不予	支持
1,原告	博源	公司	依法	享有	工程	价款	优先	受偿权	仅	限于	益宁	公司	欠付	工程款	164	384	040.06	元
0,进度	款	逾期	支付	违约金
0,故对	原告	被告	承担	进度	款	逾期	支付	违约金	诉讼	请求	本院	不予	支持
0,龙门吊	脚手架	闲置费	本院	不	误工	延期	损失	范畴	不	工程	造价	鉴定
0,本院	违约	延期	损失	内	评述
0,三	本案	施工	延期	延期	损失	承担
1,龙门吊	脚手架	闲置费	本院	参考	湖北	边际	咨询	有限	责任	公司	出具	意见	认定	损失	1119027.66	元	容福	公司	只	1069906.94	元	本院	认定	损失	1069906.94	元	支付	本案	立案	日	2016年	4月	5日	计算	逾期	支付	工程款	利息	1069906.94	元	本金	同期	商业	银行	贷款	利率	2016年	4月	5日	计算	本金	付清	日
0,误工	延期	责任	嘉盛	公司	嘉盛	公司	容福	公司	支付	工期	逾期	违约金	1000万	元	本院	不予	支持
1,综上	被告	欠付	工程款	1850932.66	元	85958960	元	－20672156.48	元	12956235.88	元	459965	元	－44002542.78	元	6017127.2	元
1,涉案	工程	2017年	4月	27日	竣工	验收	合格	尚未	质保	期	合同	约定	质保金	工程	总	价款	5%	4297948	元	85958960	0.05	被告	欠付	工程款	尚	质保金	数额	被告	不	欠	原告	工程款
1,发包人	只	欠付	工程	价款	内	施工人	承担	责任
1,签订	装修	工程施工	合同	合同	工程	预算	暂	估价	5000000	元	故现	证据	证明	海伟	公司	欠付	中林	公司	工程款	金陵	公司	应	承担	举证	不利	后果	本院	不	海伟	公司	欠付	工程款	事实
1,第五	原告	利息	人民法院	审理	建设	工程	施工	合同	纠纷	案件	法律	解释	第十八	条	欠付	工程	价款	利息	起算	时间	应	系	工程	时间	2014年	12月	31日
1,人民法院	审理	建设	工程	施工	合同	纠纷	案件	法律	解释	十七	条	当事人	欠付	工程	价款	利息	计付	标准	约定	约定
1,石门	城建	房产	公司	应	邓文年	支付	工程款	利息	应	邓文年	返还	工程	履约	保证金	支付	利息	应	邓文年	支付	工程	逾期	损失
1,邓文年	石门	城建	房产	公司	支付	工程	欠款	利息	逾期	拨款	利息	1257199	元	请求	查明	案件	情况	本案	涉	工程	2013年	5月	23日	验收	合格	邓文年	2013年	5月	28日	石门	城建	房产	公司	递交	竣工	决算	资料	还	2013年	6月	3日	递交	竣工	技术	资料	施工	资料
1,人民法院	审理	建设	工程	施工	合同	纠纷	案件	法律	解释	第十八	条	相关	石门	城建	房产	公司	应	中国	人民	银行	同期	同类	贷款	利率	应付	工程款	日	2013年	9月	28日	邓文年	支付	欠付	工程款	3373141.35	元	利息	付清	日止
1,石门	城建	房产	公司	已	合同	约定	邓文年	支付	工程	进度	款	14231580	元	邓文年	未	提供	合法	证据	证明	石门	城建	房产	公司	逾期	拨款	邓文年	利息	损失	邓文年	石门	城建	房产	公司	支付	逾期	拨款	利息	请求	不	成立	本院	不予	支持
0,石门	城建	房产	公司	未	按时	返还	邓文年	缴纳	履约	保证金	邓文年	带来	资金	占用	损失	公平	原则	角度	出发	本院	石门	城建	房产	公司	应	中国	人民	银行	同期	同类	贷款	利率	应	退还	履约	保证金	日	2013年	5月	23日	邓文年	支付	700000	元	利息	付清	日止
0,邓文年	石门	城建	房产	公司	支付	工程	逾期	损失	482620	元	请求	本案	诉讼	中	邓文年	仅	提供	份	制作	情况	拟	证明	石门	城建	房产	公司	原因	导致	工程	延误	邓文年	相关	损失	未	提供	合法	证据	证实	石门	城建	房产	公司	不予	认可	举证	原则	邓文年	该项	请求	事实	依据	本院	不予	支持
1,发包人	只	欠付	工程	价款	内	施工人	承担	责任
1,发包人	融通	公司	仍	应	欠付	工程款	内	施工人	蒋大平	承担	付	责任
1,现实	情况	还	在于	融通	公司	尚未	案涉	工程	质保金	交付	执行	质保金	种类物	金钱	货币	尚未	交付	安泰	公司	案	债权人	申请	执行	标的	质保金	所有权	仍	融通	公司	仍	融通	公司	案涉	工程	欠付	工程款
1,前述	分析	发包人	融通	仍	欠付	工程款	施工人	蒋大平	承担	责任
0,还	约定	后续	施工	单位	选任	成就	选	单位	法律	后果	异地	办	承担	被告	不	按时	支付	补偿费	承担	违约	赔偿	责任	条款	足以	认定	各方	真实	解除	协议	不	违反	法律	强制性	依法	认定	合法
0,中心	医院	延期	盖章	不	影响	合同	成立
1,本案	中	原	被告	建设	工程施工	合同	中	欠付	工程款	计息	约定	商丘市	宏昌	置业	有限公司	股东	王龙亮	2013年	11月	2日	原告	出具	欠条	中	约定	利息	人民	法院	审理	建设	工程	施工	合同	纠纷	案件	法律	解释	第十七	条
1,当事人	欠付	工程	价款	利息	计付	标准	约定	约定
0,欠条	中	约定	还款	期限	被告	约定	还款	期限	归还	工程款	属	违约	应	承担	违约	责任
0,证明	工期	延期
0,证明	开工	日期	4月	1日	证明	甲方	外围	工程	2014年	9月	6日	10月	5日	之间	甲方	外委	工程	按时	工期	延误	被告	应	承担	责任
0,25	6	7	9	楼	延期	开工	加大	施工	投入	后	先期	开工	七	栋	楼	同步	工期	证明	附	两	页	施工	日志
0,原告	加大	投入	追赶	工期	使	延期	开工	3	栋	楼	7	栋	楼	同步	2014年	8月	12日	10	栋	楼	封顶
0,26	丽景	家园	工程	项目	延期	证明	附	36	页	施工	日志
0,quot	发包人	未	约定	时间	提供	原材料	设备	场地	资金	技术	资料	承包人	顺延	工程	日期	权	赔偿	停工	窝工	损失
0,6	7	9	楼	延期	开工	加大	施工	投入	后	先期	开工	七	栋	楼	同步	工期	证明	附	两	页	施工	日志	证明
0,原告	加大	投入	追赶	工期	使	延期	开工	3	栋	楼	7	栋	楼	同步	2014年	8月	12日	10	栋	楼	封顶
0,quot	工程	竣工	结算	合同	工期	准	施工	工期	合同	工期	提前	延后	发	承包	应	合同	约定	奖惩	办法	执行
1,建设	工程施工	协议书	第16	条款	约定	甲方	无	理由	二	不	按时	支付	工程	进度	款	甲方	不	履行	协议	义务	不	协议	约定	履行	义务	情形	甲方	承担	违约	赔偿	责任
0,房屋	建筑	工程	报告书	记载	日期	2015年	10月	5日	原告	延期	交工	应	支付	被告	违约金	应	决算	时	扣除
0,综上	原告	故意	提供	竣工	验收	技术	档案	资料	不	合格证	商品房	买	受	人	办理	房照
1,三	合浦昌林	房地产	公司	欠付	工程款	欠付	数额	应否	支付	欠付	工程款	利息	利息	应	计算
0,四	合浦昌林	房地产	公司	反诉	广西	廉凯	公司	扣除	质量	保修金	支付	逾期	交工	违约金	审核费	事实	法律	依据
1,焦点三	合浦	昌林	房地产	公司	欠付	工程款	欠付	数额	应否	支付	欠付	工程款	利息	利息	应	计算
1,人民法院	审理	建设	工程	施工	合同	纠纷	案件	法律	解释	第十七	条	当事人	欠付	工程	价款	利息	计付	标准	约定	约定	约定	中国	人民	银行	发布	同期	同类	贷款	利率	计息	合浦	昌林	房地产	公司	未	按期	广西	廉凯	公司	支付	工程	价款	应	支付	逾期	付款	利息
1,当事人	签订	前述	案涉	合同	属	无效	合同	合同	中	逾期	付款	利息	计付	标准	亦	无效	应	视为	欠付	工程	价款	利息	付	标准	约定	参照	司法	解释	合浦	昌林	房地产	公司	应	中国	人民	银行	发布	同期	同类	贷款	基准	利率	计付	利息
1,逾期	付款	利息	起算	时间	人民法院	审理	建设	工程	施工	合同	纠纷	案件	法律	解释	第十八	条	利息	应付	工程	价款	日	计付
1,当事人	付款	时间	约定	约定	不	明	时间	视为	应付款	时间	建设	工程	已	交付	交付	日	二	建设	工程	交付	提交	竣工	结算	文件	日	三	建设	工程	未	交付	工程	价款	未	结算	当事人	起诉	日	本案	中	广西	廉凯	公司	未	举证	证明	讼争	工程	交付	交付	合浦	昌林	房地产	公司	2018年	3月	24日	合浦	昌林	房地产	公司	广西	廉凯	公司	签订	前述	协议书	约定	广西	廉凯	公司	出具	结算	书	交给	合浦	昌林	房地产	公司	参照	司法	解释	逾期	付款	利息	应	2018年	3月	24日	算
0,焦点四	合浦	昌林	房地产	公司	扣除	案涉	质量	保修金	支付	逾期	交工	违约金	审核费	事实	法律	依据
0,五	年	保修	期满	后	合浦	昌林	房地产	公司	保修期	满	十五	日	内	广西	廉凯	公司	退回	20%	质量	保修金	219699.14	元	合浦	昌林	房地产	公司	未	按期	退回	广西	廉凯	公司	质量	保修金	案	起诉
1,二	逾期	交工	违约金	本院	前述	当事人	签订	案涉	合同	属	无效	合同	合同	中	支付	逾期	交工	违约金	亦	无效	合同	无效	合浦	昌林	房地产	公司	过错	履行	合同	看	亦	合浦	昌林	房地产	公司	未	支付	工程款	导致	案涉	工程	延期	合浦	昌林	房地产	公司	缔约	履行	过程	中	均	过错	合浦	昌林	房地产	公司	广西	廉凯	公司	支付	逾期	交工	违约金	无	事实	法律	依据	本院	不予	支持
0,综合	2	份	通知	载明	内容	不	证明	被告	B	C	区块	逾期	验收	事实
0,本院	原告	提供	证据	证明	D	区块	验收	期限	证据	4	不	证明	D	区块	逾期	验收	事实
0,挡土墙	施工	延期	导致	被告	施工	情形
0,广丰	建设	新建	水泥	不	符合	合同	约定	诚信	特别	D	区	通电	报告	广丰	建设	期限	内	仍	未能	已	逾期	22日	为止	D	区	尚未	通电	违约	广丰	建设	名誉	经济	影响	新建	水泥	已	不	具备	履行	合同	条件	能力
0,3	接函	日	3	日	内	退还	广丰	建设	已	付	工程款	1694000	元	广丰	建设	承担	新建	水泥	逾期	提供	验收	违约金	赔偿	损失
0,D	区块	逾期	利息	除原	被告	承诺书	形式	付款	时间	外	2009年	7月	1日	建设	工程施工	合同	计	付	利息	原告	2009年	7月	6日	计	付	利息	原告	诉讼	权利	合法	处分	D	区块	逾期	利息	除原	被告	承诺书	形式	付款	时间	外	2009年	7月	6日	计算
1,被告	2009年	4月	16日	原告	送达	B	C	区块	决算书	建设	工程施工	合同	约定	原告	最	迟	应	2009年	6月	16日	被告	支付	A	B	C	区块	单	工程款	原告	逾期	未	付	应	建设	工程施工	合同	约定	支付	逾期	利息
1,D	区块	单	工程款	被告	2009年	7月	6日	原告	送达	D	区块	决算书	原告	应	2009年	9月	6日	被告	支付	D	区块	决算书	工程款	原告	逾期	未	付	应	建设	工程施工	合同	约定	支付	逾期	利息
1,被告	原告	支付	2009年	1月	10日	2009年	10月	17日	止	逾期	付款	利息	核算	2009年	1月	10日	2009年	5月	19日	止	原告	应	支付	被告	逾期	付款	利息	477400	元	被告	原告	支付	2009年	1月	10日	2009年	10月	17日	止	逾期	利息	437101	元	理由	正当	本院	予以	支持	利息	视为	被告	自愿	放弃
1,原告	逾期	付款	利息	2009年	10月	17日	工程款	本金	3887169	元	本院	原告	未	支付	工程款	3886551	元	计算	逾期	付款	利息	工程款	不	含	E	区块	工程款	911478	元	2009年	10月	17日	原告	逾期	支付	工程款	2975073	元
1,条	参照	合同	约定	支付	工程	价款	指	参照	合同	工程款	计价	方法	计价	标准	约定	计取	工程	价款	不	包括	合同	约定	工程款	支付	时间	逾期	付款	违约金
1,被告	中	冶	东北	公司	提供	结算	单	发票	支票	存根	银行	客户	通知单	专用	回单	付款	凭证	用以	证实	公司	被告	东兴	公司	履行	付款	义务	工程	价款	支付	完毕	原告	金泰	盛达	公司	不予	认同	提供	证据	证明	中冶	东北	公司	尚	欠	东兴	公司	工程	价款	不	针对	中冶	东北	公司	东兴	公司	之间	案涉	工程	价款	付	情况	司法	审计	金泰	盛达	公司	中冶	东北	公司	被告	十七冶	集团	浑南	新城	管委会	大学城	管委会	欠付	工程	价款	内	承担	付	责任	诉求	缺乏	事实	法律	依据	本院	不予	支持
1,被告	东兴	公司	迟延	履行	付款	义务	2018年	2月	13日	中国	人民	银行	同期	贷款	利率	计算	原告	金泰	盛达	公司	支付	逾期	付款	利息
1,原告	诉请	被告	合同	约定	月利率	2%	计算	生效	判决	日	止	逾期	付款	利息	本案	诉讼	前	工程款	争议	原告	不	举证	被告	进度	欠	付	工程	进度	款	数额	人民法院	民事	诉讼	证据	若干	条	当事人	提出	诉讼	请求	依据	事实	反驳	对方	诉讼	请求	依据	事实	责任	提供	证据	证明
1,证据	证据	不足以	证明	当事人	事实	负有	举证	责任	当事人	承担	不利	后果	原告	应对	分段	计算	逾期	支付	工程	进度	款	利息	承担	举证	后果
1,再	如前所述	建设	工程施工	合同	补充协议	无效	合同	合同	中	约定	逾期	支付	工程款	利息	约定	本院	不予	采信
1,…	…	三	建设	工程	未	交付	工程	价款	未	结算	当事人	起诉	日	人民法院	审理	建设	工程	施工	合同	纠纷	案件	法律	解释	第十七	条	当事人	欠付	工程	价款	利息	计付	标准	约定	约定
1,约定	中国	人民	银行	发布	同期	同类	贷款	利率	计息	被告	欠付	工程款	15131820	元	2013年	4月	8日	判决	支付	日止	中国	人民	银行	发布	同期	同类	贷款	基准	利率	计算	利息	本院	予以	支持	超出	本院	不予	支持
1,原告	诉请	28860744	元	工程款	诉争	工程	折价	拍卖	所得	价款	优先	受偿	中华人民共和国	合同法	第二百八十六	条	发包人	未	约定	支付	价款	承包人	催告	发包人	期限	内	支付	价款
1,发包人	逾期	不	支付	建设	工程	性质	不宜	折价	拍卖	承包人	发包人	协议	工程	折价	申请	人民法院	工程	依法	拍卖
1,建设	工程	价款	工程	折价	拍卖	价款	优先	受偿	原告	诉求	被告	欠付	工程款	15131820	元	内	本院	予以	支持
1,2	文峰	公司	欠付	工程款	欠付	工程款	数额	义银	公司	利息	应否	予以	支持
1,3	义银	公司	欠付	工程款	内	享有	优先	受偿权
0,欠付	工程款	利息
0,文峰	公司	已	提起	反诉	义银	公司	逾期	交房	承担	违约	责任
1,人民法院	审理	建设	工程	施工	合同	纠纷	案件	法律	解释	第十八	条	利息	应付	工程	价款	日	计	付	文峰	公司	应	2017年	元月	15日	中国	人民	银行	发布	同期	同类	贷款	利率	欠付	工程款	支付	利息
1,2016年	6月	21日	防水	质保金	外	均	应	支付	2016年	6月	21日	文峰	公司	应	支付	11941816.71	元	1	5	%	4.88%	11913156.35	元	尚	欠	11913156.35	元	6837500	元	5075656.35	元	文峰	公司	应	2016年	6月	21日	中国	人民	银行	发布	同期	同类	贷款	利率	欠付	工程款	支付	利息
1,欠付	工程款	文峰	公司	应付	工程款	日	2016年	8月	21日	中国	人民	银行	发布	同期	同类	贷款	利率	支付	利息
1,综	上	义银	公司	文峰	公司	给付	工程款	逾期	利息	诉讼	请求	成立	本院	予以	采纳
1,中华人民共和国	合同法	第二百八十六	条	发包人	未	约定	支付	价款	承包人	催告	发包人	期限	内	支付	价款
1,发包人	逾期	不	支付	建设	工程	性质	不宜	折价	拍卖	承包人	发包人	协议	工程	折价	申请	人民法院	工程	依法	拍卖
1,义银	公司	工程	欠款	利息	优先	受偿权	诉讼	请求	人民法院	审理	建设	工程	施工	合同	纠纷	案件	法律	解释	二	第二十一	条	款	承包人	逾期	支付	建设	工程	价款	利息	违约金	损害	赔偿金	优先	受偿	人民法院	不予	支持	本院	不予	采纳
0,违约	责任	文峰	公司	义银	公司	应	合同	约定	支付	违约金	承担	文峰	公司	逾期	交房	购房户	支付	违约金	后者	赔偿	工期	延误	损失
0,文峰	公司	提供	装修	图纸	未	审图	责令	暂停	10	楼	施工	工期	延误	应	承担	责任	工程	完工	后	装饰	装修	工程	原图	审	设计图	不符	擅自	增加	装饰	装修	项目	质监站	验收	备案	逾期	交房	应	承担	责任
1,文峰	公司	应	支付	义银	公司	10	楼	商业	综合体	工程款	7248985.7	元	2017年	元月	15日	中国	人民	银行	发布	同期	同类	贷款	利率	欠付	工程款	支付	利息	义银	公司	文峰	公司	欠付	工程款	内	涉案	工程	折价	拍卖	价款	享有	优先	受偿权
1,文峰	公司	应	支付	义银	公司	东侧	地下	空间	利用	工程	工程款	5075656.35	元	2016年	6月	21日	中国	人民	银行	发布	同期	同类	贷款	利率	欠付	工程款	支付	利息	义银	公司	文峰	公司	欠付	工程款	内	涉案	工程	折价	拍卖	价款	享有	优先	受偿权
1,文峰	公司	应	支付	义银	公司	菱湖	风景区	管理	中心	工程款	289891.16	元	中国	人民	银行	发布	同期	同类	贷款	利率	欠付	工程款	支付	利息	2014年	6月	21日	2016年	8月	20日	止	185737.1	元	计算	利息	2016年	8月	21日	289891.16	元	计算	利息
0,然鑫马	公司	工程	延期	额外	支付	借款	利息	损失	54626181.50	元	举	证据	均	银行	往来	凭证	不	证明	往来	款项	均	借款	用于	涉案	工程	未	提供	借款	合同	偿还	借款	支付	利息	事实	证明	材料	本案	中	举	证据	不足以	证实	损失	发生	数额	鑫马	公司	反诉	不	予	支持
1,工程	价款	本案	诉讼	中	才	大经	公司	欠付	工程款	利息	本院	本案	起诉	日	中国	人民	银行	同期	同类	贷款	利率	标准	计算
0,2008年	11月	13日	被告	原	施工	单位	郑州	东风	建筑	工程	有限公司	施工	交接	后	进场	施工	施工	过程	中	原告	土建	安装	设计	变更	分包	单位	施工	延误	原告	供应	钢材	不	多种	原因	致使	被告	2010年	8月	才	工程	移交	原告	原告	即将	房屋	交付	业主
1,5	诉状	提到	延误	工期	并非	被告	原因	原告	拖欠	工程款	图纸	设计	变更	供应	主材	钢筋	水泥	延迟	原告	认质	认价	不
1,被告	第四	项	反诉	请求	本院	法律	当事人	欠付	工程	价款	利息	计付	标准	约定	约定	约定	中国	人民	银行	发布	同期	同类	贷款	利率	计息
1,2	1	2	2A	期	工程	造价	151925031.55	元	含	工程	保修金	7596251.58	元	卉森	公司	仅	支付	进度	款	182552338.75	元	工程	保修金	质保	期满	后	约	支付	外	尚	欠	富丽	公司	工程款	95382696.59	元	玖	仟	伍佰叁	拾	捌万	贰仟	陆佰玖	拾	陆元	伍角玖	富丽	公司	催收	无果	富丽	公司	卉森	公司	逾期	支付	工程	款项	公司	资金	短缺	经营	发生	困难	无力	承担	全额	诉讼	费用	唯能	先行主张	合同	价款
0,4	判	令	富丽	公司	赔偿	项目	逾期	办理	重庆市	建设	工程	竣工	验收	备案	登记证	延期	买	受	人	交房	反诉	原告	卉森	公司	损失	人民币	74.23万	元	1	4	项	总计	人民币	2859.58万	元
0,9	判	令	富丽	公司	承担	未	编制	提交	施工	组织	设计	违约金	人民币	47万	元	延期	一日	罚款	500	元	延误	天数	两	份	合同	暂定	总工期	计算
0,10	判	令	富丽	公司	承担	延期	办理	竣工	备案	整	导致	申请人	延期	购房	业主	交房	免除	购房	业主	物业费	损失	暂	定	人民币	40万	元
0,6	富丽	公司	一再	延误	工期	逾期	竣工	导致	项目	逾期	办理	重庆市	建设	工程	竣工	验收	备案	登记证	延期	交房	致使	业主	索赔	业主	索赔	尚未	解决	卉森	公司	保留	富丽	公司	追偿	权利	卉森	公司	经济	损失	74.23万	元
1,4	拖欠	农民工	工资	原因	卉森	公司	未	按时	支付	富丽	公司	工程	进度	款	未	社会	影响	第七	项	反诉	请求	不	成立
1,5	逾期	办理	竣工	验收	登记证	卉森	公司	拖欠	设计院	费用	随意	技术	变更	设	变更	计	导致	逾期	办理	责任	卉森	公司	反诉	请求	第四	项	第十	项	不	成立
0,1	1	2	1	2	2a	保障	1130	交	房	节点	总包	分包	单位	倒排	计划表	两	份	6月	24日	版	8月	25日	调整	版	工作	联系单	共计	12	份	罚款	单22	份	秀湖	鹭岛	1	1	2	1	2	2a	节点	工期	延期	罚款	汇总表
0,关联性	不予	认可	原	施工	单位	遗留	已	签	合同	前	不	延期	理由
0,需	确认	延误	工期	承包人	应	书面	形式	三	日	内	提出	报告	再	发包人	确认	逾期	不	提出	视为	放弃
0,2016年	8月	2日	告知	9	10	11	楼	楼板	天棚	基层	延期	3	天
0,9	10	11	楼	电梯	井道	隔音墙	延期	3	天
0,地下	车库	花窗	延期	3	天	月	8日	告知	12	楼	外	墙	漆	延期	9	天
0,13	15	楼	外墙	保温	延期	8	天
0,16	楼	楼梯	地坪	延期	3	天
0,17	楼	15	层	外墙	保温	延期	3	天
0,同年	8月	10日	告知	16	楼	外墙	保温	延期	3	天
0,18	楼	15	层	屋面	脚手架	拆除	延期	6	天
0,18	楼	天沟	延期	18	天
0,同年	8月	15日	告知	12	楼	楼梯间	刮白	延期	5	天
0,12	13	15	16	楼	防火门	防盗门	延期	5	天
0,18	楼	吊篮	安装	延期	6	天
0,18	楼	楼梯	地坪	延期	5	天
0,同年	8月	22日	告知	12	楼	厨卫	防水	延期	5	天
0,13	15	16	楼	楼梯间	刮白	延期	7	天
0,13	15	16	楼	厨卫	防水	延期	7	天
0,同年	8月	24日	告知	33	楼收边	收口	楼层	内	清洁	延期	4	天
0,同年	9月	7日	告知	3	32	楼塔机	拆除	延期	2	天
0,18	楼	15	层	屋面	外	墙	漆	延期	7	天
0,12	楼吊	二	层	电梯	集	水坑	延期	2	天
0,17	楼	吊篮	安装	延期	2	天
0,3	27	楼	外	墙	文化	砖	延期	2	天
0,同年	9月	9日	告知	9	10	11	楼	楼	层	楼梯	管道	洞口	吊洞	延期	4	天
0,同日	告知	12	楼	外	墙	漆	延期	4	天
0,同年	9月	12日	告知	12	楼	外架	拆除	延期	2	天
0,吊	二	层	电梯	集	水坑	延期	7	天
0,15	楼	外墙	保温	延期	2	天
0,13	15	楼	电梯	地坪	延期	2	天
0,3	32	楼塔机	拆除	延期	7	天
0,同年	9月	13日	告知	9	10	11	楼梯间	刮白	延期	3	天
0,1	1	期	大	地下	天下室	车库	洞孔	墙面	修补	延期	3	天
0,同年	9月	18日	告知	9	10	11	楼	剩余	外	墙	墙面	延期	3	天
0,电梯	井道	隔音墙	延期	3	天
0,同年	9月	23日	告知	12	楼	外架	拆除	延期	13	天
0,12	楼	厨卫	防水	延期	3	天
0,13	楼	外	墙	漆	延期	8	天
0,13	15	楼	楼梯	地坪	延期	13	天
0,17	楼	外墙	保温	延期	3	天
0,16	楼	商业	屋面	延期	8	天
0,17	楼	楼梯	地坪	延期	3	天
0,17	楼	商业	屋面	延期	3	天
0,18	楼	吊篮	安装	延期	8	天
0,18	楼公区	移交	延期	8	天
0,3	27	楼	外墙	涂料	延期	3	天
0,3	27	~	3	32	楼	厨卫	防水	延期	3	天
0,地下	车库	地坪	延期	3	天	9	楼塔机	拆除	延期	8	天
0,3	32	楼塔机	拆除	延期	18	天
0,同年	9月	30日	告知	12	楼	厨卫	防水	延期	10	天
0,13	楼	外	墙	漆	延期	15	天
0,15	楼	外	墙	漆	延期	5	天
0,13	15	楼	楼梯间	刮白	延期	5	天
0,13	楼	商业	剩余	主体	结构	延期	5	天
0,16	楼	楼梯间	刮白	延期	5	天
0,3	27	楼	外架	拆除	延期	5	天
0,同年	10月	9日	告知	13	15	楼	吊篮	拆除	延期	9	天
0,16	楼	外	墙	漆	延期	9	天
0,13	楼	商业	剩余	主体	结构	延期	14	天
0,16	楼	楼梯间	刮白	延期	14	天
0,3	27	楼	外架	拆除	延期	14	天
0,16	楼	吊篮	拆除	延期	4	天
0,同年	10月	24日	告知	12	13	15	楼分户	验收	延期	24	天
0,13	15	楼	吊篮	拆除	延期	24	天
0,16	楼	外	墙	漆	延期	24	天
0,17	楼分户	验收	延期	9	天
0,18	楼	15	层	外墙	保温	延期	24	天
0,18	楼	16	层	外	墙	漆	延期	9	天
0,同年	11月	4日	告知	13	15	16	楼	楼板	天棚	基层	延期	25	天
0,17	楼	楼板	天棚	基层	延期	30	天
0,18	楼	吊篮	拆除	延期	13	天
0,18	楼	楼板	天棚	基层	延期	20	天
1,卉森	公司	房价	上涨	巨额	利润	前提	下	不	合作	共	赢	角度	支持	我司	反而	违背	诚实	信用	原则	不	履行	按时	足额	支付	工程款	义务
1,本案	查明	卉森	公司	富丽	公司	通知	工程	已	延期	通知	工程	整改	工程	交	案外人	履行	扣除	工程款	质量	交付	迟延	赔偿	案外人	前期	工程	案外人	施工	设计	更改	基础	资料	交付	迟延	赔偿案	外人	质量	原因	未	富丽	公司	确认	工程	进度	款	支付	迟延	情形	本院	诉辩	本案	诉讼	中	证据	对抗	认定	卉森	公司	富丽	公司	本案	中	违约	证据	富丽	公司	本案	中	承担	违约	责任	诉讼	请求	本院	不予	支持
