0,建设	工程	承包	单位	建设	单位	提交	工程	竣工	验收	报告	时	建设	单位	出具	质量	保修书
0,四	飞翔	公司	收到	工程	结算	未	提出	异议	应视	认可	飞翔	公司	应	支付	拖欠	工程款
0,原	被告	2008年	4月	8日	先行	签订	二	标段	建设	工程	施工	承包	补充	协议书	此后	才	二	标段	招投标	程序	2008年	7月	4日	原告	发送	二	标段	中标	通知书	2008年	7月	20日	才	签订	用于	备案	二	标段	建设	工程施工	合同
0,3	被告	合同	约定	支付	工程	价款	原告	诉讼	请求	法庭	支持
0,依据	当事人	确认	工程	造价	审核	定案表	文件	认定	应付	工程款	350945117.71	元
0,本院	案涉	工程	造价	鉴定	机构
0,原告	诉请	28860744	元	工程款	诉争	工程	折价	拍卖	所得	价款	优先	受偿	中华人民共和国	合同法	第二百八十六	条	发包人	未	约定	支付	价款	承包人	催告	发包人	期限	内	支付	价款
0,被告	大庆	建筑	安装	集团	有限	责任	公司	苏州	分公司	判决	生效	后	十	日	内	支付	原告	邬毅	工程款	人民币	860	616.27	元
0,680000
0,泰诚	公司	本案	中	再次	2015年	10月	1日	2016年	3月	31日	期间	停工	损失	不予	支持
0,17	栋	第13	层
0,工程	主体	封顶	后	7	日	内	返还
0,1	繁宝	公司	支付	延期	交房	违约金	60万	元	上海市	建设	工程	施工	投标	标书	情况	汇总表	第4	条	工程	总	造价	7	009	179	元	每日	万分之二	计算	2012年	4月	8日	算	钱国	木业	公司	车间	二	门卫室	时间	2013年	7月	18日	止
0,6	工程	竣工	验收	后	7	工作日	内	甲方	支付	30万	元	工程款	乙方
0,第一	份	机打	建设	工程	施工	合同	约定	竣工	日期	应	视为	已	调整	原	被告	第一	份	机打	建设	工程	施工	合同	内容	无	异议	证据	自认	规则	本院	予以	确认
0,3	4	5	楼	工程	质量	竣工	验收	结论	均	合格
0,二期	用地	清理费	10万	元	富成	公司	建工	五建	公司	签订	合同	专用	条款	9.1	约定	承包人	交工	前	工完场	清	未	约定	承包方	施工	废料	清离	施工	现场	后	再	运	弃置	地点
0,7	车间	西侧	北	大门	水泥	坡道	门卫室	二	车间	之间	水泥	坡道	钢板	供	铲车	通行
1,第五	被告	提出	工程	质量	拒付	工程款	理由	成立
0,3	不	包括	地面	道路	场地	水泥	地面
1,本案	中原	被告	签订	建设	工程	施工	合同	无效	原告	承建	涉案	工程	主体	鉴定	厂房	跨度	钢柱	长	细	不	成	正比	钢架柱	梁抗压	抗	弯承	载力	未	设计	质量	原告	请求	合同	约定	支付	承建	期间	工程	进度	款	200万	元	事实	法律	依据	本院	不予	支持
0,宣读	份	询问	笔录	略
0,95	181	105.52	元
0,北京	安泰	信	达	消防	工程	有限公司	鸡西	分公司	分	六	次	收到	鸡西市	第一	中学校	支付	210万	元	工程款
0,崔国茂	2015.1	14
0,2	国神华	公司	应否	南通	二建	公司	返还	履约	保证金	支付	利息	违约金
0,申请	支付	金额	85%
0,时间	合同	准
0,原告	支付	各项	税费	不	纳入	工程款	本案	工程款	总价	应	认定	7	185	558.61	元
0,证据	19	原告	证据	真实性	合法性	关联性	无	异议	本院	证明	效力
0,07	08	006	号	道路	钢筋	工程	签证	计量	报	审表	中	道路	面积	现场	面积	大	主	厂房	道路	工程	两	次	施工
0,建设	工程	施工	合同	补充	协议	约定	石门	城建	房产	公司	暂	扣	工程	总	价款	5%	925511.65	元	18510233	元	5%	质量	保修金	保修期	满	年	后	再	一次性	予以	支付	石门	城建	房产	公司	应	邓文年	支付	工程	价款	17584721.35	元	18510233	元	925511.65	元	加上	石门	城建	房产	公司	认可	应	邓文年	支付	地下室	施工	损失	补偿	20000	元	扣除	石门	城建	房产	公司	已	邓文年	支付	工程款	14231580	元	石门	城建	房产	公司	还	应	邓文年	支付	工程款	3373141.35	元	17584721.35	元	20000	元	14231580	元
1,讼争	工程	尚未	竣工	验收	被告	幼儿园	已	占有	讼争	工程	人民	法院	审理	建设	工程	施工	合同	纠纷	案件	法律	解释	第十三	条	建设	工程	未经	竣工	验收	发包人	擅自	后	质量	不	符合	约定	为由	权利	不予	支持	应	认定	被告	认可	建设	工程	质量	合格	自愿	承担	质量	瑕疵
0,审核	代付款	工程	签证	单	均	道隧	公司	五台	工业园	管委会	盖章	确认
0,2014年	7月	3日	建设	工程施工	承包合同	合同	相	对方	系瑞信	公司	吉运	公司	瑞信	公司	吉运	公司	不	认可	挂靠	关系	本院	认定	瑞信	公司	涉案	工程	发包	吉运	公司	吉运	公司	陆坊	小镇	工程	后	工程	分包	原告	原告	不	具备	相关	建设	工程	施工	资质	吉运	公司	原告	之间	系	违法	分包	关系
0,前	款	列	影响	中标	中标	无效	违反	承包人	再次	承包	工程	转包	承包人	具备	建筑	资质
0,20110512
0,被告	欠付	原告	工程款	1284781.83	元
0,quot	当事人	约定	履行	义务
0,工程	停工	后	省建	三	公司	未	工程	移交	鑫红光	公司	省建	三	公司	停工	期间	电费	应	鑫红光	公司	承担	缺乏	事实	依据	本院	不予	支持
0,二	建设	工程	交付	提交	竣工	结算	文件	日
0,查明	2014年	6月	9日	未	办理	施工	许可证	丽景	家园	住宅	小区	项目	施工	单位	鼎晟	公司	罚款	35000	元	7	栋	楼	栋	5000	元
0,7	10	面积	46.53	㎡
0,中华人民共和国	建筑法	第八十三	条	第三	款	抢险	救灾	临时性	房屋	建筑	农民	建	底层	住宅	建筑	活动	不	本法
0,五	本案	请求	评判
0,合同	价款	577.96万	元
0,确保	工程	质量	工期	应	被告	原告	提供	履约	保证金
0,13181498.85	元	基数	月利率	2%	2018年	11月	19日	付清	日止
0,20111225
0,修复	后	建设	工程	竣工	验收	合格	发包人	请求	承包人	承担	修复	费用	应	予	支持
0,典型	通谋	虚伪
0,原告	还	提出	被告	秦治	显	债务	承担	连带	清偿	责任	被告	秦治	显	2016年	5月	24日	三	方	协议	中	自愿	同意	被告	承担	连带	责任	保证	原告	诉讼	请求	予以	支持
0,上海	崎丰纸	制品	厂	扩建	工程	建筑	面积
0,截至	本案	诉讼	日	当事人	50438966	元	已	支付	工程款	无	异议	款项	中	含	桩基	工程款	5838966	元	基坑	支护	工程款	1020000	元	土方	回填	工程款	140000	元
0,综合	原	被告	质证	意见	本院	浙江	韦宁	工程	审价	咨询	有限公司	2011年	4月	7日	出具	九龙	一号	室外	工程	鉴定	报告	含	2011年	11月	4日	出具	补充	报告	认证
0,两	原告	判决	宇元	置业	公司	未	判决	期限	还款	补充	协议	约定	门面	抵偿	工程款	利息	诉讼	请求	本院	不予	支持
0,被告	法院	调取	证据	质证	意见
0,25708561
0,甲方	落款处	加盖	上海	崎丰纸	制品	厂	扩建	工程	项目	专用章	杨钱国	代表人	签字	乙方	落款处	加盖	上海	宝建	集团	繁宝	建筑	工程	有限公司	上海	崎丰纸	制品	厂	扩建	工程	项目	部章	蒋建军	代表人	签字
0,地形	测量	图	关联性	异议
0,认定	承诺书	无效	招标	投标法	规范	目的	招标	投标法	规范	目的	调整	看	承诺书	不	应	违反	招标	投标法	无效
0,案外人	李紫石	李洁	方炳胜	梁福清	转账	共	100万	元	被告	丽贤	公司	2017年	11月	10日	出具	付款	证明书	100万	元	合同	履约金	权利	转让	黄天友
0,庭审	中	原	被告	均	确认	施工人	陈述	材质	准	价格	同意	参照	鉴定	意见书
0,时空	公司	南洋	公司	意见	闽	中	公司	意见
0,涉案	工程	分为	六	项	单独	工程	五台	工业园	管委会	发包人	施工	单位	订立	建设	工程施工	合同	协议书	中	道隧	公司	现金	方式	投资	建设	博州	五台	工业园区	湖北	工业园	基础	设施	工程	项目	建设	投资	建设	BT	方式	道隧	公司	按期	保质保量	项目	施工	工作	项目	整体	质量	负	全	责	五台	工业园	管委会	道隧	公司	支付	投资	本金	回报	约定	道隧	公司	五台	工业园	管委会	之间	应	建设	工程	施工	合同	关系	五台	工业园	管委会	道隧	公司	支付	涉案	工程	款项	道隧	公司	五台	工业园	管委会	报送	工程	结算	资料	情况	道隧	公司	涉案	工程	中	处于	总	承包人	地位
0,被告	付	逾期	付款	利息	付	垫资	利息	依据	两	独立	合同	条款	约定	二者	之间	不	矛盾	约定	不	违反	法律	强制性	原告	请求	付	逾期	付款	利息	请求	应	予	支持
0,2008年	12月	16日	被告	金辉	公司	甲方	原告	乙方	签订	协议书	约定
0,事实	原告	提供	建设	工程	施工	协议	合同	企业	资质	证书	2014	年度	规费	计取	标准	质量	监督	报告书	房屋	建筑	竣工	报告书	房屋	建筑	工程	质量	检查	报告书	房屋	建筑	工程	竣工	验收	报告书	房屋	建筑	工程	质量	评估	报告书	单位	工程	质量	竣工	验收	记录	工程	结算书	结算	书签	收单	施工	进度	横道图	拨款	明细表	建筑	工程	施工	许可证	门窗	监测	报告	施工	日志	2016年	工程	签证	单	结算书	相关	证据	被告	提供	建筑	工程	监理	文件	归档	目录	竣工	资料	结算	通知函	建筑	工程	质量	保证金	收据	情况	预付款	明细	施工	日志	建设	工程	竣工	验收	消防	备案	凭证	照片	相关	证据	监理	部门	监理	日志	证人	吕其波	监理	工程师	冯欣	飞翔	公司	副	总	出庭	证言	合议庭	调取	档案馆	工作	人员	笔录	2016	辽	1481	民初	2074	号	诉讼	保全	相关	材料	民事	裁定书	当事人	诉讼	代理人	庭审	陈述	辩论	意见	佐证	庭审	质证	本院	予以	认定
0,重庆	富丽	建筑	有限公司
0,三	申请人	国盛	公司	申请人	安澜	公司	2013	年	后	施工	××区	填	海	工作	断面	整体	收尾	工程	结算	工程款	支付	2013	年	前	国盛	公司	安澜	公司	实施	前期	填	海	施工	工程	已	结算	工程	尾款	229.5万	元	支付	事宜	国盛	公司	安澜	公司	谈判	协商	诉讼	方式	解决
0,富丽	公司	辩称
0,原告	凤岗	房地产	开发	公司	不	东莞市	建设	工程	施工	合同	签约	主体	亦	确认	东莞市	建设	工程	施工	合同	效力	合同	当事人	自治	原则	广东省	建设	工程	施工	合同	东莞市	建设	工程	施工	合同	均	应	约束力	不	仅仅	未经	备案	否认	东莞市	建设	工程	施工	合同	合同	效力
0,精王	公司	不	未	开具	发票	为由	拒付	工程款
0,建设	工程	价款	优先	受	偿权	法定	权利	合同法	第二百八十六	条	赋予	承包人	项	权利	实质	保护	建筑	工人	利益
0,报告	注明	审核	委托	单位	建设	单位	施工	单位	签证	确认
0,费用	依据	原告	提交	证据	计算
0,本院	涉案	合同	系华宇	广泰	鸿丰	公司	签订	路	新根	投标人	情况	表	上	签字	履行	华宇	广泰	职务	不	本案	被告
0,发包人	承包人	承诺	合同	约定	期限	方式	支付	合同	价款	支付	款项
0,2014年	3月	25日	被告	出具	支付	上海	奉南	建筑	装潢	有限公司	待工	费用	情况	增设	电影	小厅	2012年	10月	1日	10月	23日	期间	通知	原告	暂停	施工	小厅	设计图	后	图	施工
0,1803586.45
0,第六	义银	公司	违约	责任
0,实务	中	挂靠	企业	发包人	权利	判决	发包人	挂靠	企业	支付	工程款	情形	实际上	挂靠	人	挂靠	人	利益	一致性	情况	下	行使	诉权	选择	法院	不	确认	挂靠	情形	情况	下	裁判	选择
0,本案	中	韦景二	矿建	公司	人福	公司	违法	项目	分包	邓伯刚	邓伯刚	非法	转包	罗斌	罗鹃	罗有阳	罗斌	罗鹃	罗有阳	非法	转包	唐顺凤	被告系	层层	分包	关系	被告	应	支付	劳务费	韦景二
0,鉴定	意见	定额	计算	不锈钢	线条	费用	上陵	公司	不	认可	提出	定价	8	元	m	计算	未	见	认可	定价	单	上陵	公司	提出	定价	8	元	m	计算	需	扣	减	209931.48	元	含	税
0,姚安县	大酒店	工程	结算	资料	份	被告	白邑	公司	中茂	公司	无	异议	原告	陈鑫	姚安县	大酒店	工程	结算	资料	被告	东龙	公司	单方	制作	不予	认可
0,F	区	已	浙江	广宏	建设	有限公司	施工
0,2017年	2月	1日	90	000	000	元	工程款	付清	日	止	90	000	000	元	基数	中国	人民	银行	同期	贷款	利率	两	倍	标准	计算	支付
0,2017年	9月	1日	建设	公司	程振国	出具	授权	委托书	内容
0,本院	证据	真实性	予以	采信
0,证据	十二	冠华	公司	张建国	2013年	12月	1日	协议书	份	发票	张	证明	8	号	宿办	楼	被告	遗留	建筑	垃圾	清运	拉	走	4	车	原告	被告	支出	劳务费	2	千	元
0,河北	联合	大学	8	号	宿办	楼	11月	5日	联合	检查	验收	后	需	返工	整改	工程	项目	中	工程	项目	被告	需	返工	整改	被告	拒绝	返工	整改	被告	未	返工	整改	未	干	大	项目	9	项	9	项	原告	找	队伍	被告	返工	整改	9	项	工程	返工	整改	劳务费	材料费	合计	68.6万	元
0,14989561
0,未	本金	604232.24	元	2016年	6月	14日	计算	给付	日	年利率	6%	计算
0,建设	工程	保修期	竣工	验收	合格	日	计算
0,原告	质量	保修金	利息	予以	支持
0,合同	2017年	4月	25日	盖章	确认
0,本案	中	湛新	公司	发包人	尚	95	000	元	工程款	未	支付	湛新	公司	95	000	元	内	原告	承担	责任
1,第三	人民	法院	审理	建设	工程	施工	合同	纠纷	案件	法律	解释	第十三	条	建设	工程	未经	竣工	验收	发包人	擅自	后	质量	不	符合	约定	为由	权利	不予	支持
0,2017年	12月	4日	陕西省	建筑	工程	质量	检测	中心	陕西省	建筑	科学	研究院	接受	大豐	置业	委托	大	豐曲江	真境	1	2	3	4	5	8	号	楼	地下	车库	安全性	鉴定	检测	验收	工作	大豐	置业	支付	检测	验收	技术	服务费	914165	元	大豐	置业	反诉	建工	置业	承担
0,原告	联建	公司	被告	提供	证据	3	异议	相关	照片	第三方	见证	原告	图片	技术	准确	工程	现状
0,第七	原告	任波	被告	上	东	新城	公司	返还	进场	保证金	300000.00	元	李丹	借款	50000.00	元	支持	原告	任波	银行	汇款	向上	东	新城	公司	员工	孙微微	名下	汇	入	300000.00	元	汇款	凭条	中	未	注明	款项	用途	被告	上	东	新城	公司	不	认可	收到	款项	亦	未	原告	任波	出具	手续	该笔	款项	原告	任波	另行	提起	诉讼	权利
0,竣工	验收	合格	日	满	1	年	返还	质保金	40%
0,人民法院	起诉	情形	予以
0,2014年	4月	12	给付	日	止	14	983	758.3	元	基数	年利率	24%	博源	公司	计付	工程	质量	保证金	利息	违约金
0,2017	琼96	民初	39	号	案	一审	诉讼	过程	中	二建	公司	提出	反诉	请求	判	令	海协	公司	承担	本案	支出	律师	服务费	884328	元	利息
0,本院	认定	喀什	华厦	公司	喀什	东方	汇科	公司	履行	合同	应	约定	真实	看
0,169616.05	47
1,综上	涉案	工程	整体	未	竣工	验收	整体	质量	竣工	验收	条件	尚	不	足以	认定	该组	证据	合同	约定	支付	工程	进度	款	已	完	工程量	质量	合格	依据	采信
0,报	工期	120日	历天	报	质量	一次性	100%	验收	合格	外来	用工数	工日	18	000
0,本案	现	已	审理	终结
0,20110430
0,201256.2
0,本院	中华人民共和国	合同法	第二百八十六	条	发包人	未	约定	支付	价款	承包人	催告	发包人	期限	内	支付	价款
0,明鑫	公司	未	约	支付	保证金	停工	损失费	王建军	请求	明鑫	公司	支付	保证金	停工	损失费	支付	王建军	起诉	日	利息	依法	予以	支持
0,三	履行	合同	过程	中	违约	应否	承担	违约	责任
0,蒋大平	安泰	公司	挂靠	关	确实	成立
0,合同	签订	后	三	日历	日	内	支付	合同	总价	80%	余款	工程	完工	后	三	日历	天	内	付清
0,本院	机关	高压旋喷桩	施工	记录	中	施工	单位	监理	单位	现场	代表	签字	无	建设	单位	现场	代表	签字	监理	单位	发包人	建设	单位	委托	负责	工程	监理	工程	监理	资质	等级	证书	单位	监理	单位	施工	记录	上	签字	施工	单位	做	高压旋	喷桩	施工	工程	工程	造价	本院	予以	确认
0,六	已	仲裁	机构	生效	裁决	确认	事实
0,20101206
0,施工	总	承包	建筑	工程	主体	结构	施工	总	承包	单位	自行
1,被告	施工	地面	设计	超高	10	公分	案	中	2015年	承包人	申请	出庭	作证	证人	证实	被告	完	水泥	地面	后	积水	现象	工程	质量	鉴定	显示	车间	内	地面	排水口	高程	高	出	地面	车间	内	地面	处	排水	不	畅	存水	现象
0,20110830
0,监理人	收到	申请	后	14	天	内	报送	发包人	收到	后	30	天	内	审	完	签发	付款	凭证
0,查	铜仁	大酒店	工程	至今	未	复工	金滩	半岛	豪苑	F1F2	栋	工程	群洲	公司	复工	后	2019年	4月	再次	停工	至今	未	约	竣工	违反	合同	约定	群洲	公司	应	约	承担	涉案	工程	停工	损失
0,原告	未	补充	协议	支付	应	补充	协议	约定	支付	利息
0,第十八	条	利息	应付	金额	日	计付
0,扣除	保证金	后	中林	公司	支付	工程款	50000	元	未	付	工程款	共计	1050000	元
0,本案	原告	未	合同	发包方	商丘市	宏昌	置业	有限公司	公司	自然人	股东	李凤亮	陈华	蔡仲举	权利	诉权	处分	符合	法律
0,已	付	金额
0,七	日月鑫	公司	反诉	请求	新	东阳	公司	移交	工程	档案	资料
0,被告	湛新	公司	涉案	工程	发包方	依法	应	欠	付款	内	原告	承担	付款	责任
0,1	原告	联建	公司	被告	万辉	公司	签订	建设	工程施工	合同	应	予以	解除
0,决算	条件	更	不	具备
0,17	栋	第1	层
0,故明鑫	公司	还	应	王建军	支付	工程款	数额	21261967.52	元	36732893.71	元	1290292.81	元	16761219	元
0,17	栋	第1	3	层	内	墙	抹灰
0,金泓	公司	承建	东泓	新居	住宅	小区	项目	工程	竣工	验收	合格	韩艳林	金泓	公司	之间	建设	工程	施工	合同	无效	韩艳林	享有	金泓	公司	支付	工程款	权利
0,建工	集团	并未	离场	时	遗留	材料	材料	内容	价格	本院	提供	证据	予以	证明	本院	占用	材料	租赁费	材料	赔偿款	不	予	支持
0,工程	完工	后	时空	公司	南洋	公司	不	办理	工程	结算	垫付	款项	工程款	不	回
0,更何况	本案	中标	后	未	签订	中标	合同
0,工程	合同款	名义	收取	杨建飞	管理费	28000	元
0,证据	8	不	证明	效力
0,情形	合同	无效
0,金陵	公司	中林	公司	均	认可	涉案	工程	未经	验收	结算	不	建设	工程施工	合同	专用	条款	中	工程款	支付	时间	约定	付款	时间	约定	不明
0,最高院	2008	民	字	第4	号	答复	函	中	指出	财政	部门	财政	投资	评定	审核	国家	建设	单位	资金	监督	管理	不	影响	建设	单位	承建	单位	合同	效力	履行	合同	建设	合同	中	约定	财政	投资	评审	结论	结算	依据	仍	应	合同	约定	结算	条件	结算	条款	法定	造价	审计	部门	鉴定	结论	依据
0,约定	中国	人民	银行	发布	同期	同类	贷款	利率	计息
0,份	证据	真实	合法	本案	相关
0,金泓	公司	未	约	支付	工程款	违约	金泓	公司	违约	引发	本案	诉讼	责任	金泓	公司	方
0,25.4	工程	竣工	结算
0,叁佰万	元	正	姚安	大酒店	工程款	290万	元	大写
0,综上	国都	公司	广西	分公司	应得	工程款
0,中标	应	无效
0,本院	案涉	工程	二	标段	招投标	程序	原	被告	已	工程	工期	质量	价款	结算	办法	施工	合同	内容	协商	约定	原告	中标	无效	招投标	签订	建设	工程施工	合同	归于	无效	之间	工程	价款	结算	应	达成	合意	履行	建设	工程	施工	承包	补充	协议书	准	本院	判决	论理	作	进一步	阐述
0,广恒	房地产	开发	公司	截止	2016年	2月	2日	付给	河南	开宇	建筑	公司	工程款	合计
0,原告	举证	河北省	建设	工程	竣工	验收	报告	竣工	项目	审查	中	载	明
0,涉案	工程	建	好	后	交付	被告	东莞市	观音寺	管理	收益	只	被告	港洲	文化	公司	被告	东莞市	观音寺	涉案	工程	管理	收益	约定	不	就此	认定	被告	东莞市	观音寺	需	涉案	工程	工程款	承担	连带	责任
0,证明	金地	花园	土地	归属	面积
0,承建	方式	包工	不	包料
0,刘德三	本案	中	审核	编制	结论	12162315.52	元	涉案	工程	价款
0,钢筋	调整	项目	合同	47.1	5	约定	钢筋	结算	时	用量	计入	价格	市场	采购价	调整
0,本案	现	已	审理	终结
0,20111002
0,协议	中	进度	款	约定	XX	公司	支付	条件	约定	比例	商品房	预售	款	后	约定	支付	款项	不	超过	数额	进度	款	支付	时间	数额	约定	不	不	本院	难以
0,三	建设	工程	招标	未	招标	中标	无效
0,本院	2012	金义	民初字	第3370	号	民事	判决	确认	签订	涉案	建设	工程	施工	合同	2012年	12月	4日	解除	本院	作出	判决	时间	2013年	11月	11日	送达	时间	2013年	11月	15日	原告	权利	诉讼	时效	期间	至少	应	2013年	11月	15日	算	原告	起诉	未	超过	诉讼	时效	期间
0,查明	大邦	公司	共计	湖南	四	公司	支付	工程款	45415749.06	元	加上	大邦	公司	还	代	湖南	四	公司	支付	长沙市	建筑	工程	监察站	安监费	50830	元	支付	补	晒	蓝图	费用	4007.25	元	湖南	四	公司	应	承担	清扫	宿舍	费用	分摊	56	元	大邦	公司	总计	支付	湖南	四	公司	45470642.31	元
0,本院	建设	工程	施工	合同	47.9款	约定	发包人	办理	付款	手续	时	工程款	汇入	全称	浙江	新	东阳	建设	集团	有限公司	公司	银行	账户	内	补充	协议	第四	7款	约定	牵涉	工程	乙方	款项	甲方	汇	入	乙方	指定	账户	内	视为	未	支付	工程	固定	价	合同	无	争议	付款额	中	小额	付款	事实
0,2015	10	24
0,2	鑫马	公司	2014年	2月	24日	3月	25日	大经	公司	账户	汇款	24.25万	元	20万	元	7万	元	51.25万	元	系	鑫马	公司	支付	大经	公司	涉案	工程款
0,1	被告	签订	建设	工程	施工	合同	时	补充	合同	文本	建设	工程	施工	合同	组成部分	已	知悉	缪泽荣	承包人	身份	被告	特别	授权	委托	代理人	身份	原告	汇	公司	签订	补充	合同	补充	合同一	补充	合同	二
0,4	工程	订单	组	拟	证明	系	争	工程	不	含	税	价格	7	185	558.6	元
0,被告	东龙	公司	2015年	12月	31日	单方	制作	姚安	大酒店	结算	工程	结算价	工程	结算	价款	2383563.86	元
0,施工	过程	中	矛盾	嘉盛	公司	聘请	监理	公司	提前	退场	缘由	施工	方容福	公司	撤出	现场	嘉盛	公司	佐尔美	公司	接管	施工	现场
0,逾期	支付	工程款	超过	30	天	乙方	权	停工
0,监理	能力	证明	2014年	11月份	竣工
0,证据	2017年	9月	16日	置业	公司	发包人	建设	公司	承包人	签订	建设	工程施工	合同
0,证人	证言	大部分	不	真实	矛盾	处
0,通用	条款	44.5	方	依据	44.2	44.3	44.4款	约定	解除	合同	应	书面	形式	对方	发出	解除	合同	通知	发出	通知	前	7	天	告知	对方	通知	到达	对方	时	合同	解除
0,垫付	工程款
0,本院	前	已	论述	案涉	建设	工程施工	合同	2014年	12月	23日	签订	东瑞	金融	中心	〈	建设	工程	施工	合同	补充	协议	均	东瑞	金融	中心	〈	建设	工程	施工	合同	补充	协议	签订	建设	工程施工	合同	系	原有	协议	内容	变更	补充
0,2013年	6月	7日	9日	高考	期间	停止	砼	浇筑	应	顺延	工期	3日	含	增加	工程	在内	商业楼	整体	判断	义银	公司	延误	工期
0,本院	原告	被告	提供	证据	1	证明	第1	2	4	5	点	证明	目的	无	异议	本院	证据	1	证明	被告	第1	2	4	5	点	证明	目的
0,1	电梯	室外	总体	二	次	装修	不	包括	在内	图	施工	2	钢	结构	屋面	暂	定价	470	000万	元	超出	470	000	元	被告	负责
0,9763022.59
0,施工	总	承包	资质	企业	简称	施工	总	承包	企业	承接	施工	总	承包	工程
0,建设	公司	真实性	无	异议
0,2013年	10月	23日	九洲	公司	中城	投	六局	工程	联系单	上	中	城	投	六	局	施工	走道	夹层	工程量	签字	确认
0,合同	签订	工期	暂定	造价	工程	进度	款	约定	情况
0,四	万特	公司	六	安	分公司	应否	万特	公司	款项	支付	赔偿	义务	承担	连带	责任
0,1	410.76
0,第一	用案	涉	房屋	抵	顶	工程款	应否	计入	已	付	工程款	中
0,491038	元	鉴定	结论	8	张	工期	延期	签证	真实性	不	认定	工期	延误	原因	做出	鉴定	本案	中	8	张	工期	延期	签证	证人	唐某	当庭	作证	8	张	工期	延期	签证	事后	补签	唐某	碍于情面	签	字	延期	签证	合同	约定	发包人	被告	指定	接收	人	蔡有德	签字	再	加上	8	张	签证	单	误工	日期	重复	不	符合	逻辑	情形	8	张	签证	单	不	认定	工程	延期	损失	依据
0,监理	单位	建设	单位	档案馆	份
0,工程	补充	协议书	约定	三	车间	隔层	水泥	承台	基础	确	包括	总	价款	中	工程	补充	协议书	条	上下文	内容	三	车间	指	第三	车间	并非	二	三	总共	三	车间	由此	车间	二	新增	承台	费用	门卫	新加	梁	高	费用	不	包括	总	造价	中
0,441	599.41
0,查明	发包方	商丘市	宏昌	置业	有限公司	自然人	股东	李凤亮	王龙亮	陈华	蔡仲举	2011年	11月	2日	成立	房地产	开发	经营	有限	责任	公司
0,34266.66667
0,原告	提供	证据	1	7	被告	证据	真实性	合法性	关联性	无	异议	本院	证明	效力
0,常久	印	赵保明	受	二轻	公司	万合城	公司	委托	代表	二轻	公司	万合城	公司	2012年	1月	15日	签订	承包	协议	工程	做法	明细	合同	加盖	二轻	公司	万合城	公司	公章	证明	合同	真实	内容	合法	本院	予以	确认
0,原告	提交	预	决	算书	已	完	工程	造价	77	770	357.65	元
0,钢筋	砼	主材	价格	浮动	±	8%	给予	调整	调整	价款	仅	计取	税金
0,审理	期间	本院	原告	申请	委托	鉴定	机构	绍兴	明晨	建设	项目	管理	有限公司	涉案	工程	造价	司法	鉴定	鉴定	程序	合法	鉴定	人员	资格	认定	案件	事实	依据
0,2	室内	地坪	清理费	20000	元
0,至今	工程	不	具备	决算	条件
0,承包人	收到	竣工	结算	价款	后	14	天	内	竣工	工程	交付	发包人
0,被告	马玉森	2016年	2月	28日	原告	河南	开宇	建筑	有限公司	签订	工程	结算单	足以	使	原告	河南	开宇	建筑	有限公司	理由	代理权	被告	马玉森	公安	案卷	中	自述	宏晟	大厦	综合楼	负责人
0,5	合同	约定	结算	无	争议	付款	工程	结算	97%
1,缔约	时	过失	导致	合同	履行	过程	中	被告	违反	施工	技术	规范	工程	质量	不	合格	原	被告	第2	号	车间	承建	实际上	基于	第1	号	车间	工程	质量	解除	被告	2013年	第1	号	车间	施工	完毕	2014年	6月	1日	原告	未经	验收	擅自	被告	施工	工程	原	被告	工程	返修	重	做	费用	承担	负有	过错	责任
0,第三	人	金泓	公司	本院	提交	证据
0,土建	水电	装饰
0,转让
0,证明	档案	材料	虚假	档案馆	不	收
0,综上	依据	中华人民共和国	合同法	第六十	条	第一百零七	条	第一百一十四	条	第二百八十一	条	中华人民共和国	民事	诉讼法	第六十四	条	判决
0,14	质量	监督	申请	受理	书	1	10	号	楼	时间	2014年	7月	2日
0,合同	效力
0,人员	现场	派驻	到位	为准
0,35611.41	467
0,3	工商	信息	组	拟	证明	湛新	公司	企业	名称	变更	工商	登记	信息
0,查明	2014年	6月	5日	格瑞汀	公司	新疆	建诚	建筑	安装	工程	有限公司	建诚	奎屯	分公司	杨建飞	潘国彬	诉至	奎屯市	人民法院	格瑞汀	公司	民事	起诉状	中	陈述
0,25932210.66
0,原告	陈鑫	提交	证据
0,包括	3	27	3	28	3	29	3	30	3	31	3	32	楼	架空	车库	包括	9	13	9	15	工程	规模
0,合同	解后后	尚未	履行	终止	履行
0,四	原告	利息	损失	诉讼	请求	应	予	支持
0,原告	签订	协议书	载	明	原告	同意	工程款	中	扣除	管理费	税金	企业	所得税	共计	工程	总	造价	7%	应	扣除	款项	6017127.2	元
0,二	被告	大庆	建筑	安装	集团	有限	责任	公司	苏州	分公司	判决	生效	后	十	日	内	支付	原告	邬毅	违约金	违约金	计算	方式
0,甲方	房屋	不	付齐	工程款	时	甲方	土地	抵付	土地	450	元	㎡	计算
0,审核	代付	经济	签证	单	均	道隧	公司	五台	工业园	管委会	盖章	确认	本院	基于	理由	代付款	822	418.42	元	予以	确认
0,20110830
0,二	喀什	华厦	公司	喀什	东方	汇科	公司	履行	合同	认定
0,建设	工程施工	合同	建设	工程	施工	合同	补充	协议	均	工程	交付	后	鸿丰	公司	华宇	广泰	付	总	工程款	90%	华宇	广泰	配合	原告方	备案	鸿丰	公司	签发	竣工	付款	证书	后	14	天	内	付	总	工程款	95%
0,加快	工作	进度	2015年	11月	2日	鉴定	单位	应	钱国	木业	公司	再次	召集	会商	初稿	异议	情况	钱国	木业	公司	未	当场	初稿	提出	实质性	异议	意见
0,7035000
0,约定	房屋	抵	顶	2013年	1月	23日	建设	工程施工	合同	中	工程	价款
0,被告	九龙	公司	未能	份	支付	工程	尾款	补充	协议	第三	条	第㈥	项	约定	顺通	公司	履行	付款	义务	截止	原告	顺通	公司	2014年	6月	25日	提起	本案	诉讼	日止	九龙	公司	尚	欠	顺通	公司	到期	应付	工程款	63345674.61	元	本院	顺通	公司	起诉	九龙	公司	付	工程款	63345674.61	元	诉讼	请求	予以	支持
0,内容	仍	2013年	8月	22日	剩余	工程	未	承诺	2013年	8月	22日	工程	期限
0,二	原告	被告	当事人	共	签订	三	份	建设	工程	施工	合同	应	份	合同	准	原告	延期	交工	原告	施工	期间	失火	延期	交工
0,案涉	工程	变更	增加	工程量	指定	分包	地下	工程	复杂性	不确定性	情形	本院	酌定	延误	工期	265	天	中	80%	212	天	延误	责任	中色	十二	冶	公司	承担	20%	53	天	延误	责任	万特	公司	承担
0,四	被告	丽贤	公司	应否	支付	工程	前期	施工	费用	人民币	300764.5	元
0,2	1	号	房屋	协议	约定	2007年	10月	16日	施工	2007年	12月	25日	房屋	预售	节点	XX	公司	该房	预售	许可证	日期	2008年	2月	4日	逾期	41	天	事实	XX	公司	提供	申请	许可证	时间
0,第十	被告	上	东	新城	公司	提出	工程	斜坡	屋面	改	彩钢	屋面	应	找	补	差价	因原	被告	约定	固定	价	结算	工程	价款	不	找	补	差价	本院	被告	上	东	新城	公司	该项	不	予	支持
0,20110701
0,工程	名称	综合楼
0,陕西省	建筑	工程	质量	检测	中心	陕西省	建筑	科学	研究院	检测	验收	系	受	大豐	置业	委托	大豐	置业	委托	未经	建工	集团	认可
0,本院	证据	真实性	予以	采信
0,本院	原告	河南	开宇	建筑	有限公司	被告	鄂尔多斯市	广恒	房地产	有限	责任	公司	签订	建设	施工	合同	补充	合同	系	当事人	真实	合法	均	应	遵守	履行
0,合同	原告	傅建高	订立	合同	真实性	确认	合同	弱电	工程	安装	专业	资质	项目	被告方	劳务	承包方	不	具备	弱点	工程	安装	资质	更何况	更	资质	弱点	项目	原	被告	劳务	合同	不	劳务	分包	内容
0,5	质量	保证金
0,证据	二十一	被告	资质	证明	营业执照	组织	机构	代码证	证明	被告	法律	13	资质	被告	只	资质	内	施工
0,2016	2	5
0,三	争议	焦点三	本院	人民法院	建设	工程	价款	优先	受偿权	批复	第四	条	建设	工程	承包人	行使	优先权	期限	六	月	建设	工程	竣工	日	建设	工程	合同	约定	竣工	日	计算
0,发包人	应付	进度	款	0.4‰	承包人	支付	违约金	项	违约金	限额	合同	价款	2%	约定	建工	五建	公司	富成	公司	支付	2016年	12月	16日	尚	欠	工程款	利息	承担	违约	责任	事实	法律	依据	予以	支持	应	合同	约定	标准	计	付	欠付	工程	价款	利息	违约	责任	利息	14	706	001.26	基数	2016年	12月	16日	本案	判决	日止	同期	银行	贷款	利率	计付	违约金	588	2.40	元	14	706	001.26	0.4‰
0,支付	工程款	2756671.75	元	29006671.75	26250000	原告	应	予以	退还
0,10823022.59
0,广丰	建设	2009年	7月	6日	大同	公司	解除	合同	函	收悉	现	复函
0,施工	单位	制定	施工	方案
0,反诉	原告	提供	证据	1	证据	真实	合法	本案	关联	认定	案件	事实	依据
0,7	金地	花园	5	6	回迁	楼	施工	进度	会议纪要	附	进度	表	1	份	11月	27日	金地	花园	回迁	户	回迁	安置	会议纪要	1	份
0,quot	建设	单位	飞翔	公司	盖章	予以	确认
0,原告	被告	延误	工期	建设	工程	施工	劳务	分包	合同	2013年	9月	20日	签定	协议书	时间	内	均	竣工	验收	标准	条件	建设	工程	施工	劳务	分包	合同	第14.3	款	被告	承担	支付	100万	元	违约金	原告	依法	约	承担	履行	返工	整改	义务
0,省	二	建	公司	基建	工程	决算单	系	海协	公司	二建	公司	二建	公司	施工	完毕	后	工程	结算	均	工程	结算书	法律	上	设立	权利	义务	二建	公司	工程量	海协	公司	应	付	工程	价款	合同	法律	合同
0,本院	不予	支持
0,证明	石家庄	建	建设	集团	有限公司	非法	转包
0,原告	无	合法	建设	资质	2008年	7月	4日	原告	被告	弘兴	公司	被告	金辉	公司	签订	金地	花园	5	6	回迁	楼	保胜	派出所	办公楼	代	建	协议书	金地	花园	5	6	回迁	楼	建设	包函	被告	金辉	公司	申请	报批	备案	金地	花园	建设	项目	之中	原告	项	工程	中	只	投资方	建设方
0,施工	单位	银座	公司
0,2015年	11月	15日
0,中华人民共和国	招标	投标法	第十九	条	第二十七	条	招标	文件	包括	拟	签定	合同	条款	投标	文件	招标	文件	提出	实质性	条件	作出	响应
0,2	涉案	工程	竣工	验收	工程	移交	延误	原因	承担	损失	责任	原	被告	签订	建设	工程施工	合同	第一	协议书	约定
0,169662421.17	元	7079400	元	1101248.7	元	161481772.47	元
0,二	建设	工程	交付	提交	竣工	结算	文件	日
0,秀湖	鹭岛	项目	2	1	工程	合同	签订	事实
0,1	武冈市	公路	管理局	本案	适格	原告
0,证据	五	冠华	公司	北京市	巨龙	工程	有限公司	唐山	分公司	建设	工程施工	合同	份	发票	张	中标	通知书	份	证明	8	号	宿办	楼	消防	工程	10500	㎡	川凯	公司	应	安装	未	安装	消防	工程	原告	被告	支出	劳务费	50.3万	元
0,第四	履约	保证金
0,quot	飞翔	公司	施工	规程	各方	批准	开工	日期	2014年	4月	1日
0,二	涉诉	工程	造价	停工	窝工	机械	物件	租赁	物件	钢管	扣件	损失	认定
0,20110918
0,本案	中	XX	公司	施工	工程	仅	系	土建工程	约定	尚	配套	项目	均	系	XX	公司	发包	单位	施工	配套	工程	验收	合格	会	影响	工程	竣工	验收
0,司法	解释	赋予	承包人	工程	价款	结算	方式	选择权	承包人	承建	建设	工程	验收	合格	参照	合同	约定	结算	方式	结算	按实	结算	赋予	发包人	选择	合同	约定	价款	结算	权利
0,如前所述	案涉	工程	共	签订	四	份	建设	工程施工	合同	份	补充协议	2013年	1月	25日	中标	后	签订	备案	两	份	建设	工程施工	合同	两	份	无落款	日期	建设	工程施工	合同	2014年	3月	8日	签订	补充协议
0,二期	工程	总工期	480日	历天	17	24	楼	含	配电房	单体	工期	300日	历天	正	负零	结构	65日	历天
0,本案	鉴定费	160200.66	元	被告	玖信	公司	已	预交	原告	负担	149150.13	元	被告	玖信	公司	负担	11050.53	元
0,原告	被告	安澜	公司	天航	公司	只	和解	协议	第五	条	约定
0,一次性	消耗	止水	螺栓	用量	60%	增加	费用	定额	含量	不予	调整
0,二	标段	开工	竣工	日期	有所不同	案涉	工程	已	竣工	交付	二	标段	工程	均	已	具备	工程款	结算	条件	本案	二	标段	工程款	结算	应	一并	无需	分案
0,约	13227.73	平方米	合同	暂定	总价
0,吴东安	系	借用	闽中	公司	名义	南洋	公司	签订	建筑	工程	内部	承包	施工	合同	备案	建设	工程施工	合同	施工人	吴东安	两	份	合同	均	无效
0,承包	建筑	工程	单位	持有	依法	资质	证书	资质	等级	许可	业务	内	承揽	工程
0,当事人	付款	时间	约定	约定	不	明	时间	视为	应付款	时间
0,国神华	公司	涉案	工程	项目	关系	社会	公共	利益	公共	招投标	工程	项目	事实	法律	依据	本院	不予	支持
0,被告	质证	意见
0,979344
0,投标	前	被告	原告	出具	承诺函	邀请	原告	配合	参加	投标	承诺	招标	文件	不	施工	决算	依据	仍	原	合同	履行	看	招标	仅	履行	建设	工程施工	合同	补充协议	过程	中	使	工程	得以	合法	施工	程序性	事项	无	招投标	订立	合同	真实
0,本院
0,被告	2013年	8月	27日	综合楼	中	作岀	承诺	保证	合同	结算	人工费	合同	执行	拨款	结算	被告	违反	合同	约定	按时	工程款	应	付	拖延	支付	工程款	利息	约定	利息	利率	法律	当事人	欠付	工程	价款	利息	计付	标准	约定	约定
0,楚湘	公司	施工	必经	程序	提供	地基	验槽	记录	地基	记录	证据	原件	勘察	设计	监理	施工	四方	签字	盖章	确认	国家	规范	表格	专列	建设	单位	签字栏	上陵	公司	未	签字	监理	单位	只	盖章	未	签字	为由	不	认可	依据
0,25408561
0,19	763	237.76
0,被告	黄东	签订	建设	工程	施工	合同	支付	时间	工程款	5%	保修金	保修期	满	年	后	支付	2%	满	两	年	后	支付	2%	防水	保修期	后	支付	余款
0,本院	台州市	法院	司法	鉴定	机构	名册	省	高院	依法	核准	鉴定人	名册	名册	内	鉴定	机构	均	具备	相关	鉴定	资格	被告	本案	鉴定	机构	后	未
0,后	2011年	签订	南城	时代	广场	期	工程	补充	协议	1	2012年	12月	10日	签订	南城	时代	广场	期	工程	补充	协议	2	2013年	6月	16日	签订	南城	时代	广场	期	工程	施工	合同	补充	协议
0,祥	栋	楼	号	施工	承包	固定	价款	合同	依据
0,综上	依据	中华人民共和国	民法通则	第一百零八	条	人民法院	审理	建设	工程	施工	合同	纠纷	案件	法律	解释	第一	条	条	第十七	条	第二十六	条	中华人民共和国	民事	诉讼法	第六十四	条	第一	款	判决
0,5	原告	应	提供	施工	技术	档案	资料	目录	原告方	未	提供	档案馆	才	未能	验收
0,合同	约定	工程款	5%	保修金	保修期	满	年	后	支付	2%	满	两	年	后	支付	2%	剩余	款项	防水	保修	期满	后	支付
0,九洲	国际	广场	项目	招标	程序	公开	招标	项目	中	城	投	六	局	中标	后	九洲	公司	2012年	7月	30日	签订	建设	工程	施工	合同	7月	31日	签订	九洲	国际	广场	项目	建设	工程	施工	合同	补充	协议	简称	补充	协议
0,闽西	宾馆	支付	款项	数额	确认	闽西	宾馆	垫付	玻璃款	38.5万	元	铝合金	窗限	拉	窗锁款	1.3640万	元	计	入	闽西	宾馆	已	付款
0,桩基	智能化	弱	电	人防	设备	安装	电梯	消防	通风	管道	煤气	工程	被告	另行	指定	专业	分包	单位	承包
0,中华人民共和国	招标	投标法	实施	条例	第三	条
0,约定	中国	人民	银行	发布	同期	同类	贷款	利率	计息
0,本院	收条	二	份	上	被告	东龙	公司	法定	代表人	赵凤玉	签字	被告	东龙	公司	印章	2015	姚民	初字	第477	号	民事	案件	2015	姚民	初字	第478	号	民事	判	案件	中	被告	东龙	公司	原告	借款	200万	元	被告	东龙	公司	原告	出具	两	份	100万	元	借条	时间	均	2013年	12月	3日	被告	东龙	公司	原告	2014年	1月	5日	2014年	4月	9日	出具	收条	二	份	时间	不	借条	二	份	收条	二	份	记载	内容	不	被告	东龙	公司	二	份	收条	逼迫	情形	下	书写	未能	提供	证据	予以	证明	收条	二	份	中	记载	被告	东龙	公司	收到	原告	陈鑫	交付	工程	保证金	300万	元	承诺	上	被告	东龙	公司	法定	代表人	赵凤玉	承诺人	被告	白邑	公司	中茂	公司	法定	代表人	崔国茂	担保人	承诺	中	承诺	2015年	1月	30	日前	原告	付清	工程	保证金	300万	元	工程款	290万	元	相互	印证	原告	被告	东龙	公司	缴纳	工程	保证金	300万	元	被告	东龙	公司	中茂	公司	承诺	2015年	1月	30日	前	退还	原告	工程	保证金	300万	元	案件	事实
0,2009年	1月	8日	建设	单位	监理	单位	施工	单位	代建	单位	会议	金地	花园	回迁	5	6	楼	工程	予验	会议	纪要	rdquo	监理	单位	验收	意见
0,邓州泰	公司	提出	工程	造价	8％	让利	合同	中	约定	合同	约定	让利
0,内资	企业	登记	情况表	份	原告	陈鑫	被告	东龙	公司	均	无	异议	证明	力本院	依法	予以	确认
0,前	款	列	影响	中标	中标	无效
0,被告	湛新	公司	辩称	湛新	公司	大庆	安装	集团	苏州	分公司	发生	关系	工程款	结清
0,钱克飞	2015年	3月	24日	支付	韩艳林	170000	元	壹拾柒万	元	整
0,三	鼎晟	公司	履行	合同	义务	保质保量	施工
0,17	栋	已	付款
0,工程	承包	合同	补充	协议	工程	联系单	工程	签证	单	设计	变更	册
0,二审	裁定	张庭瑜	起诉	不予	受理	适
0,证明	工程	进展
0,税费	不	应	总	工程款	中	扣除
0,449395.2
0,被告	日月鑫	公司	提交	两	份	付款	凭证	2014年	12月	4日	现金	方式	支付	陈红平	10万	元	2014年	12月	8日	现金	方式	支付	陈红平	5万	元	付款	凭证	付款	原因	栏	中	收到	日月鑫	置业	有限公司	补贴	工人	工资	内容
0,原告	请求	被告	胥鸿峰	承担	民事	责任	诉讼	请求	客观	事实	不符	请求	应	予	驳回
0,后	钱国	木业	公司	认可	28	630	5	370	元	不	算	入	已	付	工程款	中	款项	予以	扣除
0,因案	涉	工程	紧邻	黄河	地下	地下室	外墙	砂浆	保护层	隐蔽	工程	破	拆	钻孔	施工	规范	上	道	工序	未	完工	情形	下	不	隐蔽	下	道	工序	施工	上陵	公司	未	提交	变更	签证	单证实	楚湘	公司	未	施工	楚湘	公司	提交	地下室	外	墙	20	㎜	厚	1
0,5月	17日	开工	3	栋	楼	2014年	10月	末	10	栋	楼	主体	封顶	无	异议	本院	予以	确认
0,湖南	六建	公司	武汉	金鑫	联鑫	公司	处于	发包人	地位	履行	过程	中	扣	取	工程款	应	武汉	金鑫	联鑫	公司	欠付	工程款	24774400	元	含	质保金	4075720	元	内	承担	支付	责任
0,原告	被告	返还	合同	订金	100000.00	元	诉讼	请求
0,2015年	6月	29日	潘国彬	新疆	方夏	建设	工程	项目	管理	有限公司	支付	鉴定费	110000	元
0,协议	延期	支付	工程款	利息	损失费	甲方	承担	停工	期间	垫资	利息	不	计	预算	合同价	工程	计价	约定
0,后	工程	验收	结算	事宜	发生	争议	诉	本院
0,13	楼	外	墙	漆	延期	15	天
0,400512.35
0,益宁	公司	应	2014年	4月	12	返还	工程	质量	保证金	益宁	公司	未	予	返还	亦	应	该日	付止	14	983	758.3	元	基数	中国	人民	银行	同期	同类	贷款	利率	支付	利息
0,暂定	2011年	9月	18日	2012年	4月	8日
0,超过	100万	拖欠	额
0,142	270.65
0,吴东安	施工人	约定	只能	约束	吴东安	南洋	公司	闽中	公司	关系
0,已	结算	确认	涉案基坑	支护	工程	总	造价	1466339.7	元	桩基	工程	总	造价	6869372	元	A	B	塔楼	负	二	层	已	完	回	填土	工程	造价	149000	元	涉案	工程	总	造价	104455570.35	元
0,会议	纪要	形式	确认
0,报送	材料	时间	点	异议	第一	次	报送	材料	2015年	元旦	时间	记	不	元旦	后	春节	前	档案馆	口头	电话	通知	我方	资料员	资料	取回	简单	看	一两	签字	漏下	工作	忙	我方	签字	补全	再	送交
0,二	施工	单位	工程	完工	后	工程	质量	检查	确认	工程	质量	符合	法律	法规	工程	建设	强制性	标准	符合	设计	文件	合同	提出	工程	竣工	报告
0,15739561
0,被告	安澜	公司	提交	证据	4	交工	验收	证书	工程	竣工	结算	用以	证明	业主	2014年	6月份	才	进场	验收	原告	未	2013年	12月	备忘录	回填	工作	无权	支付	剩余	10%	工程款
0,依据	民法	总则	第146	条	第1	款	行为人	人	虚假	实施	民事	法律	无效	合同	无效
0,门窗	装修	工程	两	年
0,二	设备	材料	货物	采购	单项	合同	估算	价	100万	元	人民币
0,16739561
0,合浦	昌林	房地产	公司	依据	协议书	约定	昌林	城市	广场	建设	工程	结算	审核	报告	祥浩	造	字	2018	7	0251	号	审核	意见	案涉	工程	价款
0,卉森	公司	富丽	公司	履行	完毕	合同	义务	工程	竣工	验收	合格	交付	卉森	公司	情况	下	拖延	办理	工程	结算	拒	不	支付	工程	结算款	侵害	富丽	公司	合法	权益	富丽	公司	经济	损失	富丽	公司	民事	诉讼法	相关	特诉	贵院	恳请	贵院	查明	事实	判	准	富丽	公司	前	诉请
0,喀什	东方	汇科	公司	欠付	喀什	华厦	公司	工程	价款	数额	认定
0,同理	原告	利息	请求	本院	不予	支持
0,4	丽景	家园	仓房门	变更	砌筑	加	抹灰	100	元	1	号	楼	3	4	号	楼	5	5	号	楼	9	共	17	1700	元
0,审查	本组	证据	本案	联性	本院	予以	采信
0,本诉	原	被告	签订	17	18	19	楼	建设	工程施工	合同	补充协议	补充	协议	二	效力	原	被告	签订	17	18	19	楼	建设	工程施工	合同	当事人	真实	违反	法律	法规	强制性	不	损害	国家	集体	第三	人	利益	合法	合同
0,2018年	4月	26日	通河	项目	清算	事宜	洽商	记录	反诉	原告	通河	项目	文明	施工费	142	600.00	元	施工	现场	停工	周转	料具	滞留	费用	50	000.00	元	无	争议	本院	予以	认可
0,利息	应付	工程	价款	日	计付
0,20111013
0,证明	被告	川凯	公司	11月	5日	还	未	竣工	验收	条件
0,2011年	11月	2日	签订	合同
0,中华人民共和国	合同法	第八	条	第六十	条	第一百零九	条	第二百五十一	条	第二百六十三	条	中华人民共和国	民事	诉讼法	第六十四	条	判决
0,九洲	项目	已	完	工程	鉴定	造价	汇总表	中	显示	建筑	面积	34073.19	㎡	合计	平方	造价	2327.59	元
0,原告	盐亭	建安	公司	被告	胥志明	业主	委员会	签订	建设	工程施工	合同	仅	行政	主管	部门	备案	依据	未	合同	约定	权利	义务	履行	合同	约定	价款	不	本案	支付	合同	价款	定案	依据	工程	价款	支付	应	原告	冯继平	被告	胥志明	签订	建设	工程施工	合同	约定	价款	本案	支付	工程款	参照	依据
0,2013年	6	7月	间	杨建飞	人	介绍	格瑞汀	公司	法定	代表人	崔羡	相识	得知	格瑞汀	公司	工程	项目	便	想	工程	承包
0,如前所述	本案	签订	施工	合同	均	无效	无效	合同	自始	法律	约束力	嘉鼎祥	公司	法院	确认	启航	公司	发出	解除	合同	效力	请求	法院	判令	解除	本案	合同	均	本案	合同	无效	不	成立
0,当事人	建设	工程	另行	订立	建设	工程	施工	合同	备案	中标	合同	性质	内容	不	备案	中标	合同	结算	工程	价款	依据	本案	2011年	3月	10日	备案	合同	本案	结算	依据
0,二	申请人	安澜	公司	支付	完	第一	次	进度	款	次日	申请人	国盛	公司	主动	财产	保全	法院	提交	撤销	安澜	公司	天航	公司	诉前	保全	申请	催促	法院	解封	已	查封	两	申请人	账户
0,签案	涉	建设	工程施工	合同	非	备案	合同	建设	工程施工	合同	备案	合同
0,建设	公司	收到	款项	后	转给	程振国
0,二	涉案	已	工程	工程	造价	数额	当事人	涉案	过程	中	履行	合同	认定
0,2	海协	公司	二建	公司	欺诈	为由	请求	撤销	二建	公司	签订	两	份	补充	协议	相	关联	基建	施工	结算	审核	验证	定案表	磨床	人工	挖	孔桩	基础	工程	承包	合同	补充	协议书	围墙	工程	承包	合同	补充	协议书	省	二	建	公司	基建	工程	决算单	中	应	撤销	协议	相关	造价	协议	成立
0,工程	名称	停车区	综合楼	1	2	3	4	号	合同	开工	日期	2012年	3月	21日	合同	竣工	日期	2012年	7月	10日
0,施工	期限
0,案涉	施工	合同	签订	后	中色	十二	冶	公司	合同	约定	支付	万特	公司	履约	保证金	400万	元
0,利息	共计	63220.57	元	应	被告	于耀生	承担
0,我方	不	违约	不	支付	利息
0,供水	供电	供气	供热	市政	工程	项目
0,审理	中	繁宝	公司	钱国	木业	公司	崎丰厂	确认	系	争	场地	原先	潘桥村	村委会	集体	土地	崎丰厂	潘桥村	村委会	下	村办	企业
0,原告	质证	意见
0,当事人	签订	建设	工程	施工	合同	招标	文件	投标	文件	中标	通知书	载	明	工程	建设	工期	工程	质量	工程	价款	不	方	当事人	请求	招标	文件	投标	文件	中标	通知书	结算	工程	价款	依据	人民法院	应	予	支持
0,核定费率	人工费	机械费	基数	排污费
0,湖南	倾江	消防	有限公司	消防	工程	结算	后	案	起诉
0,组	证据	真实性	认可	该笔	款项	东泓	新居	工程款	不	应	钱克飞	偿还	该笔	工程款	被告	马娅娅	无关
0,期间	容福	公司	邮寄	方式	嘉盛	公司	佐尔美	公司	发	工程	验收	结算	意见	未	验收	结算
0,证据	十六	冠华	公司	张建国	2014年	1月	3日	合同书	份	发票	张	证明	8	号	宿办	楼	被告	应	返工	未	返工	负	层	地面	返工	工程	面积	1020	㎡	原告	被告	支出	材料费	劳务费	计	20万	元
0,永泰	建筑	公司	提出	代垫	竣工	图纸	费用	4000	元	水电费	3514.32	元	审图费	8000	元	费用	应	智发	酒业	公司	承担	永泰	建筑	公司	请求	智发	酒业	公司	支付	费用	本院	予以	支持
0,同年	11月	13日	本案	签订	补充	合同	份	合同	编号
0,安排	管理	人员	施工	人员	出游	费用	100000	元
0,25	781.89
0,做工
0,上东	新城	公司	员工	李丹	原告	任波	借款	50000.00	元	借据	中	未	注明	借款	用途	被告	上	东	新城	公司	不	认可	款项	亦	未	原告	任波	出具	手续	该笔	借款	原告	任波	另行	提起	诉讼	权利
0,人民	法院	审理	建设	工程	施工	合同	纠纷	案件	法律	若干	解释	条	建设	工程	施工	合同	无效	建设	工程	竣工	验收	合格	承包人	请求	参照	合同	约定	支付	工程	价款	应	予	支持
0,3	32	楼塔机	拆除	延期	18	天
0,事实	本院	查明	事实	可知
0,1104462.13
0,11698万	元
0,依法	招标	工程	建设	项目	规模	标准	国务院	发展	改革	部门	会同	国务院	部门	制订	报	国务院	批准	后	公布	施行
0,quot	公司	郑总	陈总	找	三	人	交代	工程	进度	放缓	quot	被告	庭审	中	陈述	quot	市场	不好	quot	被告	故意	放缓	施工	进度	故意	违约
0,杨建飞	范云	说	格瑞汀	公司	工程	项目	情况	请求	范云	出具	份	委托书	用于	签订	建设	工程	施工	合同
0,洽谈	合同	前	1	施工	中	电子板	表面	蓝图	工程	报价	946	元	平方米
0,20120118
0,劳务	分包	合同	合法
0,三	法律	推定	事实
0,第一	天马	公司	辩称	秀山	豪生	广场	高层	住宅	建设	工程	施工	合同	第十	条	第1	款	有利于	项目	推进	乙方	承诺	甲方	银行	融资	时	乙方	无条件	放弃	工程	优先	受偿权	留置权	约定	泰诚	公司	已	放弃	优先	受	偿权	该条	约定	乙方	应	甲方	通知	五	日	内	甲方	出具	提交	符合	银行	放弃	工程	价款	优先	受偿权	承诺书
0,13	同年	1月	20日	卉森	公司	富丽	公司	发出	扣款	通知	扣除	工程款	支付	成都	繁茂	园林	公司
0,中华人民共和国	合同法	第二百八十四	条
0,崎丰厂	消防	大门口	处	新增	200型	消防管	杨钱国	支付	1	千	元	施工	位置	厂	大门	西南	角处	李建	农带班	施工
0,本院	被告	提供	证据	2	拟	证明	进一步	合同	价款	须	区块	施工	区域	相应量	支付	证明	目的	证据	2	载明	内容	相符	证据	2	证明	效力
0,证据	7	真实性	合法性	异议	延期	计算	远	100	天	第一	页	都	八	小时	延期	本案	中	扣除	100	天	后	原告	反诉	被告	工期	逾期
0,证据	5	真实性	合法性	关联性	均	异议	反诉	被告	清理	现场	垃圾	本案	期	项目	纠纷	二期	项目	无关	反诉	原告	反诉	被告	该项	费用	另案	起诉
0,企业	法人	法定	代表人	工作	人员	经营	活动	承担	民事	责任
0,鉴定
0,被告	金辉	公司	质证	被告	建设	5	6	楼	原告	出资	工程款	300万	元	异议
0,张	发票	金额	88	933.35	元	扣除	95	000	元	质保金	被告	大庆	安装	集团	苏州	分公司	协商	6	授权	委托书	份	拟	证明	被告	大庆	安装	集团	苏州	分公司	委托	李大弯	办理	相关	项目
0,原	被告	第三	人	未	结算	亦	未	交接	工程	人民法院	审理	建设	工程	施工	合同	纠纷	案件	法律	解释	第十八	条	利息	应付	工程	价款	日	计付
0,法律	建筑	工程	优先	受	偿	权限	建筑	工程	价款	包括	建设	工程	支付	工作	人员	报酬	材料款	天泽	公司	尚	欠	国都	集团公司	工程	价款	8381684.12	元
0,签署	合同	后	原告	被告	签署	东莞	凤岗	新	时代	广场	建设	工程	施工	合同	补充	条款	两	份	合同	补充	修订	本案	应	三	份	合同	当事人	权利	义务
0,承包人	未	建筑	施工	企业	资质	超越	资质	等级
0,本院	参照	人民法院	审理	民间	借贷	案件	法律	若干	第三十	条
0,案涉	工程	工程款	结算	履行	完毕	原告	被告	工程款	中	抵扣	250000	元	本院	不予	支持
0,证据	五	招投标	备案	意见书
0,依据	中华人民共和国	合同法	简称	合同法	第二百七十二	条	款	第三	款	承包人	承包	建设	工程	转包	第三	人	承包	建设	工程	肢解	分包	名义	转包	第三	人
0,九	发包人	承包人	承诺	合同	约定	期限	方式	支付	合同	价款	支付	款项
0,大经	公司	款项	用途	栏	注明	工程款	为由	两	笔	款项	不	支付	工程款	鑫马	公司	返还	大经	公司	付	协议	购房	款	理由	不	无	证据	充实	不予	支持
0,证据	九	工程量	清单
0,9	酒店	大堂	A	段	地下室	结构	构件	混凝土	添加剂	差价	94778.24	元	应否	扣	减
0,第五	2015年	9月	15日	益宁	公司	编制	项目	工程	竣工	结算	审批表	确认	桩	基础	决算	计价	依据	2013年	1月	23日	建设	工程施工	合同	约定	2008	定额	可调	价格	结算
0,二	争议	焦点	二
0,证明	金地	花园	合法	审批	手续
0,6	厂区	总体	地面	增高	费用
0,建设	工程	施工	合同	纠纷	案件	中	欠付	工程款	数额	应	应付	工程款	已	付	工程款	数额	基础
0,同年	8月	15日	告知	12	楼	楼梯间	刮白	延期	5	天
0,由此	被告	工期	应	无限期	顺延	被告	逾期	完工	不	过错
0,南洋	公司	时空	公司	南洋	公司	时空	公司	系	闽中	公司	签订	建设	工程施工	合同	吴东安	不	合同	关系	不	应	闽中	公司	尚	欠	吴东安	工程款	承担	连带	责任
0,区块	工程	经发	包方	验收	合格	后	七	天	内	支付	区块	合同价	97%	大宗	设备	开关站	箱变	电力	电缆	到场	安装	阶段	七	天	内	支付	供电	价款	65%	调试	合格	验收	合格	付	供电	价款	97%
0,本院	原	被告	诉辩	意见	本案	案情	归纳	争议	焦点
0,原告	陈鑫	提交	证据
0,此处	19	基础	款	不	应	增加	累计
0,560000
0,8054480.3
0,邓文年	石门	城建	房产	公司	支付	工程	欠款	4377730	元	请求	成立	本院	予以	支持
0,3	湖南	六建	公司	内部	承包	方式	工程	违法	转包	李波	湖南	六建	公司	总	承包人	违法	转包人	李波	湖南	六建	公司	项目	内部	承包人	武汉	金鑫	联鑫	公司	名义	工程	转包	武龙	刘吉安	签订	内部	承包	协议	李波	对外	代表	湖南	六建	公司	应	湖南	六建	公司	承受
0,庭审	原	被告	第三	人	答辩	陈述	举证	质证	环节	原告	享有	足以	排除	强制	执行	晋江市	市政	园林局	银行	存款	865万	元	民事	权益	诉请	停止	第三	人	晋江市	市政	园林局	银行	账户	存款	865万	元	执行	解除	第三	人	晋江市	市政	园林局	银行	账户	冻结	理据	依法	应	不予	支持
0,中华人民共和国	合同法	第六	条	第八	条	第四十五	条	第二百八十六	条	中华人民共和国	民事	诉讼法	第六十四	条	第六十五	条	第七十五	条	第一百四十二	条	判决
0,施工	过程	中	邓州泰	公司	施工	项目	摘除	施工	单位	施工	项目
0,被告	辩称	案涉	工程	未	建筑	工程	施工	许可证	违反	中华人民共和国	建筑法	第七	条	应	无效
0,29	843.46
0,本案	工程	造价	鉴定	费用	613460.33	元	当事人	半	承担	306730.17	元	大经	公司	支付	鉴定	费用	故鑫马	公司	应	大经	公司	支付	306730.17	元
0,上陵	公司	未	提交	认可	阳台窗	不锈钢	护栏	定价	单	提出	定价	8	元	m	不予	支持	造价	不	应	扣	减
0,不可抗力	致使	不	合同	目的
0,25	28	楼	单体	工期	360日	历天	正	负零	结构	35日	历天	桩	自桩基	验收	合格	日
0,29	白城市	房屋	拆迁	管理	办法	1	份
0,2	证人	陈述	弱电	工程	资质	被告方	资质	证明	不	含	弱电	项目	由此	恰恰	专业	资质	弱电	分包	项目	单独	施工	合同	被告	劳务	作业	无关
0,五	喀什	东方	汇科	公司	喀什	华厦	公司	交付	叶城县	金果	小区	1	号	楼	2	号	楼	22	号	楼	工程	资料	反诉	请求	成立
0,如前所述	本案	应付	工程款	中	宇元	万向城	二期	工程	工程	价款	宇元	万向城	期	零星	工程	维修	工程	工程	价款	二期	工程	装修	工程	价款	享有	优先	受偿权	优先	受偿权	上	宇元	置业	公司	诉讼	过程	中	未	提交	证据	证明	已	付	工程款	特定性	已	三	款项	区分	导致	已	付	工程款	包括	宇元	万向城	期	零星	工程	维修	工程	工程	价款	二期	工程	装修	工程	价款	未付	工程款	包括	款项	事实	查清
0,汇都	公司	提供	合同	似	1999年	示范	文本	合同	首页	无	1999年	版	示范	文本	编号
0,二	承包人	提交	竣工	验收	报告	发包人	拖延	验收	承包人	提交	验收	报告	日	竣工	日期
0,7587.3069万	元
0,20110827
0,四	工程	结算	单价
0,原告	证据	真实性	无	异议	质证	称	工程	竣工	被告	不	原告	结算	事实	争议	应	仲裁	法院	解决	约定	不
0,补充	协议	中	仅	工期	顺延	工程款	利息	停工	损失	约定	系	建设	公司	置业	公司	之间	约定
0,3	开工令	拟	证明	原告	反诉	被告	被告	反诉	原告	进场	施工
0,证据	八	工作	联系单	被告	说	工作	联系函	公章	涂改	情况	假
0,被告	提交	重点	工程	竣工	验收	备案	表	复印件	证据	复印自	原告	立案	时	提交	证据	原告	未	提交	反证	推翻	证据	本院	被告	提交	重点	工程	竣工	验收	备案	表	复印件	予以	认定
0,资料	齐全	真实	质量	合格
1,2	被告	施工	工程	质量	责任	承担	比例	涉案	不	合格	工程	原因
1,相关	法律	建设	工程	未	完工	施工人	请求	支付	工程款	前提	已	完工	工程	质量	合格	建设	公司	质量	提出	异议	时	施工人	程振国	负有	举证	责任
1,被告	施工	建设	工程	竣工	验收	合格	鉴定	孙国元	承建	承德杏	源	饮品	有限公司	生产	车间	地面	高程	地面	裂缝	地面	积水	质量	缺陷
1,涉诉	工程	建设	施工	合同	本院	认定	无效	工程	未	完工	被告	提交	证据	不足以	证实	原告	起诉	请求	支付	工程款	相	已	完工	部位	验收	不	符合	质量	本案	现	不	符合	人民法院	审理	建设	工程	施工	合同	纠纷	案件	法律	解释	第三	条	情形	被告	本案	中	提出	工程	质量	拒付	工程款	理由	不	成立
1,quot	建设	工程	未经	竣工	验收	发包人	擅自	后	质量	不	符合	约定	为由	权利	不予	支持	quot	被告	quot	工程	质量	不	合格	quot	抗辩	理由	不	成立	法院	不	应	予以	支持
1,案涉	工程	保修	期满	时	次	支付	完毕	农历	2013年	12月	20日	前	支付	rdquo	李坚古	未	提供	合法	证据	证明	案涉	工程	质量	李坚古	应	工程	结算书	结算	价款	莫建勇	支付	工程款	42262.5	元
1,被告	万辉	公司	本案	次	开庭	期间	提出	本案	工程	质量	司法	鉴定	申请	被告	万辉	公司	未	针对	本案	工程	质量	提起	反诉	被告	万辉	公司	申请	本案	工程	质量	司法	鉴定	已	超过	法定	期限	本院	被告	万辉	公司	本案	工程	质量	司法	鉴定	申请	不予	准许	被告	万辉	公司	针对	本案	工程	质量	辟	法律	途径	予以	解决
0,兴城市	建筑	设计院	葫芦岛	创拓	建设	设计	有限公司	勘察	设计	单位	出具	1	10	楼房	房屋	建筑	工程	质量	检查	报告书	检查	结论	意见
0,…	…	建设	工程	保修期	竣工	验收	合格	日	计算	人民法院	审理	建设	工程	施工	合同	纠纷	案件	法律	解释	二	第八	条	第一	款	情形	承包人	请求	发包人	返还	工程	质量	保证金	人民法院	应	予	支持
0,本院	被告	建设	位于	登封市	××	路	嵩景	花园	项目	1	2	3	楼	已	竣工	已	交付	原告	被告	施工	单位	义务	工程	竣工	验收	备案	表	工程	竣工	验收	报告	工程	质量	保修书	相关	资料	提供	原告	工程	竣工	验收	备案	表	上	签名	盖章
0,质量	保修金	银行	利率	零
1,原告	中途	退场	未	工程	内容	施工	工程	质量	原告	退场	后	被告	自行	聘请	工人	剩余	工程	内容	施工	原告	施工	质量	整改	被告	为此	聘请	工人	混凝土	公司	额外	支付	184140	元	该笔	费用	原告	承担
0,鉴定	机构	2013年	1月	23日	非	备案	合同	2013年	1月	28日	备案	合同	约定	二	合同	价款	结算	方式	鉴定	案涉	工程	竣工	验收	交付	人民法院	审理	建设	工程	施工	合同	纠纷	案件	法律	解释	二	第十一	条	第一	款	当事人	建设	工程	订立	数份	建设	工程	施工	合同	均	无效	建设	工程	质量	合格	方	当事人	请求	参照	履行	合同	结算	建设	工程	价款	人民法院	应	予	支持	应	履行	2013年	1月	23日	非	备案	合同	约定	合同	价款	结算	方式	作出	鉴定	结论	案涉	工程	结算	依据
0,施工	单位	鼎晟	公司	盖章	监理	单位	方圆	公司	盖章	总	监理	工程师	王叙	盖章	予以	认可	房屋	建筑	工程	质量	检查	报告书
0,质量	保修	书	中	建设	工程	保修	保修	期限	保修	责任
0,quot	兴	城市	建筑	工程	质量	监督站	盖章	监督	人员	负责人	签字	予以	确认
0,原告	冯继平	被告	胥志明	签订	建设	工程施工	合同	原告	冯继平	水榭	阳光	商住楼	项目	工程	施工人	自行	组织	人力	物力	财力	垫资	施工	合同	约定	施工	项目	建筑	质量	验收	合格	被告	胥志明	水榭	阳光	商住楼	项目	投资人	负有	建筑	工程	承包人	结算	支付	工程	价款	合同	义务	原	被告	签订	建设	工程施工	合同	无效	工程	质量	竣工	验收	合格	原告	冯继平	请求	约定	价款	支付	工程款	约定	利率	标准	承担	逾期	资金	利息	工程	价款	享有	优先	受偿权	诉讼	请求	符合	法律	原告	冯继平	未	完	工程量	领取	价款	应	予	扣	减	维护	建筑业	秩序	中华人民共和国	合同法	第五十二	条	第五	项	第五十八	条	第六十	条	第二百六十九	条	第二百七十六	条	第二百七十九	条	第二百八十六	条	人民	法院	审理	建设	工程	施工	合同	纠纷	案件	法律	若干	解释	条	第六	条	第十八	条	人民	法院	建设	工程	价款	优先	受偿权	批复	第一	项	项	判决
0,发包人	返还	工程	质量	保证金	后	不	影响	承包人	合同	约定	法律	履行	工程	保修	义务
1,验收	资料	中	工程	竣工	验收	合同	被告	施工	内容	验收	内	验收	报告	不	证明	被告	应	合同	施工	内容	已	验收	验收	不	证明	工程	不	质量
0,案涉	合同	约定	最	长	质量	保修期	五	年	现均	已	届满	约定	5%	质量	保修金	不再	扣	减
0,各方	当事人	均	未	工程	质量	提出	抗辩	反诉	涉案	工程	已	交付	潘国彬	未	进度	施工	原因	在于	工程量	增加	逾期	支付	工程款
0,本案	涉	工程	招标	前	原	被告	2010年	1月	29日	已	签订	补充协议	工程	承包	工期	质量	标准	合同	价款	支付	违约	责任	实质性	内容	约定	原告	建设	工程施工	合同	签订	前	已	进场	施工
1,建设	工程	未经	竣工	验收	发包人	擅自	后	质量	不	符合	约定	为由	权利	不予	支持
0,开工	验证	业主	业务	代表	设计	单位	监理	单位	质量	监督	单位	地勘	单位	建筑	单位	责任	主体	到场
1,县	质量	监督站	程元辉	提出	七	点	意见	第1点	基坑	工程	建设	单位	第一	责任人
0,涉案	工程系	大豐	置业	委托	陕西省	建筑	工程	质量	检测	中心	陕西省	建筑	科学	研究院	检测	验收	建工	集团	不	竣工	验收	报告
1,5	被告	quot	工程	质量	不	合格	quot	抗辩	理由	不	成立
1,原告	被告	合同	约定	住房	建设	原告	已	合同	约定	施工	被告	辩解	原告	未	建房	施工	质量
0,原告	举证	19	份	分	部	子	单位	工程	质量	竣工	验收	记录	证明	均	合格
0,建设	工程	质量	合格	承包人	请求	承建	工程	价款	工程	折价	拍卖	价款	优先	受偿	人民法院	应	予	支持
0,认定	黑白	合同	时	涉	实质性	内容	包括	合同	中	工程	价款	工程	质量	工程	期限	三
0,16.2012年	11月	20日	建设	单位	时空	公司	施工	单位	闽中	公司	勘察	单位	设计	单位	监理	单位	组织	验收	乐恒通	物流园	停车区	1	2	3	4	综合楼	工程	质量	合格
0,工程	约定	工程	质量	保修金	施工	合同	价款	5%	4	537	477	元	工程	质量	保证金	计算	依据	建设	工程施工	合同	暂	定	价	款
0,事实	建设	工程	施工	合同	备案	中标	通知书	工程	变更	洽商	记录	工程	质量	竣工	验收	记录	建设	工程	施工	合同	未	备案	付款	记录	司法	鉴定	报告	发票	当事人	陈述	证据	在案	佐证
0,原告	邬毅	诉称	被告	大庆	安装	集团	苏州	分公司	被告	大庆	安装	集团公司	2007年	7月	16日	依法	成立	分公司	被告	大庆	安装	集团	苏州	分公司	2011年	11月	22日	被告	湛新	公司	签订	土建	机电	施工	总包	合同	承包	被告	湛新	公司	发包	位于	上海市	奉贤区	庄行镇	姚新璐	251	301	号	土建	机电	安装	工程	后	被告	大庆	安装	集团	苏州	分公司	原告	2012年	1月	4日	签订	建设	工程	施工	质量	生产	责任书	工程	包工	包料	方式	原告	施工	管理
0,单位	工程	质量	评定	栏	内	加盖	建设	单位	负责人	张文亮	印章
0,群洲	公司	违反	合同	约定	不	按期	金滩	半岛	豪苑	F1F2	栋	工程	竣工	致使	南	长城	公司	不	金滩	半岛	豪苑	F1F2	栋	房屋	买	受	人	约定	日期	交付	房屋	房屋	买	受	人	当地	政府	部门	信访	南	长城	公司	逾期	交房	违约金	损失	客观	南	长城	公司	截止	2019年	8月	31日	逾期	交房	违约金	损失	26	565	419	元	予以	支持	南	长城	公司	应	计算	群洲	公司	移交	质量	验收	合格	案涉	工程	6	月	为止	请求	综合	考量	本案	本院	计算	群洲	公司	南	长城	公司	撤离	金滩	半岛	豪苑	F1F2	栋	工程	施工	现场	移交	已	完	工程	日	宜	故群洲	公司	应	赔偿	南	长城	公司	截止	2019年	8月	31日	逾期	交房	违约金	损失	26	565	419	元	2019年	9月	1日	2019年	7月	1日	2019年	12月	30日	每日	赔偿	31	021	元	2020年	1月	1日	2020年	6月	30日	每日	赔偿	33	886	元	2020年	7月	1日	后	每日	赔偿	34	374	元	标准	南	长城	公司	赔偿	损失	直至	群洲	公司	南	长城	公司	移交	金滩	半岛	豪苑	F1F2	栋	工程	施工	现场	日止
0,2013年	7月	10日	竣工	日期	2015年	12月	30日	合同	工期	总	日历	天数	870	天	工程	质量	标准
0,quot	监督	抽查	工程	地基	基础	主体	结构	功能	参建	各方	主体	质量	工程	竣工	验收	过程	中	未	发现	违反	法律	法规	规章	强制性	技术	规范	标准	勘察	设计	文件
0,临湘市	建筑	工程	质量	监督	管理	站	专用	帐户	上	该款	抵扣	被告	反诉	原告	瑞海	公司	应	支付	3	4	5	楼	项目	工程款	本院	不予	支持
1,承包人	建设	工程	寿命	内	地基	基础	工程	主体	结构	质量	承担	民事	责任
1,证据	22	原告	证据	真实性	合法性	关联性	均	异议	不	证明	被告	待证	事实	不	证明	被告	拟	证明	工程	不	质量	质量	不	被告	一方	原因	不	对抗	原告	递交	室外	管道	不	通球	事实
1,被告	原告	安装	冷库	质量	被告	未	合同	约定	验收	合格	日	两	年	质量	保修期	内	原告	权利	被告	已	2012年	12月	31日	冷库	安装	竣工	验收	故本院	被告	该项	不	予	支持
0,原告	冯继平	合同	约定	工期	垫资	施工	项目	建设	工程	质量	符合	质量	竣工	验收	合格	被告	胥志明	违反	诚实	信用	原则	未	合同	约定	原告	冯继平	结算	支付	工程	价款	承包人	施工	中	投入	资金	原材料	人力	因素	合同	均	建设	工程	未来	收入	保障	信赖	协作	施工	合同	特征	合同	履约	中	利益	衡平	原则	维护	建筑	市场	秩序	原告	请求	约定	利率	标准	承担	逾期	支付	工程款	资金	利息	诉讼	请求	本院	予以	支持
1,2014年	11月	22日	钱国	木业	公司	繁宝	公司	上海	银同	监理	公司	发出	建设	工程	施工	通知单	内容	建设	单位	车间	车间	二	车间	三	检查	时	发现	工程	墙面	柱面	地面	质量	不	影响	竣工	验收	施工	单位	应	组织	人员	发现	检	遍	建设	单位	安排	人员	复查	列举	相关	质量
1,1	针对	原告	核增	基坑	塌方	修补	费用	1391524	元	争议	查实	案涉	工程	2012年	9月	5日	发生	基坑	塌方	五方	建设	主体	为此	会议	纪要	设计	单位	嗣后	出具	加固	方案	塌方	事故	原因	未	查明	涉及	建设	主体	责任	鉴此	质量	事故	引发	索赔	不宜	本案	中	解决	本院	本案	中	争议	事项	不	作	认定
0,2016年	6月	23日	4	5	楼	出具	建设工程	质量	监督	报告	确认	4	楼	竣工	验收	时间	2015年	11月	24日	5	楼	竣工	验收	时间	2016年	1月	6日	确认	4	5	楼	工程	质量	合格	同意	竣工	验收	备案
1,义银	公司	抗辩	称	系	文峰	公司	原因	影响	施工	进度	提交	证据	来看	文峰	公司	提供	装修	图纸	未	审图	安庆市	质监站	2014年	7月	2日	发出	工程	质量	监督	检查	意见书	责令	10	楼	未经	图审	暂停	施工	义银	公司	抗辩	理由	成立
0,原告	冯继平	合同	约定	自行	组织	人力	物力	垫资	水榭	阳光	商住楼	项目	工程	施工	建设	项目	工程	质量	验收	合格
0,当事人	约定	工程	质量	保证金	返还	期限	届满
0,三	发包人	原因	建设	工程	未	约定	期限	竣工	验收	承包人	提交	工程	竣工	验收	报告	九十	日后	当事人	约定	工程	质量	保证金	返还	期限	届满
0,合同价	合同	约定	承保	内	工程	承担	质量	保修	责任	款项	包含	国家	承包人	方	缴纳	税	费等
0,参照	建设工程	质量	管理条例	第四十	条	条件	下	建设	工程	最低	保修	期限
0,监理	公司	出具	施工	联系单	繁宝	公司	施工	资料	质量	验收	标准	相关	资料	钱国	木业	公司	钱国	木业	公司	不	签收
1,第1	组	证据	真实性	合法性	关联性	予以	认可	不	认可	被告	证明	观点	签订	合同	约定	承揽	过程	中	原告	违反	合同	约定	原告	违反	约定	工期	原告	只	做工	被告	提供	整栋	房屋	需	原材料	被告	不	提供	材料	原告	施工	原告	被告	承揽	业务	质量	合格	被告	验收	后	用于	经营性	开设	宾馆	原告	被告	承揽	事项	均	质量	组	证据	中	2015.2	13日	原告	被告	领取	预付款	54万	元	我方	予以	认可
0,建安	公司	依约	施工	工程	完工	后	验收	合格	已	结算	完毕	认可	十五	份	工程	结算	审核	报告	真实性	本院	确认	案涉	十五	项	工程	总	造价	62	879	471.75	元	应	预留	总	价款	5%	工程	质量	保证金	3	143	973.59	元
0,事实	原告	反诉	被告	繁宝	公司	提供	上海市	建设	工程	施工	合同	工程	补充	协议书	施工	联系单	施工	单位	工程	联系单	上海	崎丰纸	制品	厂	工程	事宜	函	大锯	基础	单	新	做	固定	大锯	基础	平台	材料	人工	明细表	收款	凭证	证明	监理	工程师	上海市	房地产	登记簿	被告	反诉	原告	钱国	木业	公司	提供	付款	凭证	未	建	工程	告知	单	分项	分部	工程	质量	验收	证明书	建设	工程	施工	通知单	施工	联系单	调解书	收条	承诺书	协议书	技术	核定单	马士信	证人	证言	第三	人	崎丰厂	提供	同意	上海	崎丰纸	制品	厂	罗泾镇	5	街坊	79	3丘	地块	扩建	厂房	项目	转让	批复	造价	鉴定	意见书	补充	各方	当事人	当庭	陈述	证据	为证	庭审	质证	本院	予以	认定
1,被告	提交	预	结	算书	系	单方	结算	合同	约定	被告	应	原告	交付	质量	符合	约定	工程	验收	合格	办理	结算	后	原告	支付	工程款	庭审	查明	结算	资料	尚	存	争议	至今	未	办理	结算	依据	司法	鉴定	报告	意见	被告	承建	涉案	工程	质量	不	合格	履行	合同	义务	交付	质量	合格	工程	尚未	履行	完毕	支付	工程款	条件	尚	不	合同	约定	被告	暂	无权	涉案	工程	工程款	原告	相关	权利
1,三	原告	质量	整改	损失	事实	法律	依据
1,质证	被告	证人	证言	客观	真实	证实	原告	做	工程	质量	原告	退场	后	被告	聘请	工人	原告	工人	质量	整改
1,李坚古	本院	指定	期限	内	未	案涉	工程	玻璃	质量	申请	工程	质量	鉴定	亦	未	提供	合法	证据	证明	案涉	工程	玻璃	质量	应	依法	承担	举证	责任
0,丁蔡俊	建筑	资质	施工人	建设工程	质量	管理条例	第四十	条	最低	保修	期限	内	已	完工	工程	承担	法定	保修	责任
1,红博物产	公司	涉案	工程	质量	未	举示	证据	予以	证实	该项	抗辩	不	予	支持
1,承包人	过错	建设	工程	质量	不	符合	约定	承包人	拒绝	修理	返工	改建	发包人	请求	减少	支付	工程	价款	应	予	支持
1,2	繁宝	公司	支付	工程	质量	未	一次性	验收	合格	目标	赔偿费	140	184	元	上海市	建设	工程	施工	投标	标书	情况	汇总表	第3	条	合同	总价	7	009	179	元	2%	计算
1,万兴	公司	高压旋	喷桩	工程量	质量	文明	施工费	建安	劳保费	鉴定	意见	异议	本院	提出	鉴定	申请	项	鉴定	过程	中	观点	庭审	后	今	万兴	公司	项	异议	提交	新	证据	本院	万兴	公司	提出	鉴定	申请	不予	准许
0,观感	质量	评定	好	施工	单位	自评	监理	单位	核定	工程	质量	等级	均	合格	符合	工程
0,合同价	合同	约定	承保	内	工程	承担	质量	保修	责任	款项	包含	国家	承包人	方	缴纳	税	费等
0,本院	石门	城建	房产	公司	施工	过程	中	变更	施工	规模	已	变更	签订	建设	工程	施工	合同	补充	协议	约定	施工	工程	结构	工程量	工程	质量	均	发生	变更	合同	条款	已	实质性	变更	变更	施工	规模	后	工程	价款	结算	未	达成	协议	依据	人民法院	审理	建设	工程	施工	合同	纠纷	案件	法律	解释	第十六	条	款	设计	变更	导致	建设	工程	工程量	质量	标准	发生	变化	当事人	工程	价款	不	协商	参照	签订	建设	工程	施工	合同	时	当地	建设	行政	主管	部门	发布	计价	方法	计价	标准	结算	工程	价款
0,建设	工程施工	合同	补充	协议书	具备	建设	工程	承包	合同	施工	施工	工期	施工	质量	价款	支付	材料	供应	实质性	内容	王建军	明鑫	公司	之间	工程	承包	关系	成立
0,原告	邬毅	诉称	被告	大庆	安装	集团	苏州	分公司	被告	大庆	安装	集团公司	2007年	7月	16日	依法	成立	分公司	被告	大庆	安装	集团	苏州	分公司	2011年	11月	22日	被告	湛新	公司	签订	土建	机电	施工	总包	合同	承包	被告	湛新	公司	发包	位于	上海市	奉贤区	庄行镇	姚新璐	251	301	号	土建	机电	安装	工程	后	被告	大庆	安装	集团	苏州	分公司	原告	2012年	1月	4日	签订	建设	工程	施工	质量	生产	责任书	工程	包工	包料	方式	原告	施工	管理
0,工程	质量	保证金	被告	当庭	承认	仅	工程	质量	行政	管理	部门	缴纳	45万	元	工程	总	造价	3%	计算	尚	105万	元	未	缴纳	被告	应	补缴	被告	支付	原告	原告	工程	质量	行政	管理	部门	缴纳
1,本案	合同	履行	中	2014年	11月	8日	2017年	1月	10日	期间	工程	基础	资料	移交	原	施工	单位	质量	不	合格	设计	修改	更改	原因	富丽	公司	工作	联系单	工程	联络单	情况	函	报告	通知	方式	94	次	卉森	公司	尽快	移交	资料	施工	内容	予以	日期
0,二	被告	本案	不	具备	质量	保修金	返还	条件	答辩	意见	无	事实	法律	依据	本院	不予	采纳
0,当事人	建设	工程	施工	合同	中	约定	发包人	扣留	工程	价款	工程	质量	保证金	称	质量	保修金	扣留	前提	工程	竣工	验收	合格
0,第三	上陵	公司	提交	证据	证实	质量	保修期	内	维修	事项	楚湘	公司	履行	通知	义务
0,被告	小溪塔	卫生	服务	中心	已	第三	人	长信	建设	有限公司	支付	工程款	2630000	元	下	欠	工程款	1023836.88	元	涉诉	工程	质保	期满	后	未	质量	被告	小溪塔	卫生	服务	中心	原告	李小勇	支付	下欠	工程款
0,3	合同	履行	看	王建军	鉴定	机构	提交	图纸	设计	变更	补充	工程	预决算	资料	5	7	楼	主体	分部	工程	质量	验收	记录表	提供	购买	建筑	材料	协议	记账	凭证	收据	本案	劳务	公司	思翔	劳务	公司	认可	王建军	5	7	楼	复工	后	主体	工程	施工
1,六	大豐	置业	反诉	建工	集团	赔偿	工程	质量	不	合格	经济	损失	370.05万	元
