27,”、第十七条“当事人对欠付工程价款利息计付标准有约定的，按照约定处理,1
45,4.对原告已售房屋应支付延期违约交房情况明细表及第三方业主已领取原告支付违约金领条、协议书不予认定，该部分应另案主张,0
52,对顺延工期的工程联系单12份，2013年5月因增加标准层走道夹层梁板及户内圈梁施工，申请延期58天，九洲公司同意顺延48天，应按照48天计算,0
68,如因中城投六局的原因未按期开工或竣工，其中任何一项逾期超过30日，九洲公司有权解除施工，并按中城投六局实际完成的工程量经审计的80%支给中城投六局工程款，若因九洲公司原因造成不能按期开工或竣工的，双方商讨未果的情况下，中城投六局有权要求九洲公司承担因此给中城投六局造成的一切损失并顺延工期合同,0
69,工程竣工验收时间如超出总工期，按延期天数计算违约金，延误天数在30天内，延期一天一栋违约金5000元,0
70,延期天数超过30天，30天以外部分延期一天一栋违约金10000元,0
91,一、涉案工程是否应按照1660元/㎡计算，九洲公司是多支付还是欠付中城投六局工程款，九洲公司是否应支付中城投六局违约损失,1
92,二、中城投六局是否应向九洲公司支付延期竣工违约金,0
93,三、九洲公司主张的影响第三方逾期交房违约金是否应在本案中一并处理,0
119,双方约定，如被告不能按期竣工超过30日，原告有权解除合同，并按被告实际完成的工程量经审计的80%支给被告工程款,0
126,双方2014年5月互相出具承诺书后，应视为双方对工程款支付作出了重新约定，双方达成了延期付款的协议，故对九洲公司主张的2014年5月之前，九洲公司部分未按照合同支付工程款的部分要求违约金的诉求本院不予支持,1
128,中城投公司未举证证明自己按照所承诺的施工计划施工，从九洲房公司的付款时间上及中城投六局的施工进度上综合判断，中城投六局没有按照承诺的施工进度节点进行施工，不能判定九洲公司没有按时足额支付工程款，也不能判定九洲公司违约,1
132,九洲公司与中城投六局所签订的《建设工程施工合同》第三条施工组织设计和工期13.1双方约定工期顺延的其他情况约定，发生不可抗力因素造成工期延长的，承包人需办理延期手续，经发包人批准后方可顺延工期，因承包人原因造成工期延误，每推迟一天每栋楼罚金5000元，超过30天，每推迟一天每栋楼罚金10000元，其他按通用条款约定的内容执行,0
137,中城投六局未按照约定时间竣工，应自2014年10月1日计算相应违约金,0
140,根据合同约定延期30天以内的违约金为（30天×5000元×3栋）450000元，延期30天以外的违约金为（<375天-30天>×5000元×3栋）5175000元（2014年10月1日至2015年10月11日计375天），以上逾期违约金共计5625000元,0
142,九洲公司请求延期交房需向第三方赔付违约金5170779元，因该部分损失系九洲公司与第三方签订的《商品买卖合同》中约定的条款所产生，但该部分费用是否实际产生在本案中无法查明，对于该部分的请求，九洲公司可以另行主张,0
169,3、欠付的工程款金额及利息应否支持,1
204,"庭审中，原、被告双方对欠付工程款金额100,464,069元均无异议，本院对此予以认可",1
232,“当事人对欠付工程价款利息计付标准有约定的，按照约定处理,1
234,”的规定，原告任波与被告上东新城公司对欠付工程价款利息计付标准没有约定，可按照中国人民银行同期同类贷款年利率为标准，以1322546.95元为基数，鉴于双方就工程价款结算标准、房屋价格下浮、房屋维修等后续问题产生纠纷，导致工程价款迟迟未能结算，本院酌定自起诉日2018年4月23日起计算至本判决确定的自动履行期限内的实际给付之日止,1
248,原告大远东公司主张被告盛川公司向其支付欠付的工程款33.18万元，因原被告双方对被告应给付原告工程款321.68万元均予认可，且被告盛川公司已向原告大远东公司支付了工程款288.5万元，故原告该项主张本院应予支持,1
249,原告主张被告向其支付利息506877.59元及至实际清偿之日止的利息，因原被告在合同中未对逾期付款给付利息作出明确约定，且被告向原告最后付款日为2016年1月31日，利息应自2016年2月1日起，按中国人民银行同期贷款利率计算给付,1
250,因原被告双方合同约定冷库竣工日为2012年4月20日，但原告最终于2012年12月31日才将冷库交由被告验收并交付给被告，晚于合同约定的竣工日期，属逾期完工，原告的行为已经构成违约，应对被告盛川公司因其延期交付冷库给被告造成的损失承担赔偿责任,0
251,因原告逾期完工，经法定程序鉴定，被告盛川公司在2012年5月28日至2012年10月31日期间外租保鲜库，实际支付保鲜库租金70432元，对此损失原告应予赔偿,0
274,在《补充协议》签订后，群洲公司对铜仁大酒店工程至今未复工，虽对金滩半岛豪苑F1F2栋工程复工，但在完成部分工程后于2019年4月再次停工，至今2019年11月仍未能按期竣工，群洲公司亦于2019年6月2日发函通知南长城公司解除《建设工程施工合同》及《补充协议》，群洲公司明确表示解除合同，且其未按约定期限竣工的违约行为致使合同目的不能实现，南长城公司主张解除双方签订的《建设工程施工合同》及《补充协议》有事实及法律依据，本院予以支持,0
289,关于群洲公司反诉主张的逾期进度款资金占用利息损失、逾期退还保证金的资金占用利息损失、案涉工程停工损失的问题,1
296,关于南长城公司主张的逾期交房违约金损失及资金占用损失的问题,0
298,"因群洲公司违反合同约定不能按期对金滩半岛豪苑F1F2栋工程全面竣工，致使南长城公司不能按照其与金滩半岛豪苑F1F2栋房屋买受人约定的日期交付房屋，部分房屋买受人多次到当地政府有关部门信访，南长城公司的逾期交房违约金损失客观存在，对南长城公司主张的截止2019年8月31日的逾期交房违约金损失26,565,419元予以支持，对南长城公司主张应计算至群洲公司向其移交经质量验收合格的案涉工程之后的6个月为止的请求，综合考量本案实际，本院认为计算至群洲公司向南长城公司撤离金滩半岛豪苑F1F2栋工程施工现场、移交已完工程之日为宜，故群洲公司应赔偿南长城公司截止2019年8月31日的逾期交房违约金损失26,565,419元，并自2019年9月1日起，按照2019年7月1日至2019年12月30日，每日赔偿31,021元，2020年1月1日至2020年6月30日，每日赔偿33,886元，2020年7月1日后，每日赔偿34,374元的标准，向南长城公司赔偿损失，直至群洲公司向南长城公司移交金滩半岛豪苑F1F2栋工程施工现场之日止",0
301,《中华人民共和国合同法》第二百八十六条规定，“发包人未按照约定支付价款的，承包人可以催告发包人在合理期限内支付价款,1
302,发包人逾期不支付的，除按照建设工程的性质不宜折价、拍卖的以外，承包人可以与发包人协议将该工程折价，也可以申请人民法院将该工程依法拍卖,1
304,本案中，按合同约定，铜仁大酒店工程尚未达到发包人支付工程进度款的节点，金滩半岛豪苑F1F2栋工程发包人已按约支付工程进度款，不存在发包人逾期不支付工程款的情况，且案涉工程均未竣工，亦因群洲公司的违约，导致案涉工程不能按照约定日期竣工，群洲公司无权行使工程价款的优先受偿权，群洲公司的该主张无事实和法律依据，本院依法不予支持,1
326,合同签订后，繁宝公司按约履行，但由于钱国木业公司的“三通一平”工作未能及时做好、2号车间施工场地不能搬迁、钱国木业公司与村民关系没有处理好等多种原因，致使工程拖延到2013年8月底竣工，钱国木业公司分别于2012年8月及9月开始使用竣工的车间厂房,0
335,"1、繁宝公司支付延期交房违约金60万元(根据上海市建设工程施工投标标书情况汇总表第4条，按工程总造价7,009,179元的每日万分之二计算，自2012年4月8日起算至钱国木业公司使用车间二及门卫室的时间即2013年7月18日止)",0
339,原告(反诉被告)繁宝公司针对反诉辩称，延期交付的责任在于钱国木业公司,0
407,发包人收到承包人通知后仍不能按要求付款，可与承包人协商签订延期付款协议，经承包人同意后可延期支付,1
408,协议应明确延期支付的时间，并从计量结果确认后的第15天起计算应付款的贷款利息,1
442,(如乙方工程延期此工程款包括后期余款顺期延长),1
471,7、总造价工程余款，工程全部竣工验收合格后2年内付清(如因乙方提交的建筑手续不全，甲方可以延期付款),1
530,三、崎丰厂所欠全部工程款应在2014年10月31日前付清，并支付因逾期付款的利息损失,1
749,第一，关于钱国木业公司主张的延期交房违约金，虽由繁宝公司确认的上海市建设工程施工投标表述情况汇总表中约定了如达不到自报工期目标的违约责任，但该份汇总表是繁宝公司投标阶段的文件，此后繁宝公司与崎丰厂及钱国木业公司再行签订了多份协议，其中对于工程总价、工程范围等均作出了实质性的变更，且2011年9月的工程补充协议书约定的施工期限是暂定至2012年4月8日完成，而2012年10月，双方又行签订了补充协议书，由此可见，随着工程的进展，双方对于工程工期、工程内容一直在进行变更，现钱国木业公司要求繁宝公司支付延期交房违约金，缺乏依据，不予准许,0
776,因被告不能及时支付工程款造成原告停工、窝工及机械物件及租赁物件（钢管、扣件）损失3632100元，应根据建设工程施工合同违约责任的相关约定，由被告向原告承担赔偿责任,1
777,三、逾期付款利息的计算,1
778,根据鉴定机构出具的鉴定报告，截止2014年7月1日原告停工时，已经实际完成的工程量造价为79057193元，被告仅支付原告17000000元，存在逾期支付工程款的行为，故原告向被告主张逾期付款利息并无不妥,1
779,原、被告并未在建设工程施工合同中约定逾期付款的利息计算方式，故本院酌情认定利息计算如下,1
780,自2014年7月1日至2015年9月1日，共425天（从原告主张），逾期付款利息为4335502元（62057193元×6%÷365天×425天，按照银行同期贷款年利率6%计算）,1
829,《建设工程施工合同补充协议》中约定的增加项目的工程款，永泰建筑公司同意智发酒业公司延期至2016年8月18日前付清，如未能付清，智发酒业公司应以应付未付工程款数额按银行贷款同期利率支付利息，并按未付工程款数额日万分之五计付的违约金付给永泰建筑公司,1
833,“出借人与借款人既约定了逾期利率，又约定了违约金或者其他费用，出借人可以选择主张逾期利息、违约金或者其他费用，也可以一并主张，但总计超过年利率24%的部分，人民法院不予支持,0
835,考虑到智发酒业公司已按中国人民银行同期贷款利率标准支付逾期利息，双方约定的日万分之五的违约金偏高，本院酌定将违约金调整为以4438101元为基数，按日万分之二计算,1
842,本院认为，根据《承诺书》约定，永泰建筑公司与智发酒业公司已将250000元工程款转为借款，双方同时还约定了借款期限、借款利息及逾期还款的违约责任，故该笔款项已不属于本案工程款范畴，永泰建筑公司可另案主张,0
846,本院认为，方正建筑公司承包金利源天然气公司加气站零星工程后，其项目部经理杨述能代表方正建筑公司将工程转包给杨继会完成，按双方约定，杨述能在工程完工后一月付95%的工程款，逾期则每天按3‰支付利息，剩余5%的工程款于2015年7月15日付清,1
911,证明为了本案施工，原告于第一个协议签订后，租赁吉北房地产开发公司塔吊一台，自2011年8月5日起算租金，租金为每月12000元，因被告工地不能开工，延期30天造成12000元损失,0
916,证明为了本案施工，原告租赁薛永生塔吊一台，租金为每月12000元，延期50天造成2万元损失,0
986,证明原告没有提交竣工验收的相关手续及资料，被告曾经督促原告进行提交，导致工程款没有及时结算，责任不在被告,0
1208,虽然最高人民法院关于《审理建设工程施工合同纠纷案件适用法律解释》第十七条“当事人对欠付工程款价款利息计付标准有约定的，按照约定处理,1
1210,”、第十八条第（三）项“建设工程未交付，工程款也未结算，为当事人起诉之日”对支付欠付工程款利息有规定，但本案原告撤场时，双方未对原告已完工的主体工程的工程量及价款进行结算，也未明确约定迟延支付工程款的利息计付标准，双方均未按《会议纪要》履行各自义务，加之是通过诉讼和本院采信第一次鉴定后经本院对鉴定结论确认后才确定下欠工程款实际金额，故原告请求支付下欠工程款利息的请求不予支持,1
1214,被告欠付原告工程款1284781.83元,1
1216,原告要求被告支付欠付工程款1284781.83元的请求，符合相关法律规定，本院不予支持,1
1314,5、如发包人不能按合同约定时间付款，逾期不超过一个月的，发包人不承担违约责任，逾期超过一个月但不超过三个月的，由发包人按所欠工程款的1.5%月息支付给承包人利息，逾期超过三个月的，承包人有权停工,1
1316,（1）承包人不能按合同约定提供全额履约保证金而造成发包人不能按时支付工程款或承包人违约的,1
1379,对于欠付工程款的逾期付款利息的认定问题,1
1380,合同约定为逾期一个月不承担违约责任，逾期超过一个月按月息1.5%支付利息，本院根据合同约定的付款节点及应付款金额分段进行计算,1
1381,1、竣工验收后一个月即2014年8月18日起至合同约定的应办完竣工结算应付款之日后一个月即2015年2月28日共计195日期间内的欠付款项为26473088.5元（84639683.3元×85%-45470642.31元），该段时间内的利息经计算为2545768.24元（18%÷365日×195日×26473088.5元）,1
1383,关于退还质保金的逾期付款利息的认定问题,0
1393,对于大邦公司提出的要求湖南四公司立即向大邦公司交付竣工备案资料，配合大邦公司办理竣工备案手续，并赔偿因延期交付备案资料给大邦公司带来的损失3889.6万元的主张,0
1429,1.本案是按双方签订的备案合同《湖南省建设工程施工合同》进行结算，还是按双方2013年6月26日签订的《补充协议》进行结算？如何确认本案中的工程造价？2.如何确认被告（反诉原告）瑞海公司已支付原告（反诉被告）长沙建工公司工程的具体金额？被告（反诉原告）瑞海公司还应支付多少工程款？3.被告（反诉原告）瑞海公司是否应承担逾期支付工程的利息？4.原告（反诉被告）长沙建工公司对工程款是否享有优先受偿权？5.原告（反诉被告）长沙建工公司是否有工期延误？如有应如何向被告（反诉原告）瑞海公司承担违约责任？6.原告（反诉被告）长沙建工公司是否应向被告（反诉原告）瑞海公司交付工程竣工验收资料及工程款发票？,1
1476,依据《最高人民法院关于审理建设工程施工合同纠纷案件适用法律问题的解释》第十七条规定，逾期付款应按人民银行同期贷款利率计息,1
1477,因此，被告（反诉原告）瑞海公司自2016年1月27日起按人民银行同期贷款利率承担逾期支付工程款的利息，对原告（反诉被告）长沙建工公司主张按日万分之五承担利息及融资成本费1036800.9元的诉讼请求不予支持,1
1480,“发包人未按照约定支付价款的，承包人可以催告发包人在合理期限内支付价款,1
1481,发包人逾期不支付的，除按照建设工程的性质不宜折价、拍卖的以外，承包人可以与发包人协议将该工程折价，也可以申请人民法院将该工程依法拍卖,1
1501,逾期付款和逾期完工的违约金，经济损失，以及对建筑物的优先受偿权,1
1525,三、原告诉请被告xx公司定期支付工程款逾期利息的问题,1
1526,原告诉请被告xx公司逾期支付工程款利息是依据《xx二期17#、18#、19#楼补充协议》（二）计算如下,1
2419,”对被告逾期支付工程进度款应付利息的约定,1
2421,当事人对欠付工程价款利息计付标准有约定的，按照约定处理,1
2422,本案中，原告xx公司、被告xx公司签订《补充协议（二）》第四条的约定“拖欠100万元部份工程款时间达三个月以上，按月息5%计算利息”的约定过高，根据本案的实际情况，由于被告xx公司对原告xx公司的工程款逾期支付利息的计算方式并没有提出具体的意见，本院认为应以原告xx公司主张的金额、日期统一按3%计算利息为妥，因原告xx公司在诉请中主张工程款逾期支付利息计算至2014年12月1日为5749716.75元，经本院核算，应予以支持，至于2014年12月2日以后的利息，则按尚欠工程款7191192.89元减扣100万元（合同约定）为基数按月息3%计算至清偿完毕之日止，而被告xx公司应支付返还的工程质量保证金573822.13元，因约定工程质量保证金不计利息，故本院不予支持,1
2424,关于反诉，一、被告xx公司诉请原告xx公司承担逾期交付施工的17#、18#、19#楼共计163万违约金的问题，本案中17#楼的开工日期为2010年9月13日（开工令），约定工期为500天，按约定应至2011年1月25日左右完工，经五单位共同验收日期为2012年11月6日（原告认为竣工验收期为2011年12月20日），18#楼的开工日期为2010年12月1日（开工令），约定工期为600天按约定应至2012年10月左右，经五单位共同验收日期为2013年9月17日（原告认为竣工验收日期为2011年12月20日），19#楼的开工日期为2011年5月18日（开工令），约定工期为600天（按约定应至2013年2月18日左右），经五单位共同验收日期为2013年9月17日（原告认为竣工日期为2013年7月15日），对上述诉辩，首先，被告未按约定期限支付工程进度款项，至今尚欠工程进度款7191192.89元，且17#、18#、19#楼系原告通过自己的努力，工程才能顺利完工,1
2430,由于原告xx公司在为被告xx公司的项目xx17#、18#、19#楼工程，被告未能及时全额的支付约定的进度款，分包工程影响主包工程进度，造成原告对被告的商业信誉度产生合理怀疑，工程进度的延缓亦是行使不安抗辩权的权利，建设工程超过合同约定竣工验收，并不构成违约，故被告诉请要求原告支付工程逾期违约金163万元的诉请本院不予以支持,0
2431,二、被告诉请原告赔偿，因逾期交房造成的经济损失1075551.41元，因逾期办证造成的经济损失1132753.74元，因车位延期交付造成损失21888.15元的诉讼请求，原告施工的xx17#、18#、19#楼房主体（基础）工程，原告是在约定期限内完成了该项目工程，造成“五单位”未能在约定的期限内进行竣工验收，是被告自身的原因（理由同上，不再重复），造成的损失亦由被告自行承担,0
2444,因《竹城公路武冈道之驿建设工程施工承包合同书》中，双方在付款方式及违约处罚条款中，并没有约定未按期支付工程款应当支付利息，但在《竹城公路武冈道之驿建设工程施工承包补充合同书》中约定未按期支付工程款应当支付利息，而该补充合同书签订于2012年11月5日，结合在该合同签订前，王太平向王祥兵索贿980000元这一事实，可以推定为双方以约定支付工程款利息的合法形式掩盖索贿这一非法目的,1
2446,因此，《竹城公路武冈道之驿建设工程施工承包补充合同书》、《竹城公路武冈道之驿服务楼建设工程施工承包合同书》中约定未按期支付工程款应当支付利息的条款系无效条款,1
2507,同时，由于格瑞汀公司未按时支付工程款，导致涉案工程未按期竣工,1
2603,因各方当事人均未对工程质量提出抗辩或反诉，且涉案工程已交付使用，而潘国彬未按进度施工的原因在于工程量的增加和逾期支付工程款,1
2643,（四）格瑞汀公司应当在其欠付的工程款范围内承担责任,1
2645,发包人只在欠付工程价款范围内对实际施工人承担责任”的规定，本案中格瑞汀公司作为涉案工程的发包人，其已向杨建飞支付工程款6123000元（包括2013年12月13日支付给潘国彬的工人工资53370元），尚欠407745.19元（7190258.09元-已付工程款6123000元-未完工程款300000元-质量保修金359512.90元）,1
2646,故格瑞汀公司应在欠付工程价款407745.19元的范围内对潘国彬承担责任,1
2716,发包人只在欠付工程价款范围内对实际施工人承担责任”,1
2726,本案中，经原、被告约定，如发包人原因造成项目不能按照合同约定进行施工或者导致合同终止的，发包人应按期全额返还履约保证金给承包人，如逾期返还除每逾期一日按履约保证金总额的1%向承包人支付违约金外，还需按履约保证金总额的3%向承包人支付资金损失费，直至付清为止,0
2764,现国神华公司未按约定履行还本付息义务构成违约，南通二建公司请求国神华公司返还履约保证金及支付使用期限内的利息及逾期利息，理由充分，应予支持,1
2765,由于逾期利息在性质上属于违约损失，且南通二建公司未举证证明其在利息损失之外还存在其他损失，故南通二建公司在主张按年利率24%计算逾期利息的同时又要求国神华公司按利息的同等标准另行支付违约金，属于重复要求国神华公司承担违约责任，本院对重复主张的部分不予支持,0
2838,4.上陵公司应否承担欠付工程款利息,1
2931,综上，上陵公司及其青铜峡分公司欠付楚湘公司及其宁夏分公司的工程款为,0
2933,四、关于上陵公司应否承担欠付工程款利息的问题,1
2934,双方在案涉合同专用条款35条对欠付工程款利息有明确约定，“发包人未按合同约定支付工程款（进度款）的，双方又未达成延期付款的协议，从约定之日起向承包人支付应付款的贷款利率为,1
2937,”根据上陵青铜峡分公司出具的《工程竣工证明》，案涉工程至迟于2013年12月5日竣工验收合格，根据《最高人民法院关于审理建设工程施工合同纠纷案件适用法律问题的解释》第十七条、第十八条规定，上陵公司应自2013年12月6日起支付欠付工程款并按合同约定承担欠付工程款的利息,1
2939,上陵公司应自2013年12月6日案涉工程竣工验收之日起至判决确定给付之日止按中国人民银行同期贷款基准利率的3倍承担欠付工程款的逾期付款利息,1
2954,而楚湘公司施工力量不足存在逾期竣工情形，且案涉工程各分项工程施工进度不同，已付工程款也无法准确区分支付对象，故对楚湘公司及其宁夏分公司要求上陵公司承担支付拖欠工程进度款利息的主张亦不予支持,1
2958,楚湘公司主张的其与双通公司、宁夏燕昇建筑装饰工程有限公司和吴忠市金马砼业有限公司等诉讼案产生违约金或损失应由上陵公司承担，根据合同相对性原理，楚湘公司与双通公司等公司之间纠纷与本案无关，上陵青铜峡分公司虽然在2011年5月30日向双通有限公司出具了《承诺函》，但并未承诺不按时付款需承担何种责任，故本院对楚湘公司及其宁夏分公司的主张不予支持,0
3109,本院认为，本案的争议焦点是欠付工程款的数额、付款责任应当由谁承担、是否应当支付工程款利息及利息计算方式,1
3110,关于欠付工程的数额,1
3116,综上，涉案工程的欠付工程款数额为5318400.5元,1
3119,因威达公司土建资质不符合工程需要，故威达公司与宝塔公司签订的三份《建设工程施工合同》属于部分有效的合同，但威达公司已对涉案工程进行了施工，其有权要求宝塔公司支付工程价款，且宝塔公司在《〈建设工程施工合同〉权利义务转移协议书》及《〈建设工程施工合同〉权利义务转移协议书》之补充协议中亦对已完工程量及已付款进行了确认，故宝塔公司应当向原告威达公司支付欠付工程款5318400.5元,1
3120,原告威达公司认为中石化扬州分公司在三方协议中确认由宝塔公司直接支付给其的工程款最终在中石化扬州分公司的结算款项中扣减，中石化扬州分公司是最终的义务承担者，中石化扬州分公司的权利义务应当由中石化公司承担，故要求被告中石化公司承担向其支付欠付工程款的责任,1
3121,因《〈建设工程施工合同〉权利义务转移协议书》及《〈建设工程施工合同〉权利义务转移协议书》之补充协议均明确约定，就威达公司已完工程量，由威达公司开具工程款发票与宝塔公司进行结算，故原告威达公司要求被告中石化公司承担支付欠付工程款的责任不符合法律规定，本院不予支持,1
3123,原告要求被告按照年息6%支付自2013年3月15日起至判决确定的给付之日止的欠付工程款利息,1
3124,2013年3月15日，原告威达公司及被告宝塔公司对已完工程进行了结算，故宝塔公司应当按照中国人民银行同期同类贷款利率支付欠付工程款自2013年3月15日起至本判决确定的给付之日止的利息,1
3175,庭审中双方均确认已付款为104575202.22元，据此实际欠付的工程价款为18130371.08元,1
3181,“当事人对欠付工程价款利息计付标准有约定的，按照约定处理,1
3189,”双方虽在合同中对于欠付工程进度款的利息支付有约定，但对于欠付工程结算价款利息如何支付没有约定，根据上述法律规定，欠付工程结算价款的利息应按中国人民银行同期同类贷款利率予以计付,1
3190,本案工程停工后双方在基于合同有效的认识下，一直针对合同是否继续履行和应否解除进行协商，未进行工程款的结算，故逾期付款利息应自起诉之日计算至欠款实际给付之日止,1
3193,“发包人未按照约定支付价款的，承包人可以催告发包人在合理期限内支付价款,1
3194,发包人逾期不支付的，除按照建设工程的性质不宜折价、拍卖的以外，承包人可以与发包人协议将该工程折价，也可以申请人民法院将该工程依法拍卖,1
3197,但优先受偿的范围应限于工程欠付款本金，对于启航公司主张逾期付款利息也一并优先受偿，本院不予支持,1
3200,本案合同无效，双方合同所约定的违约责任条款亦无效，因此嘉鼎祥公司要求按照合同中逾期完工违约责任条款中约定的结算比例向启航公司支付工程结算款的主张不能成立，本院不予支持,1
3239,关于金地公司主张的工期违约金，同辉公司自认因其原因导致整个工期逾期1815天，但双方未就工期延误违约金的数额达成一致，本案争议的焦点是同辉公司应向金地公司支付工期逾期违约金的数额,0
3281,3、即便双方订立的劳务合同有效，但双方约定的逾期违约金条款显失公平，应予撤销,1
3286,而同时该合同的补充协议里面也约定了用水用电由发包人即原告统一安排，由此被告应不予承担，综上对于工期的延误由于在2013年8月2日唐山市建设工程质量监督检测站发出了暂停施工通知，且至今没有复工通知，即便双方劳务合同有效的情况下，被告的工期应无限期顺延，由此被告不承担违约金问题和延期问题，故原告诉请均不成立，请依法驳回,0
3364,由此被告工期应无限期顺延，被告逾期完工不存在过错,0
3366,也就是暂停施工，被告逾期完工不存在过错,0
3386,2、该补充协议对延期交付工程的违约责任的规定显失公平，应予撤销,0
3496,对证据八证证明2013年4月1日联大与石家庄一建订立了施工合同，合同的专用条款第4条约定承包人不得分包，合同的协议书部分第7条确认了承包人的项目经理为贺同振，合同内容明确约定了未经联大确认，承包人的项目经理不得随意更换，该合同同时表明了2013.3.19日原、被告订立合同是在主合同之前，在承包人石家庄一建没有取得河北联大8号宿办楼施工合同的情况下，其委托他方订立的劳务分包合同应无效，同时该合同的通用条款部分，对于承包人的工期顺延问题作出了明确约定，同时该合同的专用合同条款第11条第5款明确约定了“因承包人造成工期延误，承包人应支付违约金每日天赔付额度为1万元，但赔偿费的总高限额为合同总价的5%为限”，由于原、被告合同订立之前，该合同的订立不能违背主合同约定的违约金的界限，即便被告施工延期，违约的处罚也不能超过合同总价的5%，由此即便原、被告双方的劳务合同有效，双方对违约金条款的约定显失公平，且违法法律规定，应予撤销,0
3498,对证据十该证据主要是2013年8月2日由于监理单位总监不在场，总包单位技术质检人员不在成等其他原因，由唐山市建设工程质监站强行下令暂停施工，并要求整改，而该证据质监站进行了加注证明，内容为“复工通知单未发”也就意味着自2013年8月2日起，对工程的国家监管部门由于工程存在诸多问题被强只要求暂停施工，被告按照联大及质监站的要求在8月2日已经全面停工，在没有接到复工通知的情况下，原告强令被告继续施工，即便到了2013年10月5日被告完工时，质监站的复工令也未发出，被告是在违反法国家法律法规强制性规定的情况下强制性施工，其工期的顺延应是无限期，即便存在工期延误，责任也不是由被告引起的，故通过该证据表明被告不存在延期交付工程违约问题,0
3591,关于逾期付款违约金,1
3593,即，李坚古应以42262元为本金，按日利率1%自2014年1月21日起至2015年1月30日止向莫建勇支付逾期付款违约金,1
3594,但，莫建勇并未提供合法有效的证据证明其实际损失，且李坚古主张违约金过高应于调整，因此，根据《最高人民法院关于适用﹤中华人民共和国合同法﹥若干问题的解释（二）》第二十九条的规定，本院酌情认定逾期付款违约金利率为中国人民银行同期同类贷款利率加收30%计付，即逾期付款违约金应以42262元为本金，按中国人民银行同期同类贷款利率的1.3倍计付，自2014年1月21日起计至2015年1月30日止,1
3647,另，针对原告主张的工程尾款自2015年11月18日起的逾期利息的诉求,1
3648,本院认为，根据《最高人民法院关于审理建设工程施工合同纠纷案件适用法律问题的解释》的相关规定，工程款利息系法定孳息，当事人对欠付的工程款利息应予以支付,1
3652,“发包人未按照约定支付价款的，承包人可以催告发包人在合理期限内支付价款,1
3653,发包人逾期不支付的，除按照建设工程的性质不宜折价、拍卖的以外，承包人可以与发包人协议将该工程折价，也可以申请人民法院将该工程依法拍卖,1
3692,第十七条，当事人对欠付工程价款利息计付标准有约定的，按照约定处理,1
3700,被告陈述涉案工程尚未全部施工完毕，未雇佣人员强行接管工地，双方在竣工日期上各执一词，目前工程未经竣工验收，也无证据证明原告已经向被告提交了竣工验收报告，经庭审调查，被告认可于2016年10月按收了涉案桩基和主体工程，在双方对付款时间约定不明的情形下，应以被告认可接收工程时间为基准日，以实际欠付工程款为基数，按中国人民银行发布的同期同类贷款利率计算利息,1
3723,由于九龙公司逾期未付工程款在客观上会给顺通公司造成一定的经济损失，所以本案中顺通公司依据法律规定以及《支付工程尾款的补充协议》的约定向九龙公司主张逾期付款利息及违约金能够成立，故本院对顺通公司该两项主张中的合理部分予以支持,1
3724,关于逾期付款利息的计算问题，本院经审查后认为，根据九龙公司和顺通公司在《支付工程尾款的补充协议》第二、四条中的约定，本院确定九龙公司应按中国人民银行发布的同期贷款基准利率上浮15%向顺通公司支付逾期付款利息,1
3725,结合九龙公司应付款和实际付款情况，本院确定逾期付款利息的计算期间为,1
3806,发包人延期支付工程款，则应承担应付款额每日万分之五的违约金,1
3885,“当事人对欠付工程价款利息计付标准有约定的，按照约定处理,1
3890,本案中，原告主张的质量保修金3938014元属涉案工程价款的组成部分，二被告应于2014年7月16日返还2362809元，2017年7月16日返还1575205元，但其未及时返还，应支付相应利息,1
3891,双方对欠付工程价款利息计付标准没有约定，原告主张二被告支付按银行同期贷款利率计算至2017年10月8日的利息378111元，此后按银行同期贷款利率计算至质量保修金实际返还之日，本院予以支持,1
3902,万特公司应否按同期银行贷款利率的二倍支付中色十二冶公司逾期付款违约金，并赔偿窝工、材料、利润、利息等各项损失计211733875.28元,1
3962,万特公司应否按同期银行贷款利率的二倍支付中色十二冶公司逾期付款违约金，并赔偿窝工、材料、利润、利息等各项损失,1
3973,中色十二冶公司虽提供部分延期报告，但均未得到万特公司的批复认可,0
3978,工期延误损失43699400元、延期交房违约金13031847.74元、违反完工节点违约金150万元、市政道路恢复工程多支付的工程款6999511.86元、错误财产保全造成的损失2463066.61元,0
3979,对工期延误损失43699600元，经查，万特公司提出的工期延误损失主要包含商铺租金3161万元、办公租房损失24万元、人员工资损失179万元、地下停车场经营损失6451200元以及延期期间增加的财务成本损失3608200元,0
3982,根据双方在案涉《建设工程施工合同》专用条款第35.2条中的约定，因承包方原因造成工期延误，除每日按案涉工程总价万分之一赔偿工期延误违约金外，造成发包人未按时交付所引起的经济损失，亦应由承包人予以赔偿,0
3986,对万特公司提出的延期交房违约金13031847.74元、违反完工节点违约金150万元,0
3987,鉴于本院已经认定中色十二冶公司对工期延误承担主要责任，并已按施工合同约定的违约责任条款，判令中色十二冶公司承担6002004元的违约金，故万特公司再次要求中色十二冶公司承担延期交房违约金和违反完工节点违约金依据不足，本院不予支持,0
3998,对中色十二冶公司要求万特公司按同期银行贷款利率的二倍支付中色十二冶公司逾期付款违约金的诉请，经查，案涉工程至今未进行竣工验收，本应将案涉工程投入使用时间视为竣工验收时间，由万特公司自该日起支付欠付工程款利息，但根据双方合同及补充协议中关于工程竣工结算审查期限和付款节点的约定，发包人应在收到承包人完整的竣工结算资料后60天内审核完毕，结算完成后一个月内支付结算价95%工程款,1
4000,即万特公司应自2015年4月30日起支付95%工程款并自该日起支付欠付工程款利息,1
4001,对于利息计算标准，根据双方所签《补充协议》的约定，发包人欠付工程款将要承担所欠工程款的企业同期银行贷款利率的两倍赔偿,1
4081,因被告没有按时支付工程款，还应支付利息（利息以793626.72元为基数，按月息5‰从2017年10月12日起计算至工程款付清之日止，暂计算到2018年5月20日为28808.65元）,1
4086,491038元，该鉴定结论对8张工期延期签证的真实性不能认定，对工期延误的原因也没有做出鉴定，本案中的8张工期延期签证，证人唐某当庭作证认为，这8张工期延期签证是事后补签的，唐某是碍于情面签的字，且该延期签证没有合同约定的发包人（被告）指定的接收人“蔡有德”签字，再加上这8张签证单存在误工日期重复等不符合逻辑的情形，因此该8张签证单不能作为认定工程延期的损失的依据,0
4097,因本案中，株洲市住房和城乡建设局于2017年8月15日作出《行政决定书》，撤销了被告公司长城国际商业广场一期工程建筑工程施工许可证，且被告（反诉原告）也没有证据证明是工程延误是原告（反诉被告）的原因造成，故被告（反诉原告）反诉要求原告（反诉被告）湖南佳阳建设集团有限公司支付逾期竣工违约金320726.5元，延期竣工交付期间造成的商铺租金损失2128995元，办公室占用费40000元、搅拌机场地占用费6000元的反诉请求，没有事实和法律依据，本院依法不予支持,0
4167,被告在2013年8月27日使用综合楼说明中作岀的承诺“保证按合同结算，人工费按合同执行、拨款结算”，被告违反合同的约定，没有按时给工程款，应给付拖延支付工程款的利息，由于双方没有约定利息及利率，按法律规定，“当事人对欠付工程价款利息计付标准有约定的，按照约定处理,1
4223,另外，关于反诉原告港湾公司提出反诉请求判令反诉被告银座公司赔偿因延期交付工程给反诉原告造成的经济损失，其虽向法庭提出司法鉴定申请，但在限期内因未提交相关的鉴定资料和证据，不符合鉴定要求，故本院不予委托鉴定,0
4226,2、原告与被告双方当事人共签订了三份建设工程施工合同，应以哪份合同为准，原告是否构成延期交工，原告在施工期间失火是否造成延期交工,0
4234,（二）关于原告与被告双方当事人共签订了三份建设工程施工合同，应以哪份合同为准，原告是否构成延期交工，原告在施工期间失火是否造成延期交工的问题,0
4236,关于双方争议的竣工日期应以哪份合同为准的问题，反诉原告认为应以第一份机打建设工程施工合同约定的竣工日期2013年9月30日为准，而反诉被告于2015年7月31日才将工程交付使用，已经构成延期交工,0
4237,反诉被告认为应按照第二份复印件建设工程施工合同约定的计划竣工日期2014年11年20日为准，工程已于2014年8月竣工并交付使用，同年10月31日通过验收合格，工程并未延期交付,0
4244,关于原告是否构成延期交工，原告在施工期间失火是否造成延期交工的问题,0
4246,但从竣工验收报告显示竣工日期应为2014年10月31日，而第三份备案合同约定的竣工日期为2014年11年20日，因此原告并未延期交工,0
4247,同理，汇源大酒店发生火灾时间为2014年4月28日，亦未造成延期交工,0
4269,同样被告称原告于2015年7月31日才施工完毕交付反诉原告使用，延期交付22个月，给反诉原告造成巨大的经济损失，亦无证据予以证明,0
4293,发包人只在欠付工程价款范围内对实际施工人承担责任”及《最高人民法院关于适用（中华人民共和国民事诉讼法）的解释）》第五十四条,1
4359,《最高人民法院关于审理建设工程合同纠纷案件适用法律问题的解释》第十七条规定“当事人对欠付工程价款利息计付标准有约定的，按照约定处理,1
4379,（3）关于一期工程除工程质量保证金以外的工程款及工程质量保证金逾期违约金问题,0
4381,“余款扣除质量保修金5%后，在招标人工程造价经审计后支付”和“逾期支付工程款，除支付利息外，每超一天，承担合同总价0.1%的违约金”，因违约金约定过高，应适当减少为24%/年,1
4382,因保修金属于工程结算款的一部分，故应按24%/年逾期支付保修金违约金,0
4391,逾期支付工程款，除支付利息外，每超一天，承担合同总价0.1%的违约金,1
4392,本案是建设工程合同即承包人进行工程建设，发包人支付价款的合同，在案涉施工合同合法有效情形下，双方在合同中既约定了逾期付款违约金又约定了逾期付款利息，发包人益宁公司未按约支付工程款，博源公司同时主张逾期付款利息和违约金，应按照上述的法律规定和合同约定予以支持，但利息和违约金之和不能超过年利率24%,1
4440,（3）二期工程款逾期支付的利息损失,1
4441,关于利息计算标准问题，根据《最高人民法院关于审理建设工程施工合同纠纷案件适用法律问题的解释》第二条“建设工程施工合同无效，但建设工程经竣工验收合格，承包人请求参照合同约定支付工程价款的，应予支持”的规定，博源公司可参照2013年1月23日《建设工程施工合同》主张工程价款，亦可参照2013年1月23日《建设工程施工合同》工程款支付时间的约定，益宁公司存在延迟支付工程款的情况，客观上给博源公司造成了损失，博源公司主张的利息本质上属实际损失，虽然约定的利息条款无效，但参照《最高人民法院关于审理建设工程施工合同纠纷案件适用法律问题的解释》第十七条“当事人对欠付工程价款利息计付标准有约定的，按照约定处理,1
4451,因益宁公司逾期结算和逾期付款引起本案诉讼，原告博源公司为此向保险公司交纳的诉讼保全担保保险费系原告博源公司支出的合理必要费用，属原告博源公司的损失部分，应由过错方益宁公司承担,1
4458,“发包人未按照约定支付价款的，承包人可以催告发包人在合理期限内支付价款,1
4459,发包人逾期不支付的，除按照建设工程的性质不宜折价、拍卖的以外，承包人可以与发包人协议将该工程折价，也可以申请人民法院将该工程依法拍卖,1
4463,”本案中，虽然案涉施工合同无效，但案涉工程已经竣工交付，并且工程质量合格，按照上述规定，发包人益宁公司欠付工程款，承包人博源公司享有工程价款的优先受偿权,1
4488,承包人就逾期支付建设工程价款的利息、违约金、损害赔偿金等主张优先受偿的，人民法院不予支持,1
4489,"”故原告博源公司依法享有工程价款优先受偿权仅限于益宁公司欠付的工程款164,384,040.06元",1
4543,第二，关于进度款逾期支付违约金,0
4546,故对原告要求被告承担“进度款逾期支付违约金”的诉讼请求，本院不予支持,0
4581,关于龙门吊及脚手架闲置费的问题，本院认为，该部分不属于误工延期损失范畴，并不属于工程造价鉴定范围,0
4582,对此部分本院将在违约延期损失范围内评述,0
4661,三、本案是否存在施工延期，若存在延期损失如何承担,0
4709,龙门吊及脚手架闲置费本院参考湖北边际咨询有限责任公司出具的意见认定该部分损失为1119027.66元，但由于容福公司只主张1069906.94元，本院认定该部分损失为1069906.94元，并支付从本案立案之日即2016年4月5日开始计算逾期支付工程款利息（以1069906.94元为本金，按照同期商业银行贷款利率从2016年4月5日计算至本金付清之日至）,1
4712,由于误工延期的责任主要在嘉盛公司，故嘉盛公司要求容福公司支付工期逾期违约金1000万元本院也不予支持,0
4808,综上，被告欠付的工程款为1850932.66元（85958960元－20672156.48元－12956235.88元－459965元－44002542.78元－6017127.2元）,1
4809,涉案工程于2017年4月27日竣工验收合格，尚未过质保期，而根据合同约定，质保金为工程总价款的5%，即4297948元（85958960×0.05），被告欠付的工程款尚不足质保金数额，故被告目前不欠原告工程款,1
4858,发包人只在欠付工程价款范围内对实际施工人承担责任,1
4860,结合双方签订的《装修工程施工合同》，合同工程预算暂估价为5000000元，故现由于没有证据证明海伟公司欠付中林公司工程款，金陵公司应承担举证不能的不利后果，即本院不能确定海伟公司存在欠付工程款的事实,1
4862,第五，对于原告主张的利息，根据《最高人民法院关于审理建设工程施工合同纠纷案件适用法律问题的解释》第十八条的规定，对于欠付工程价款利息的起算时间应系工程使用时间，即2014年12月31日,1
4863,根据《最高人民法院关于审理建设工程施工合同纠纷案件适用法律问题的解释》十七条“当事人对欠付工程价款利息计付标准有约定的，按照约定处理,1
4871,一、石门城建房产公司是否应向邓文年支付工程款及利息、是否应向邓文年返还工程履约保证金并支付利息、是否应向邓文年支付工程逾期损失,1
4896,对于邓文年要求石门城建房产公司向其支付工程欠款利息及逾期拨款利息1257199元的请求，根据查明的案件情况，本案所涉工程于2013年5月23日经验收合格，邓文年在2013年5月28日向石门城建房产公司递交了竣工决算资料，还在2013年6月3日递交了全部竣工技术资料和施工资料,1
4899,根据《最高人民法院关于审理建设工程施工合同纠纷案件适用法律问题的解释》第十八条的相关规定，石门城建房产公司应按照中国人民银行同期同类贷款利率从应付工程款之日（2013年9月28日）起向邓文年支付欠付工程款3373141.35元的利息至付清之日止,1
4901,此外，石门城建房产公司已按照合同约定先后向邓文年支付了工程进度款14231580元，邓文年也未提供合法有效的证据证明石门城建房产公司存在逾期拨款的行为并给邓文年造成了利息损失，故邓文年要求石门城建房产公司向其支付逾期拨款利息的请求不能成立，本院不予支持,1
4903,石门城建房产公司未按时返还邓文年缴纳的履约保证金，其行为给邓文年带来一定资金占用损失，从公平原则的角度出发，本院认为石门城建房产公司应按照中国人民银行同期同类贷款利率从应退还全部履约保证金之日（2013年5月23日）起向邓文年支付该700000元的利息至付清之日止,0
4905,对于邓文年要求石门城建房产公司向其支付工程逾期损失482620元的请求，本案诉讼中，邓文年仅提供了一份自己制作的情况说明拟证明因石门城建房产公司的原因导致工程延误而给邓文年造成了相关损失，并未提供其他合法有效的证据证实其主张，石门城建房产公司对此也不予认可，故根据谁主张谁举证的原则，邓文年的该项请求没有事实依据，本院不予支持,0
4947,发包人只在欠付工程价款范围内对实际施工人承担责任”,1
4965,发包人融通公司仍应在欠付工程款范围内向实际施工人蒋大平承担给付责任,1
4974,现实情况还在于融通公司尚未将案涉工程质保金交付执行，该质保金作为种类物的金钱货币，在尚未交付作为安泰公司另案债权人申请的执行标的之前，该质保金的所有权仍属于融通公司，且仍属于融通公司就案涉工程的欠付工程款的范围,1
4975,根据前述分析，发包人融通仍应当就欠付工程款向实际施工人蒋大平承担责任,1
5027,双方还约定了后续施工单位的选任成就与否、被选任单位的行为所产生的法律后果由异地办承担以及被告不按时支付补偿费所应当承担违约赔偿责任等条款，足以认定各方意思表示真实，解除协议并不违反法律的强制性规定，依法应当认定合法有效,0
5087,中心医院是否延期盖章不影响合同的成立,0
5120,本案中，原、被告在《建设工程施工合同》中对欠付工程款如何计息没有约定，商丘市宏昌置业有限公司股东王龙亮于2013年11月2日向原告出具的欠条中双方约定了利息，按照最高人民法院《关于审理建设工程施工合同纠纷案件适用法律问题的解释》第十七条,1
5121,“当事人对欠付工程价款的利息计付标准有约定的，按照约定处理,1
5123,双方在欠条中约定了还款期限，被告没有按照约定还款期限归还工程款，属违约行为，应承担违约责任,0
5272,故，不能证明工期延期了,0
5371,证明开工日期是4月1日，证明甲方外围工程应该在2014年9月6日至10月5日之间完成，但甲方外委工程没有按时完成，造成工期延误，被告应承担责任,0
5376,25、关于6#7#9#楼延期开工加大施工投入后与先期开工的另外七栋楼同步工期的证明及所附两页施工日志,0
5378,原告加大投入追赶工期，使延期开工的3栋楼与另外7栋楼同步，到2014年8月12日，全部10栋楼全部封顶,0
5385,26、关于丽景家园工程项目延期证明及所附36页施工日志,0
5588,&quot;发包人未按照约定的时间和要求提供原材料、设备、场地、资金、技术资料的，承包人可以顺延工程日期，并有权要求赔偿停工、窝工等损失,0
5614,6#7#9#楼延期开工加大施工投入后与先期开工的另外七栋楼同步工期的证明及所附两页施工日志证明,0
5615,原告加大投入追赶工期，使延期开工的3栋楼与另外7栋楼同步，到2014年8月12日，全部10栋楼全部封顶,0
5628,&quot;工程竣工结算以合同工期为准，实际施工工期比合同工期提前或延后，发、承包双方应按合同约定的奖惩办法执行,0
5631,《建设工程施工协议书》第16条款约定，甲方无合理理由二不按时支付工程进度款、甲方不履行协议义务或不按协议约定履行义务的其他情形的，甲方应该承担违约赔偿责任,1
5734,（房屋建筑工程报告书记载的日期是2015年10月5日），因原告延期交工应支付给被告的违约金应在决算时相应扣除,0
5751,综上，由于原告故意没有及时提供竣工验收的技术档案资料，就不能取得相应的合格证，商品房的买受人就不能办理房照,0
5979,"三、合浦昌林房地产公司是否欠付工程款,如欠付,数额为多少,应否支付欠付工程款的利息及利息应如何计算",1
5980,四、合浦昌林房地产公司反诉主张广西廉凯公司扣除质量保修金、支付逾期交工违约金、审核费是否有事实和法律依据,0
6008,"关于焦点三即合浦昌林房地产公司是否欠付工程款,如欠付,数额为多少,应否支付欠付工程款的利息及利息应如何计算的问题",1
6020,"根据《最高人民法院关于审理建设工程施工合同纠纷案件适用法律问题的解释》第十七条“当事人对欠付工程价款利息计付标准有约定的,按照约定处理,没有约定的,按照中国人民银行发布的同期同类贷款利率计息”的规定，合浦昌林房地产公司未按期向广西廉凯公司支付全部工程价款，应向其支付逾期付款利息",1
6021,"由于双方当事人签订的前述案涉合同属无效合同,合同中关于逾期付款利息的计付标准亦相应无效,则应视为对欠付工程价款利息给付标准没有约定,参照上述司法解释的规定,合浦昌林房地产公司应按照中国人民银行发布的同期同类贷款基准利率计付利息",1
6022,"关于逾期付款利息的起算时间,依照《最高人民法院关于审理建设工程施工合同纠纷案件适用法律问题的解释》第十八条“利息从应付工程价款之日计付",1
6023,"当事人对付款时间没有约定或者约定不明的,下列时间视为应付款时间:（一）建设工程已实际交付的,为交付之日;（二）建设工程没有交付的,为提交竣工结算文件之日;（三）建设工程未交付,工程价款也未结算的,为当事人起诉之日”的规定，本案中,广西廉凯公司未举证证明讼争工程是否交付、何时交付给合浦昌林房地产公司,但2018年3月24日，合浦昌林房地产公司与广西廉凯公司签订前述《协议书》，约定由广西廉凯公司出具结算书交给合浦昌林房地产公司，故参照上述司法解释的规定,逾期付款利息应从2018年3月24日起算",1
6024,关于焦点四即合浦昌林房地产公司主张扣除案涉质量保修金、支付逾期交工违约金、审核费是否有事实和法律依据问题,0
6038,待五年保修期满后，合浦昌林房地产公司在保修期满十五日内向广西廉凯公司退回上述20%质量保修金219699.14元，若合浦昌林房地产公司未按期退回，广西廉凯公司对质量保修金可以另案起诉,0
6039,"（二）关于逾期交工违约金，本院认为，依照前述，由于双方当事人签订的案涉合同属无效合同,合同中关于支付逾期交工违约金亦无效,造成合同无效合浦昌林房地产公司也有过错，且从双方实际履行合同来看，亦是由于合浦昌林房地产公司未及时支付工程款，导致案涉工程延期，合浦昌林房地产公司在缔约和履行过程中均存在过错，故合浦昌林房地产公司主张广西廉凯公司支付逾期交工违约金无事实和法律依据，本院不予支持",1
6086,综合2份通知载明的内容，不能证明被告B、C区块逾期验收的事实,0
6092,本院认为，原告没有提供证据证明D区块验收期限，因此证据4不能证明D区块逾期验收的事实,0
6130,挡土墙施工延期，导致被告无法施工等情形,0
6350,广丰建设认为新建水泥的行为完全不符合合同约定与诚信，特别是D区的通电报告在广丰建设（规定）的期限内仍未能通过，已逾期22日，并且到目前为止D区尚未通电，构成严重违约，对广丰建设名誉和经济造成了严重的影响，新建水泥已不具备继续履行合同的条件和能力,0
6355,3、在接函之日起3日内退还广丰建设已多付的工程款1694000元，并向广丰建设承担因新建水泥逾期提供验收的违约金，并赔偿其他损失,0
6419,对于D区块的逾期利息除原、被告双方以承诺书形式确定的付款时间外，自2009年7月1日起按照《建设工程施工合同》计付利息，原告主张自2009年7月6日起计付利息，是原告对自己诉讼权利的合法处分，D区块的逾期利息除原、被告双方以承诺书形式确定的付款时间外自2009年7月6日起计算,0
6421,被告于2009年4月16日向原告送达B、C区块决算书，根据《建设工程施工合同》约定，原告最迟应于2009年6月16日向被告支付A、B、C区块联系单部分工程款，原告逾期未付，应按《建设工程施工合同》约定支付逾期利息,1
6422,对于D区块联系单部分工程款，被告于2009年7月6日向原告送达D区块决算书，原告应于2009年9月6日向被告支付D区块决算书部分工程款，原告逾期未付，应按照《建设工程施工合同》约定支付逾期利息,1
6424,被告要求原告支付2009年1月10日起至2009年10月17日止的逾期付款利息，经核算，自2009年1月10日起至2009年5月19日止，原告应支付被告逾期付款利息477400元，故被告要求原告支付2009年1月10日起至2009年10月17日止的逾期利息437101元，理由正当，本院予以支持，其余部分利息视为被告自愿放弃,1
6425,原告主张逾期付款利息（2009年10月17日起）的工程款本金为3887169元，本院确定原告未支付的工程款为3886551元，计算逾期付款利息的工程款不含E区块工程款911478元，即自2009年10月17日起原告逾期支付的工程款为2975073元,1
6535,”该条规定的“参照合同约定支付工程价款”主要指参照合同有关工程款计价方法和计价标准的约定计取工程价款，而不包括合同约定的工程款支付时间和逾期付款违约金,1
6556,鉴于被告中冶东北公司提供结算单、发票、支票存根、银行客户通知单和专用回单等付款凭证，用以证实该公司已经向被告东兴公司履行付款义务，工程价款全部支付完毕，虽然原告金泰盛达公司对此不予认同，但是没有提供有效证据证明中冶东北公司尚欠东兴公司工程价款，而且明确表示不要求针对中冶东北公司与东兴公司之间的案涉工程价款给付情况进行司法审计，因此金泰盛达公司要求中冶东北公司及被告十七冶集团、浑南新城管委会（大学城管委会）在欠付工程价款范围内承担给付责任的诉求，缺乏事实和法律依据，本院不予支持,1
6558,由于被告东兴公司迟延履行付款义务，应当自2018年2月13日起按照中国人民银行同期贷款利率计算，向原告金泰盛达公司支付逾期付款利息,1
6579,关于原告诉请被告依照合同约定的月利率2%计算至生效判决确定之日止的逾期付款利息问题，因双方于本案诉讼前对工程款存在争议，原告不能举证被告每进度欠付工程进度款数额，依照《最高人民法院关于民事诉讼证据的若干规定》第二条，当事人对自己提出的诉讼请求所依据的事实或者反驳对方诉讼请求所依据的事实有责任提供证据加以证明,1
6580,没有证据或者证据不足以证明当事人的事实主张的，由负有举证责任的当事人承担不利后果的规定，原告应对分段计算逾期支付工程进度款利息的主张承担举证不能的后果,1
6581,再，如前所述《建设工程施工合同》及《补充协议》为无效合同，故对于合同中约定逾期支付工程款的利息约定，本院不予采信,1
6584,……（三）建设工程未交付，工程价款也未结算的，为当事人起诉之日，及《最高人民法院关于审理建设工程施工合同纠纷案件适用法律问题的解释》第十七条，当事人对欠付工程价款利息计付标准有约定的，按照约定处理,1
6585,没有约定的，按照中国人民银行发布的同期同类贷款利率计息的规定，对被告欠付工程款15131820元自2013年4月8日起至判决确定支付之日止按照中国人民银行发布的同期同类贷款基准利率计算的利息本院予以支持，超出部分本院不予支持,1
6587,关于原告诉请就28860744元工程款，对诉争工程进行折价或者拍卖并以所得价款优先受偿的问题，依照《中华人民共和国合同法》第二百八十六条，发包人未按照约定支付价款的，承包人可以催告发包人在合理期限内支付价款,1
6588,发包人逾期不支付的，除按照建设工程的性质不宜折价、拍卖的以外，承包人可以与发包人协议将该工程折价，也可以申请人民法院将该工程依法拍卖,1
6589,建设工程的价款就该工程折价或者拍卖的价款优先受偿的规定，对于原告的上述诉求，在被告欠付工程款15131820元的范围内，本院予以支持,1
6595,2.文峰公司是否欠付工程款及欠付工程款的数额，义银公司所主张的利息应否予以支持,1
6596,3.义银公司是否在欠付工程款的范围内享有优先受偿权,1
6619,第二，关于欠付工程款及利息,0
6630,况且，文峰公司已提起反诉，要求义银公司对逾期交房行为承担违约责任,0
6661,《最高人民法院关于审理建设工程施工合同纠纷案件适用法律问题的解释》第十八条规定，利息从应付工程价款之日计付，因此，文峰公司应自2017年元月15日起按照中国人民银行发布的同期同类贷款利率对上述欠付工程款支付利息,1
6666,至2016年6月21日，除防水部分的质保金外，均应支付，至2016年6月21日文峰公司应支付11941816.71元×（1-5%×4.88%）=11913156.35元，尚欠11913156.35元-6837500元=5075656.35元，因此，文峰公司应自2016年6月21日起按照中国人民银行发布的同期同类贷款利率对上述欠付工程款支付利息,1
6675,对于上述欠付的工程款，文峰公司自应付工程款之日起即2016年8月21日按照中国人民银行发布的同期同类贷款利率支付利息,1
6677,综上，义银公司主张文峰公司立即给付工程款及逾期利息，该诉讼请求部分成立，本院予以采纳,1
6679,《中华人民共和国合同法》第二百八十六条规定，发包人未按照约定支付价款的，承包人可以催告发包人在合理期限内支付价款,1
6680,发包人逾期不支付的，除按照建设工程的性质不宜折价或拍卖的以外，承包人可以与发包人协议将工程折价，也可以申请人民法院将该工程依法拍卖,1
6689,对义银公司就上述工程欠款的利息主张优先受偿权的诉讼请求，由于《最高人民法院关于审理建设工程施工合同纠纷案件适用法律问题的解释（二）》第二十一条第二款明确规定，承包人就逾期支付建设工程价款的利息、违约金、损害赔偿金等主张优先受偿的，人民法院不予支持，因此，本院不予采纳,1
6707,对于该部分违约责任，文峰公司主张义银公司应按合同约定支付违约金，并承担因文峰公司逾期交房而向购房户支付的违约金，而后者即为赔偿因工期延误造成的实际损失,0
6710,鉴于文峰公司提供的装修图纸未审图而被责令暂停10#楼施工，对工期延误应承担相应的责任，工程完工后，又因装饰装修工程与原图审过的设计图不符、擅自增加装饰装修项目，造成质监站无法进行验收和备案，对逾期交房也应承担相应的责任,0
6724,文峰公司应支付义银公司10#楼、集中商业综合体工程款7248985.7元，并自2017年元月15日起按照中国人民银行发布的同期同类贷款利率对上述欠付工程款支付利息，义银公司在文峰公司欠付工程款范围内就涉案工程折价或拍卖的价款享有优先受偿权,1
6725,文峰公司应支付义银公司东侧地下空间利用工程工程款5075656.35元，并自2016年6月21日起按照中国人民银行发布的同期同类贷款利率对上述欠付工程款支付利息，义银公司在文峰公司欠付工程款范围内就涉案工程折价或拍卖的价款享有优先受偿权,1
6726,文峰公司应支付义银公司菱湖风景区管理中心工程款289891.16元，并按照中国人民银行发布的同期同类贷款利率对上述欠付工程款支付利息，其中，自2014年6月21日起至2016年8月20日止按185737.1元计算利息，自2016年8月21日起按289891.16元计算利息,1
6788,然鑫马公司所主张的工程延期额外支付的借款利息损失54626181.50元，其所举证据均为银行往来凭证，不能证明往来款项均为借款且用于涉案工程，同时对其主张也未提供相应借款合同、是否有偿还借款或支付利息等事实的证明材料，其在本案中所举证据不足以证实损失发生的具体数额，对鑫马公司的反诉主张不予支持,0
6799,因该工程价款在本案诉讼中才被确定，故对大经公司主张的上述欠付的工程款利息，本院确定自本案起诉之日起，按中国人民银行同期同类贷款利率标准计算,1
6834,2008年11月13日，被告与原施工单位郑州东风建筑工程有限公司经过施工交接后进场施工，施工过程中因原告多次对土建及安装进行设计变更、分包单位施工延误以及原告供应钢材不及时等多种原因，致使被告于2010年8月才完成全部工程并移交给原告，原告即将房屋交付给业主使用,0
6862,5.关于诉状提到的延误工期，并非是因为被告原因造成，而是因原告拖欠工程款，图纸设计多次变更，供应的主材钢筋水泥延迟以及原告的认质认价不及时造成的,1
6900,对被告的第四项反诉请求，本院认为，根据法律规定，当事人对欠付工程价款利息计付标准有约定的，按照约定处理，没有约定的，按照中国人民银行发布的同期同类贷款利率计息,1
6927,2-1、2-2A期工程造价151925031.55元，含工程保修金7596251.58元），卉森公司仅支付了进度款182552338.75元，除工程保修金（在质保期满后按约支付）外，尚欠富丽公司工程款95382696.59元（玖仟伍佰叁拾捌万贰仟陆佰玖拾陆元伍角玖），经富丽公司多次催收无果，但富丽公司因卉森公司逾期支付工程款项，造成公司资金短缺，经营发生严重困难，无力承担全额诉讼费用，唯能先行主张部分合同价款,1
6944,4、判令富丽公司赔偿项目逾期办理《重庆市建设工程竣工验收备案登记证》和延期向部分买受人交房给反诉原告卉森公司造成的损失人民币74.23万元，1-4项总计人民币2859.58万元,0
6949,9、判令富丽公司承担未编制和提交施工组织设计等违约金人民币47万元（每延期一日罚款500元，延误天数按两份合同暂定总工期计算）,0
6950,10、判令富丽公司承担因延期办理竣工备案整导致申请人因延期向购房业主交房而免除购房业主的物业费损失暂定人民币40万元,0
6965,6、富丽公司一再延误工期，逾期竣工，导致项目逾期办理《重庆市建设工程竣工验收备案登记证》和延期交房，致使部分业主索赔（其他业主索赔问题尚未解决，卉森公司保留继续向富丽公司追偿的权利），目前给卉森公司造成经济损失74.23万元,0
6973,4、拖欠农民工工资的原因是卉森公司未按时支付富丽公司工程进度款，并未实际产生社会影响，则第七项反诉请求不成立,1
6974,5、逾期办理竣工验收登记证，是由于卉森公司拖欠设计院费用及随意技术变更和设变更计，导致逾期办理，该责任在卉森公司，则反诉请求第四项和第十项不能成立,1
7021,1-1、2-1、2-2a保障1130交房节点总包及各分包单位倒排计划表两份（6月24日版、8月25日调整版）、工作联系单共计12份、罚款单22份、秀湖鹭岛1-1、2-1、2-2a节点工期延期罚款汇总表,0
7033,对关联性不予认可，原施工单位的遗留问题已在签合同前考虑过，不能作为延期理由,0
7035,双方需确认延误工期，承包人应以书面形式三日内提出报告，再由发包人确认，逾期不提出，视为放弃,0
7164,2016年8月2日告知，9#、10#、11#楼楼板天棚基层处理延期3天,0
7165,9#、10#、11#楼电梯井道隔音墙延期3天,0
7167,地下车库花窗延期3天月8日告知，12#楼外墙漆延期9天,0
7168,13#、15#楼外墙保温延期8天,0
7169,16#楼楼梯地坪延期3天,0
7170,17#楼15层以下外墙保温延期3天,0
7171,同年8月10日告知，16#楼外墙保温延期3天,0
7172,18#楼15层屋面脚手架拆除延期6天,0
7173,18#楼天沟延期18天,0
7174,同年8月15日告知，12#楼楼梯间刮白延期5天,0
7175,12#、13#、15#、16#楼防火门、防盗门延期5天,0
7176,18#楼吊篮安装延期6天,0
7177,18#楼楼梯地坪延期5天,0
7178,同年8月22日告知，12#楼厨卫防水延期5天,0
7179,13#、15#、16#楼楼梯间刮白延期7天,0
7180,13#、15#、16#楼厨卫防水延期7天,0
7181,同年8月24日告知，33#楼收边收口及楼层内清洁延期4天,0
7182,同年9月7日告知，3-32#楼塔机拆除延期2天,0
7183,18#楼15层屋面外墙漆延期7天,0
7184,12#楼吊二层电梯集水坑延期2天,0
7185,17#楼吊篮安装延期2天,0
7186,3-27#楼外墙文化砖延期2天,0
7187,同年9月9日告知，9#、10#、11#楼所有楼层楼梯及所管道洞口的吊洞处理延期4天,0
7188,同日告知，12#楼外墙漆延期4天,0
7189,同年9月12日告知，12#楼外架拆除延期2天,0
7190,吊二层电梯集水坑延期7天,0
7191,15#楼外墙保温延期2天,0
7192,13#、15#楼电梯地坪延期2天,0
7193,3-32#楼塔机拆除延期7天,0
7194,同年9月13日告知，9#、10#、11#楼梯间刮白延期3天,0
7195,1-1期大地下天下室车库所有洞孔、墙面修补延期3天,0
7196,同年9月18日告知，9#、10#、11#楼剩余外墙墙面等延期3天,0
7197,电梯井道隔音墙延期3天,0
7198,同年9月23日告知，12#楼外架拆除延期13天,0
7199,12#楼厨卫防水延期3天,0
7200,13#楼外墙漆延期8天,0
7201,13#、15#楼楼梯地坪延期13天,0
7202,17#楼外墙保温延期3天,0
7203,16#楼商业屋面延期8天,0
7204,17#楼楼梯地坪延期3天,0
7205,17#楼商业屋面延期3天,0
7206,18#楼吊篮安装延期8天,0
7207,18#楼公区移交延期8天,0
7208,3-27#楼外墙涂料延期3天,0
7209,3-27#~3-32#楼厨卫防水延期3天,0
7211,地下车库地坪延期3天9#楼塔机拆除延期8天,0
7212,3-32#楼塔机拆除延期18天,0
7213,同年9月30日告知，12#楼厨卫防水延期10天,0
7214,13#楼外墙漆延期15天,0
7215,15#楼外墙漆延期5天,0
7216,13#、15#楼楼梯间刮白延期5天,0
7217,13#楼商业剩余主体结构延期5天,0
7218,16#楼楼梯间刮白延期5天,0
7219,3-27#楼外架拆除延期5天,0
7220,同年10月9日告知，13#、15#楼吊篮拆除延期9天,0
7221,16#楼外墙漆延期9天,0
7222,13#楼商业剩余主体结构延期14天,0
7223,16#楼楼梯间刮白延期14天,0
7224,3-27#楼外架拆除延期14天,0
7225,16#楼吊篮拆除延期4天,0
7226,同年10月24日告知，12#、13#、15#楼分户验收延期24天,0
7227,13#、15#楼吊篮拆除延期24天,0
7228,16#楼外墙漆延期24天,0
7229,17#楼分户验收延期9天,0
7230,18#楼15层以下外墙保温延期24天,0
7231,18#楼16层以下外墙漆延期9天,0
7232,同年11月4日告知，13#、15#、16#楼楼板天棚基层处理延期25天,0
7233,17#楼楼板天棚基层处理延期30天,0
7234,18#楼吊篮拆除延期13天,0
7235,18#楼楼板天棚基层处理延期20天,0
7305,卉森公司因房价上涨，获得巨额利润的前提下，其不但不从合作共赢的角度支持我司，反而严重违背诚实信用原则，不履行按时足额支付工程款的根本义务,1
7328,本案已经查明，卉森公司有向富丽公司通知工程已延期、通知工程整改、因部分工程交由案外人履行而主张扣除相应工程款、因质量问题和交付迟延赔偿案外人等行为，但同时也有部分前期工程由案外人施工、设计更改、基础资料交付迟延、赔偿案外人的质量原因并未得到富丽公司的确认、工程进度款支付迟延等情形，因此，本院根据诉辩双方在本案诉讼中的证据对抗，认定卉森公司主张富丽公司在本案中违约的证据不足，其要求富丽公司在本案中承担违约责任的诉讼请求本院不予支持,1
7365,"而被告大庆安装集团苏州分公司却一直以各种借口拖延结算和付款，其先后支付原告的工程款仅为5,987,520元，还差1,514,921.73元未付，被告大庆安装集团苏州分公司的行为已显然构成违约，理应承担其延期付款的后果",-1
7370,"2、被告大庆安装集团苏州分公司向原告支付逾期付款违约金暂定200,000元（实际以1,514,921.73元为基数，从2012年4月1日起至本判决生效日止，按中国人民银行同期贷款利率计算）",-1
7373,5、湛新公司在其欠付被告大庆安装集团苏州分公司的工程款范围内对原告承担付款责任,-1
7449,现被告大庆安装集团苏州分公司未能按期支付工程款，原告要求被告承担逾期付款违约金，于法无悖，本院予以认可,-1
7454,发包人只在欠付工程价款范围内对实际施工人承担责任,-1
7489,"而被告大庆安装集团苏州分公司却一直以各种借口拖延结算和付款，其先后支付原告的工程款仅为5,987,520元，还差1,514,921.73元未付，被告大庆安装集团苏州分公司的行为已显然构成违约，理应承担其延期付款的后果",-1
7494,"2、被告大庆安装集团苏州分公司向原告支付逾期付款违约金暂定200,000元（实际以1,514,921.73元为基数，从2012年4月1日起至本判决生效日止，按中国人民银行同期贷款利率计算）",-1
7497,5、湛新公司在其欠付被告大庆安装集团苏州分公司的工程款范围内对原告承担付款责任,-1
7573,现被告大庆安装集团苏州分公司未能按期支付工程款，原告要求被告承担逾期付款违约金，于法无悖，本院予以认可,-1
7578,发包人只在欠付工程价款范围内对实际施工人承担责任,-1
7622,被告不能按照约定期限完工，应承担总造价日百万分之三的违约金，以及承担过渡费用和相关损失等内容，说明违约的事实和原告计算违约金的依据,-1
7639,证明被告没有及时办理相关手续的事实,-1
7751,甲方与丙方结算，甲方未按规定时间付款，造成停工待料，影响正常施工，从而导致丙不能按期交工的，甲方承担违约责任,-1
7761,甲方按期完工后，乙方不能及时入住的，所发生的相关费用由乙方自负,-1
7811,甲方按期完工后，乙方不能及时入住的，所发生的相关费用由乙方自负,-1
7860,甲方按期完工后，乙方不能及时入住的，所发生的相关费用由乙方自负,-1
7921,关于逾期付款利息，《最高人民法院关于审理建设工程施工合同纠纷案件适用法律问题的解释》第六条第二款规定,-1
7925,当事人对欠付工程价款利息计付标准有约定的，按照约定处理,-1
7927,本案中，原、被告对欠付工程款利息计付标准无约定，应按照中国人民银行发布的同期同类贷款利息计息，本院确定按照年利率6%计算,-1
7934,因被告为分段给付工程款，被告逾期给付的工程款也应分段计付利息,-1
7935,2015年4月3日被告给付原告100000元，2014年10月8日至2015年4月3日共计177天、利率按照年利率6%确定，因此该期间逾期利息为31271.9元（1104232.24元×6%/365×177天）,-1
7936,2015年6月10日被告给付原告300000元，2015年4月4日至2015年6月10日共计67天，该期间逾期利息为10765.37元（1004232.24元×6%/365×67天）,-1
7937,2015年12月16日被告给付原告100000元，2015年6月11日至2015年12月16日共计188天，该期间逾期利息为21183.3元（704232.24元×6%/365×188天）,-1
7946,其中红博二期汉舍烤鸭给排水、消防及会所钢制楼梯改造工程，红博二期会所、明档、汉舍烤鸭、超市等安装零星改造工程的《工程结算审核报告》系2017年7月25日出具，根据双方签订的《建设工程施工合同》第64.1条约定，红博物产公司应于出具审核报告后15日内（即2017年8月9日前），一次性给付建安公司工程款，现已逾期，故本院对建安公司关于给付该项工程款的请求一并予以支持，对红博物产公司关于建安公司该项请求不符合起诉条件的抗辩理由不要采纳,-1
7953,关于逾期付款利息问题，因双方对此没有约定，根据《最高人民法院关于审理建设工程施工合同纠纷案件适用法律问题的解释》第十七条“当事人对欠付工程价款利息计付标准有约定的，按照约定处理;没有约定的，按照中国人民银行发布的同期同类贷款利率计息,-1
7954,”的规定，红博物产公司应当按照中国人民银行发布的同期同类贷款基准利率向建安公司支付欠付工程款的利息,-1
7959,故关于该部分欠付工程款利息的计算方式应为,-1
7962,该部分欠付工程款利息的计算方式为,-1
7986,对证据7，真实性、合法性没有异议，但关于延期的计算远没有达到100天，除了第一页，其他的都是八个小时的延期，本案中扣除100天后，原告(反诉被告)仍然存在工期逾期,-1
7991,经庭审质证，原告(反诉被告)对被告(反诉原告)提供的证据1，真实性、合法性没有异议，关联性有异议，认为开票只是原告(反诉被告)一个附属义务，而在建设工程施工过程中，原告(反诉被告)的主要义务是完成工程施工，被告(反诉原告)的主要义务是按时向原告(反诉被告)支付工程进度款，被告(反诉原告)不能以原告(反诉被告)的附属义务来对抗被告(反诉原告)的主要义务，而且截止工程竣工那天，被告(反诉原告)所支付的工程款并没有达到合同约定的85%，所以这份合同也证明由于被告(反诉原告)的逾期支付工程进度款导致工期延误,-1
7992,对证据2，真实性、合法性、关联性均不予认可，但2018年2月28日之前原告(反诉被告)收到工程款的金额是属实的，该份证据也证明了被告(反诉原告)一直未及时向原告(反诉被告)支付工程进度款导致工期延误，原告(反诉被告)一直都有向被告(反诉原告)开具发票，但被告(反诉原告)对原告(反诉被告)开具发票的行为存在消极态度,-1
7999,3、《建设工程质量竣工验收意见书》，拟证明本案工程的实际竣工日期为2015年6月29日，反诉被告因未在合同约定时间内将工程如期竣工，应当根据合同约定向反诉原告支付逾期竣工的违约金,-1
8011,3、《“关于催讨工程款函”的回复函》，拟证明反诉原告未能及时支付工程进度款造成工期延误，而非反诉被告单方原因造成工期延误,-1
8012,4、《南城时代广场一期工程收工程款对账单》，拟证明反诉原告均未能及时支付工程进度款，影响工程进度，造成工期延误,-1
8044,通用条款26.3，发包人超过约定的支付时间不支付工程款（进度款），承包人可向发包人发出要求付款的通知，发包人收到承包人通知后仍不能按要求付款，可与承包人协商签订延期付款协议，经承包人同意后可延期支付，协议应明确延期支付的时间和从计量结果确认后第15天起计算应付款的贷款利息,-1
8045,通用条款26.4，发包人不按合同约定支付工程款（进度款），双方又未达成延期付款协议，致施工无法进行，承包人可停止施工，由发包人承担违约责任,-1
8146,"发包人按应付进度款0.4‰向承包人支付违约金，此项违约金最高限额为合同价款的2%”的约定，建工五建公司要求富成公司支付自2016年12月16日起尚欠工程款的利息并承担违约责任，有事实和法律依据，应当予以支持，但应按双方合同约定的标准计付欠付工程价款的利息及违约责任，即利息以14,706,001.26为基数，自2016年12月16日起至本案判决确定之日止按同期银行贷款利率计付，违约金为5882.40元（14,706,001.26×0.4‰）",-1
8147,富成公司提出建工五建公司延误工期导致工程逾期竣工及未依法足额开具发票，其有权拒绝继续向其支付工程款，因该主张无法律依据，故对其答辩意见本院不予采纳,-1
8148,对关于建工五建公司要求富成公司支付工程进度款利息的主张，因双方签订的合同未约定如发包人没有按时支付工程进度款就应承担支付利息的责任，故对建工五建公司的该项诉求，本院不予以支持,-1
8150,1、关于建工五建公司是否应承担工期逾期的违约责任的问题,-1
8152,本案中，富成公司提供的付款统计表、建工五建公司提供的收工程款对账表及“关于催付工程款函”的回复函能相互印证富成公司未及时足额支付工程进度款的事实，富成公司没有及时足额支付工程进度款已构成违约，对涉案工程延迟施工存在过错，不应由建工五建公司承担因此造成的工期延误产生的违约责任,-1
8153,而且双方在2016年11月17日对涉案工程结算时，富成公司对建工五建公司逾期完工的事项未提出异议，故对富成公司以建工五建公司逾期完工为由要求其承担违约责任的主张，本院不予支持,-1
8186,虽然被告双强公司与华强公司未进行工程结算，但根据本案已查明的事实，被告双强公司现暂需支付工程款42722218.36元，被告华强公司收取工程款后分别向各分包人支付了相应的工程款，故对原告要求被告双强公司在欠付工程款范围内承担清偿责任的诉请予以支持，但对要求被告双强公司赔偿利息损失的诉请不予支持,-1
8211,3．被告是否应向原告支付欠付的工程款和经济损失，若应支付，工程款和经济损失应如何支付，以及违约金的计算方式应如何认定,-1
8221,该承诺书是被告对已完工程进度款的数额、支付时间和逾期支付违约责任所作承诺，原告认可该承诺书，应视为双方就此存在约定,-1
8239,第三，关于被告是否应向原告支付欠付的工程款和经济损失，若应支付，工程款和经济损失应如何支付，以及违约金或利息的计算方式应如何认定的问题,-1
8287,四、向武龙、刘吉安主张欠付工程款的损失应否得到支持,-1
8339,经庭审核实，虽喳西泰公司与湖南六建公司未最终结算，但喳西泰公司仍然欠付工程款，其应在欠付工程款范围内向向武龙、刘吉安承担支付责任,-1
8346,经核实，在合同履行过程中，湖南六建公司在喳西泰公司已支付的工程款项中多次扣除或截留的工程款数额巨大，也是造成实际施工人向武龙、刘吉安未及时足额获得发包方支付的工程款的主要原因，故应在武汉金鑫联鑫公司欠付向武龙、刘吉安的工程款范围内承担支付责任,-1
8352,发包人只在欠付工程价款范围内对实际施工人承担责任,-1
8362,2、依据建设工程施工合同司法解释第二十六条的规定，喳西泰公司在欠付工程款24774400元（含质保金4075720元）范围内承担支付责任,-1
8366,湖南六建公司相对于武汉金鑫联鑫公司而言，处于发包人地位，且在实际履行过程中扣取相应工程款，故应对武汉金鑫联鑫公司欠付工程款24774400元（含质保金4075720元）范围内承担支付责任,-1
8381,但因涉案工程已经于2013年12月13日经竣工验收合格，发包人、违法转包人长期欠付工程款客观上给向武龙、刘吉安造成了损失,-1
8383,“当事人对欠付工程价款利息计付标准有约定的，按照约定处理,-1
8385,”该条是关于计付欠付工程款利息支付标准的规定,-1
8387,即在2016年5月27日应当支付工程款77438680元（81514400元×95%=77438680元），仅支付了56740000元，尚欠工程款20698680元未付，故武汉金鑫联鑫公司应支付从2016年5月27日起按中国人民银行发布的同期同类贷款基准利率计算至本判决确定的履行期限届满之日的逾期利息损失，湖南六建公司对逾期利息承担支付责任，喳西泰公司在未付工程款20698680元范围内承担利息赔偿责任,-1
8388,因对各方对逾期退还质量保证金是否计息没有约定，结合本案实际，应不予计算利息,-1
8492,发包人只在欠付工程价款范围内对实际施工人承担责任,-1
8503,被告东龙公司未按约定向原告支付工程款及退还工程保证金，现原告主张由三被告按银行同期贷款利率的4倍连带给付工程款2900000元、工程保证金3000000元的利息的请求，因对逾期付款利息无约定，被告东龙公司向原告出具的两份《收条》上虽对退还保证金的时间作了约定，但被告东龙公司在《承诺》中已对5900000元欠款的支付时间重新作了约定，本院依法支持由被告东龙公司按中国人民银行同期贷款利率支付原告欠款5900000元的利息，计算利息的期间为2015年1月31日起至欠款5900000元清偿之日止，被告白邑公司作为违法分包人，被告中茂公司作为一般保证人，对被告东龙公司应支付原告的5900000元的欠款利息应承担各自相应的责任,-1
8552,"证据2因涉及被告深圳中交天航南方交通建设有限公司与中交一航局第五工程有限公司之间的关于""神头分包款""结算情况，而一航五公司并未出庭，无法确认该组证据的真实性、关联性，且原告是以违法分包为由主张被告天航公司承担连带责任，被告天航公司以该组证据证实其不存在欠付工程款的事实，与本案需查明的事实之间缺乏关联性，对其证明力不予认定",-1
8640,被告安澜公司辩称原告未在2014年1月10日前完成所有回填工作，但其提交的证据并不能证实原告未按期完成施工系原告单方原因所造成，且通过工程变更清单可以证实工程存在变更增加工程量的情形，被告仅以原告逾期交工验收为由拒付剩余10%比例的工程款，于法无据，对其辩解意见不予采纳,-1
8662,"根据《最高人民法院关于审理建设工程施工合同纠纷案件适用法律问题的解释》第十七条""当事人对欠付工程价款利息计付标准有约定的，按照约定处理",-1
8663,"没有约定的，按照中国人民银行发布的同期同类贷款利率计息""的规定，原告与被告安澜公司对欠付工程价款利息计付标准没有约定，原告主张按照中国人民银行发布的同期同类贷款利率计息，符合上述法律规定，予以支持",-1
8667,"（一）建设工程已实际交付的，为交付之日""的规定，原告与被告安澜公司对付款时间没有明确约定，工程交工验收日期为2015年1月21日，故欠付的229.5万元工程款利息的计算应从2015年1月21日起计算，原告主张从2013年1月1日开始计算利息，不予支持",-1
8677,双方重新约定付款时间且并未对之前的利息进行约定，如被告逾期未付，利息计算时间应从最后一次约定的付款时间起算,-1
8679,"关于原告的第6项诉讼请求即迟延结算造成的第2、3、4项工程款本金的利息损失，本院认为，对第2项诉讼请求中应支付的工程款1,145,919.35元，根据《最高人民法院关于审理建设工程施工合同纠纷案件适用法律问题的解释》第十八条的规定，原告与被告安澜公司对该笔工程款的付款时间没有约定，而工程交工验收日期为2015年1月21日，故欠付的1,145,919.35元工程款的利息损失应从2015年1月21日起计算",-1
8689,故对原告主张被告天航公司对被告安澜公司欠付的工程款承担连带责任的诉讼请求，不予支持,-1
8700,被告欠付原告工程款12658457.45元之事实清楚,-1
8702,被告逾期不履行上述义务，构成违约，并给原告造成损失，依法应当承担违约责任并赔偿原告损失,-1
8735,当事人对欠付工程价款利息计付标准有约定的，按照约定处理,-1
8744,建工集团于2012年7月13日离场，将涉案工程交付大豐置业，故建工集团要求大豐置业按照中国人民银行同期贷款利率计算支付从2012年7月13日起至实际给付之日欠付工程款利息的主张于法有据，本院依法予以支持,-1
8826,4.关于明鑫公司欠付工程款数额,-1
8835,王建军、明鑫公司对明鑫亿万国际花园5#、7#楼工程于2014年下半年向业主交房均无异议，本院酌定明鑫公司从2015年1月1日起向王建军支付欠付工程款利息,-1
8836,关于欠付工程款利息标准，因双方没有约定工程价款的利息计算标准，故依据《最高人民法院关于审理建设工程施工合同纠纷案件适用法律问题的解释》第十七条的规定，应当按照中国人民银行同期同类贷款利率计算,-1
8875,程振国欠付材料款，材料供应商向法院起诉，法院判决按月息2%承担欠付材料款的利息损失，并要求支付延期履行金，是程振国的实际损失,-1
8881,程振国在实际履行付款义务的过程当中，挪用了相关的款项，导致永固建材公司的混凝土没有得到及时的给付，由此可能产生的违约金，也应当有程振国自行负担,-1
8983,证据七、《御花园项目监理服务补充协议》《关于“楚都御花园”延期监理费的申请报告》《变更说明》《变更（备案）项目信息》各一份,-1
8997,且在出具单位的书面材料中仅表述为“由于工地现场一些客观原因”或“总包停工”，这与本案其反诉认为系程振国停工导致的损失无必然联系，且综合其他证据分析，程振国停工部分原因也与工程进度款未及时支付有一定关系,-1
9050,……发包人按照约定比例支付进度款后，如因发包人与承包人就工程决算价款发生争议，导致工程决算价款无法确定的，发包人有权就争议部分停止付款，并且无须向承包人承担逾期付款的违约金（包括支付利息、逾期付款违约金等）,-1
9110,“乙方承建甲方开发的寿县御花园二期工程，因合同履约过程中，双方就工程款支付问题未能及时沟通，造成乙方实际承包人程振国无法正常施工，乙方于2018年10月1日正式停工,-1
9111,双方经多次沟通协商就乙方提出的下列诉求问题达成一致意见，签订本补充协议”，该协议记载了各楼栋未能及时提供工作面是因为政府原因（环保部门）不让土方施工，造成滞后的直接原因，非甲乙双方原因造成,-1
9113,该协议对延期支付工程款利息、直接损失费由甲方承担，停工期间垫资利息不计，并对预算合同价、部分工程计价等进行约定,-1
9114,另，置业公司之后履行该协议并支付给建设公司停工损失及延期支付工程款利息1345932元，建设公司收到该款项后转给程振国,-1
9118,程振国称建设公司从2018年第3、4、5期就开始未按期付款，2019年3-6月间第9、10、11期拖欠进度款，导致无法进行施工，并被强行驱离施工现场,-1
9130,一、程振国请求建设公司、置业公司支付工程款6067万元（含优先受偿权）及逾期支付进度款利息109.88万元、垫资利息损失116.20万元是否应予支持,-1
9134,一、程振国请求建设公司、置业公司支付工程款6067万元（含优先受偿权）及逾期支付进度款利息109.88万元、垫资利息损失116.20万元是否应予支持,-1
9168,其次，关于是否欠付工程款及数额具体认定一节，本院认为，第一，关于按照何种比例支付工程款、涉案已完工程量是否合格的问题，参照合同约定，涉案工程目前并未达到“本项目全部竣工，经有关部门验收合格，竣工资料提供齐全”的85%的进度款支付条件，更未达到“竣工验收后3个月内办理完竣工结算”的95%的进度款支付条件，结合程振国诉请工程款数额计算依据，对其请求按照95%支付工程款的理由不予采信,-1
9175,该数额可以作为结算工程进度款的依据，故建设单位欠付程振国工程进度款为162231662.30元×70%-97975807.31元=15586356.30元,-1
9178,最后，关于程振国是否享有优先受偿权及逾期支付进度款利息109.88万元、垫资利息损失116.20万元是否应予支持一节，本院认为，关于是否享有优先受偿权，依据上述法律规定，依法享有工程价款优先受偿权的人必须与发包方存在直接的施工合同关系，建设工程的实际施工人不享有此项权利,-1
9180,关于逾期支付进度款利息，综合全案证据分析及法律规定，涉案工程因未最终竣工交付，工程价款也未最终结算的事实，本院对欠付工程款的起息时间定为程振国起诉之日即2019年10月14日，欠付工程款利息比照同期同类贷款利率，即年利率4.35%,-1
9181,故逾期付款利息为15586356.30元×4.35%÷2=339003.25元（从2019年10月14日起，按1-5年银行贷款利率，暂计算至2020年4月14日,-1
9185,在本案诉讼中，程振国并未否认涉案工程相关竣工验收资料部分在其处保管，并称因建设公司恶意欠付工程款，无结算诚意,-1
9193,综上，对程振国关于要求建设公司支付欠付工程款并支付利息的诉讼请求中合理部分，证据确实充分且符合相关法律规定，予以支持,-1
9210,”，结合本案事实，张晓锋、宋文明已完成了分包工程的施工，并经竣工验收合格和结算，为此，请求刘忠明支付工程余款的主张，应予以支持，但其请求长坪公司共同支付的主张，按照《最高人民法院关于审理建设工程施工合同纠纷案件适用法律问题的解释》第二十六条第二款规定“实际施工人以发包人为被告主张权利的，人民法院可以追加转包人或者违法分包人为本案当事人，发包人只在欠付工程价款范围内对实际施工人承担责任,-1
9211,”，结合案件事实，本案的发包人为丰都县城市建设资产经营有限责任公司，张晓锋、宋文明并没有主张该公司承担支付责任，且也没有举示该公司欠付工程款范围的证据，而是误将违法分包人长坪公司作为发包人列为被告，同时也没有举示证据证明长坪公司欠付刘忠明工程款范围的事实，长坪公司与张晓锋、宋文明之间也不存在合同关系，不属于合同相对人，综上，长坪公司对张晓锋、宋文明不应承担合同责任,-1
9212,对于刘忠明欠付张晓锋、宋文明工程余款的金额，以本案认定的事实予以确定，确定为39.5669万元，并且该款已超过约定的付款期限，保修期限，刘忠明应支付给原告张晓锋、宋文明工程余款39.5669万元,-1
9246,《最高人民法院关于审理建设工程施工合同纠纷案件适用法律问题的解释》第十七条规定，“当事人对欠付工程价款利息计付标准有约定的，按照约定处理,-1
9248,”据此，对原告要求被告建筑公司支付逾期付款利息的合理诉讼请求，本院予以支持，利息标准应按照中国人民银行发布的同期同类贷款利率计算,-1
9249,由于双方当事人未约定工程价款支付期限，被告建筑公司应自原告提起本案诉讼之日开始支付逾期付款利息,-1
9291,山西六建海南分公司在工程结算后没有及时付清工程款，在接受新金伞公司多次催收过程中，均未提出异议，同时还确认了新金伞公司的催收行为,-1
9340,丁蔡俊作为实际施工人不具有相应的施工资质，其与恒基公司之间所形成的事实上的建设工程施工合同为无效的建设工程施工合同，但涉案工程已经进行了竣工验收，丁蔡俊有权依据《最高人民法院关于审理建设工程施工合同纠纷案件适用法律问题的解释》第二十六条之规定要求恒基公司向其承担支付工程款的责任，千田公司在其欠付工程款范围内承担付款责任,-1
9361,当事人对欠付工程价款利息计付标准有约定的，按照约定处理,-1
9369,3#楼人防工程未竣工验收，也未交付和进行工程结算，应当自当事人首次提起诉讼之日即2017年1月6日起计算欠付工程款的利息,-1
9403,发包人未按时足额支付工程进度款或退还履约保证金的，每逾期一日，发包人应按拖欠款项的万分之七向承包人支付逾期违约金等内容,-1
9425,5、被告万辉公司是否应向原告联建公司退还履约保证金1000000元并支付逾期退还的违约金,-1
9444,根据《最高人民法院﹤关于审理建设工程施工合同纠纷案件适用法律问题的解释﹥》第十七条关于“当事人对欠付工程价款利息计付标准有约定的，按照约定处理,-1
9447,被告万辉公司未按时支付工程进度款，理应按照《建设工程施工合同》的约定向原告联建公司支付相应的违约金,-1
9448,但是，由于原告联建公司并未在其施工达到《建设工程施工合同》约定支付工程进度款的节点时要求与被告万辉公司对已完工部分的工程量及工程进度款进行结算，亦未曾催告被告万辉公司支付相应的工程进度款，故原告联建公司对被告万辉公司未按时支付工程进度款亦存在过错，因此，本院对原告联建公司关于要求被告万辉公司应支付拖欠工程进度款违约金的主张不予支持,-1
9452,五、关于被告万辉公司是否应向原告联建公司退还履约保证金1000000元并支付逾期退还违约金的问题,-1
9453,原告联建公司在《建设工程施工合同》签订后，依约支付了1000000元的履约保证金，但是，被告万辉公司在原告联建公司施工达到退还履约保证金的节点且原告联建公司多次催告的情况下，仍未按合同约定的期限退还相应的履约保证金，已构成违约，被告万辉公司理应退还全部履约保证金并按照《建设工程施工合同》关于“发包人未按时退还履约保证金的，每逾期一日，发包人应按拖欠款项的万分之七向承包人支付逾期违约金支付”的约定支付相应的违约金,-1
9456,根据本案相关证据，被告万辉公司应于2013年9月3日、10月13日、11月18日、12月26日前分别退还相应的四笔各250000元的履约保证金，截止原告联建公司于2014年4月30日向本院递交起诉状，四笔履约保证金分别逾期退还达239天、199天、163天、125天,-1
9457,经核算，被告万辉公司应支付原告联建公司起诉前的逾期退还违约金为127050元,-1
9458,由于原告联建公司起诉要求被告万辉公司支付其起诉前的逾期退还违约金为124600元，低于本院核算的数额，因此，本院认为，被告万辉公司应支付原告联建公司起诉前的逾期退还违约金应以原告联建公司起诉请求的数额为准,-1
9485,2.天马公司欠付工程款金额及利息的认定,-1
9494,泰诚公司也因天马公司未依约支付工程款于2016年4月提起诉讼，生效判决（2017）渝民终116号民事判决确认了天马公司逾期支付工程款的违约事实并判决天马公司向泰诚公司支付逾期的工程款,-1
9502,二、天马公司欠付工程款金额及利息的认定,-1
9503,1.关于欠付工程款金额,-1
9517,第一，欠付工程款的利息标准,-1
9519,“当事人对欠付工程价款利息计付标准有约定的，按照约定处理”,-1
9521,“因甲方原因未能及时或未能足额按约定支付工程款，从应付工程款之日11天起至45天内，甲方应承担每月1.5%的利息及0.5%违约金,-1
9523,超过90天仍未支付工程款项，乙方可选择停工或继续施工，如选择继续施工，甲方除应尽快支付欠付工程款项外，仍应承担每月1.5%利息及承担1.5%的违约金直至欠付工程款付清,-1
9528,但泰诚公司主张的2015年1月1日、2018年1月1日停工事实无相应证据证实，且以停工时间作为欠付工程款利息起算时间也无合同约定及法律规定,-1
9534,……（三）建设工程未交付，工程价款也未结算的，为当事人起诉之日”之规定，本案欠付工程款应付款之日应为泰诚公司起诉之日，利息起算时间为2018年11月19日,-1
9535,综上，天马公司应支付的欠付工程款利息为,-1
9610,二是省建三公司要求鑫红光公司支付逾期付款违约金的请求是否成立,-1
9661,关于第二个争议焦点，庭审时，省建三公司陈述其要求鑫红光公司支付逾期付款违约金包括两个方面，一是合同解除前逾期支付进度款的违约金39585315.21元，二是合同解除后的按照银行借款利率两倍计算的逾期支付工程款的违约金,-1
9674,根据审核机构确定的工程造价，省三建公司完成的工程价款为161481772.47元，而鑫红光公司实际向省建三公司支付的工程款（包含借款等）仅为11796173.63元，必然存在逾期支付工程进度款的违约行为，故本院对于省建三公司以鑫红光公司逾期支付工程进度款为由通知解除合同的诉讼请求予以支持,-1
9677,省建三公司未提供鑫红光公司逾期支付进度款造成损失的证据，其主张按照银行同期贷款利率的二倍计算工程款（含工程进度款）利息的主张缺乏相应依据，本院不予支持,-1
9679,关于合同解除后的利息，由于鑫红光公司逾期支付工程进度款，且其在向成都市高新区规划建设局发出的《停工报告》中也自述是市场和资金等因素导致了工程停工，并最终导致了案涉的施工合同及补充协议解除,-1
9680,根据《中华人民共和国合同法》第九十七条的规定，鑫红光公司应当向省建三公司支付已完部分的工程价款，逾期则应支付利息,-1
9692,“发包人未按照约定支付价款的，承包人可以催告发包人在合理期限内支付价款,-1
9693,发包人逾期不支付的，除按照建设工程的性质不宜折价、拍卖的以外，承包人可以与发包人协议将该工程折价，也可以申请人民法院将该工程依法拍卖,-1
9699,但是根据《最高人民法院关于审理建设工程施工合同纠纷案件适用法律问题的解释（二）》第二十一条的规定，建设工程价款优先受偿的范围仅限于工程价款，承包人就逾期支付建设工程价款的利息、违约金、损害赔偿金等不属于优先受偿权的范围，故本院对省建三公司主张停工损失和解除合同的损失享有优先受偿权的诉讼请求不予支持,-1
9702,关于省建三公司要求鑫红光公司承担诉讼保全所支出的保险费用的问题，虽然本案的诉讼是由于鑫红光公司逾期支付工程款的原因所导致，但并非必须申请财产保全，而且诉讼保全担保的方式多种多样，本案中财产保全保险费用并非必须产生的费用，故本院对省建三公司要求鑫红光公司承担诉讼保全保险费用的主张不予支持,-1
9860,《最高人民法院关于审理建设工程施工合同纠纷案件适用法律问题的解释》第十七条规定“当事人对欠付工程价款利息计付标准有约定的，按照约定处理,-1
9880,实际施工人以发包人为被告主张权利的，人民法院可以追加转包人或者违法分包人为本案当事人，发包人只在欠付工程价款范围内对实际施工人承担责任,-1
9893,当事人对欠付工程价款利息计付标准有约定的，按照约定处理,-1
9928,二、中港建设是否存在延期竣工的情形，九华石油主张其承担违约金及赔偿直接经济损失是否应当得到支持,-1
9954,综上，本院根据《工程造价鉴定意见书》（编号CSG0125）/JD/002/02）的意见，确认反诉被告九华石油公司应向反诉原告中港公司欠付的工程款计算如下,-1
9962,3、工程签证单025，建设单位签署意见“有少量超深地基有抽水现象，但施工方未及时报告监理和建设方签证且附表中机械台班量虚报量极大，须与建设单位协商解决”,-1
9968,9、工程签证单034，建设单位签署意见“人工挖孔桩无需大中型机械设备，基础超深系与相邻周边周期延续施工，以上内容不予认可”10、工程签证单035，建设单位签署意见“抽水时间虚报量过大，且未及时向监理和建设单位报告签认，须与建设单位协商解决”,-1
9979,现因原、被告对原告实际使用的时间存在争议的情形，故本院对工程延长工期后被告是否存在逾期完工的行为无法予以认定，为此对于原告请求被告支付迟延竣工违约金以及赔偿直接经济损失290000元的诉讼请求不予支持,-1
9990,詹永顺请求物资中心在欠付工程款范围内对上述欠款承担连带清偿责任，根据《最高人民法院关于审理建设工程施工合同纠纷案件适用法律问题的解释》第二十六条“实际施工人以转包人、违法分包人为被告起诉的，人民法院应当依法受理,-1
9992,发包人只在欠付工程价款范围内对实际施工人承担责任”和该解释其他条文规定，实际施工人请求发包人承担责任的要件有二,-1
9994,2.发包人欠付工程款,-1
9995,构成上述要件后，发包人只在欠付工程价款范围内对实际施工人承担责任,-1
10011,二、涉案工程造价及被告泰隆公司所欠付工程款数额,-1
10013,四、反诉原告泰隆公司主张反诉被告恒生源公司支付擅自停工违约金13282480.44元及因工期延误导致逾期交房所造成的经济损失31586090.39元，应否支持,-1
10050,关于原告主张应自起诉之日2014年7月23日起计算利息的起算时间问题，本院认为，鉴于本案原告起诉之前，涉案工程已经停工，系诉讼期间经双方协商，并在行政主管部门的协调下，原告复工建设，并于2016年4月6日通过竣工验收，对于截止起诉之日，被告欠付工程款数额，原告未提供有效证据证实，故原告主张被告应自起诉之日，即2014年7月23日起计算欠付工程款的利息，于法无据，本院不予支持,-1
10051,本院认为，欠付工程款利息应自竣工验收之日，即2016年4月6日起计算为宜,-1
10055,关于反诉原告主张反诉被告因工期延误导致逾期交房所造成的经济损失31586090.39元问题，对此反诉被告恒生源公司不予认可，反诉原告亦未提供证据证实其损失的实际发生，故其该主张，本院不予支持，反诉原告可待证据充分后另案主张权利,-1
10099,本院认为，根据被告提供的证据证实，涉案工程的结构（基础）、结构（主体）及建筑装饰装修的部分已经于2014年1月5日通过原告、设计单位、监理单位的分项验收，而原告出具的《翁垟综合楼安置房居民要求预验收申请报告》也证实2014年1月5日其便向乐清市建设工程质量监督站要求对涉案工程进行预验收，说明涉案工程在2014年1月5日前已经完工，原告在原审中也予以认可，但是2014年1月5日距离约定的竣工日2013年12月9日仍延期了17天，对此，被告抗辩是原告逾期支付工程款导致，本院认为，被告单方面以《建设工程施工合同》中约定的付款时间认为原告逾期支付工程款，其抗辩理由不成立，本院不予支持,-1
10225,1、因设计变更已延期工期确认为合理工期,-1
10365,违约金方面，双方签订的《建设工程施工合同》约定，工程质量检验合格后45天内，甲方无正当理由不按时结清款项的，每日按所欠的工程价款的千分之一付给乙方违约金,-1
10390,四、本案中应付工程款、已付工程款、欠付工程款数额是多少,-1
10449,2、工程款支付，按约定乙方报送工程量七日内付款，若因甲方逾期支付工程款超过15天，甲方应承担违约责任，逾期支付工程款的违约金按每日千分之三计取，作为赔偿给乙方的损失,-1
10450,如逾期支付的工程款超过30天，乙方有权停工,-1
10532,四、本案中应付工程款、已付工程款、欠付工程款数额问题,-1
10547,邓州泰和公司欠付工程款数额应为5258935.48元（13276563.66元－663828.18元－7353800元）,-1
10551,综上，河南建安公司请求支付欠付工程款的理由正当，本院予以支持，其他请求不能成立，本院不予支持,-1
10672,根据承包合同第十款第3条约定延期违约每日罚款10000万元（原文如此）计155万元,-1
10673,另根据补充协议第1条约定延期违约每日每幢罚款2000元计124万元,-1
10674,按合同约定共计处罚工期延期违约金279万元,-1
10809,后由于时空公司、南洋公司的工程款没有及时到位及变更设计导致工程延期,-1
10848,现根据合同约定，工程已实际延期且南洋公司已就工程延期一事要求闽中公司承担责任，由于工期的延期是吴东安在施工过程中造成的，吴东安与闽中公司签订有合同，因而南洋公司对闽中公司工期延期的处罚理应由吴东安承担,-1
10849,本院认为，因《建筑工程内部承包施工合同》、《工程项目施工内部承包合同》无效，南洋公司与闽中公司（吴东安施工队）签订的《停车区综合楼内部承包施工合同补充协议书2》因吴东安不具有施工资质同属无效，因此关于工期延期违约的约定无效，且南洋公司是否实际在与闽中公司结算工程款中扣除违约金279万元也未提供相应的证据，故闽中公司要求违约金由吴东安承担的主张，不予支持,-1
10853,南洋公司仅向闽中公司支付11983300元，合同剩余款项没有支付，南洋公司应在其欠付工程款范围内承担付款责任，南洋公司应该支付所欠工程款7724244.3元，由于时空公司承担全部南洋公司与闽中公司的全部权利与义务，所以南洋公司、时空公司、闽中公司应对拖欠吴东安的工程款承担连带责任,-1
10855,南洋公司已要求对闽中公司处罚工期延期违约金279万元并要求闽中公司支付超支的代垫材料款及施工班组借款等109，867元（两项共计2899867元）,-1
10856,"其它款项均已支付给闽中公司，除保修责任和闽中公司应赔偿时空公司、南洋公司工程延期损失外,时空公司、南洋公司与闽中公司的施工合同已决算完毕",-1
10859,发包人只在欠付工程价款范围内对实际施工人承担责任”之规定，时空公司作为涉案工程发包人，除了吴东安认可的时空公司已支付闽中公司工程款11983300元外，未提供证据证实已将涉案工程款全部支付给闽中公司，故其在欠付工程价款范围内对吴东安承担责任,-1
10866,涉案工程2012年11月20日经竣工验收，闽中公司欠付吴东安工程款的利息按照中国人民银行发布的同期同类贷款利率从2012年11月21日起计付,-1
10867,时空公司作为涉案工程发包人，在欠付工程款范围内对吴东安承担责任,-1
10874,一、被告应当支付原告工程款的数额及是否应当支付逾期付款利息？二、被告是否应当向原告支付《建设工程施工合同》及其补充协议履行后可以获得的利益及其数额？三、原告对诉争工程折价或拍卖或变卖所得价款是否享有优先受偿权？四、被反诉人（原告）已完成工程的工程款的具体数额？五、被反诉人是否应当支付反诉人的经济损失？,-1
10876,关于争议焦点一，被告应当支付原告工程款的数额及是否应当支付逾期付款利息？依据《中华人民共和国合同法》第五十八条的规定，合同无效或者被撤销后，因该合同取得的财产，应当予以返还,-1
10881,《最高人民法院关于审理建设工程施工合同纠纷案件适用法律问题的解释》第十七条、第十八条第二款第三项之规定:当事人对欠付工程价款利息计付标准有约定的，按照约定处理;没有约定的，按照中国人民银行发布的同期同类贷款利率计息,-1
10885,本案中，因《建设工程施工合同》无效，违约条款也无效，合同中对欠付工程价款利息计付标准的条款不能适用，涉案工程未最后完工，双方也未对工程款进行过结算，因此，未付工程款的利息应当从一建公司向法院起诉之日起按照中国人民银行发布的同期同类贷款利率计算至实际履行之日,-1
10889,但优先受偿的范围为建设工程应当支付的工作人员报酬、材料款等实际支出的费用，不包括承包人因发包人违约所造成的损失，故逾期支付工程款所产生的利息不在优先受偿的范围内,-1
10940,根据上述证据，可以认定双方达成终止合同履行，并一致确认地金公司已完成的工程总价款、已付款项、欠付款项以及付款期限、工程发票、竣工验收义务、逾期付款责任等内容,-1
10964,如到期汇都公司不能按本协议约定的期限支付工程款，应从工程结算书签订之日起按每日1‰承担欠付工程款的资金占用期间的损失,-1
10966,经本院前述认定的事实，《工程款付款协议书》为双方的最终结算，应以该协议书约定的应付款期限作为承担逾期还款责任的起始时间,-1
10967,虽然《工程款付款协议书》约定应从工程结算书签订之日起按每日1‰承担欠付工程款的资金占用损失，但双方签订了数份工程结算书，付款协议书约定的“工程结算书”为哪一份并未明确，鉴于2017年10月25日签订的《工程结算书》对付款时间未约定，亦不属最终结算，故应以《工程款付款协议书》约定的第一笔付款时间即2018年2月12日作为计算资金占用损失的起始节点较为适当,-1
10968,至于资金占用损失的计算标准，由于该付款协议书明确约定汇都公司不按期支付工程款应按每日1‰承担欠付工程款的资金占用期间的损失，汇都公司本应依照约定承担赔偿责任,-1
10973,二、地金公司应否在欠付工程款范围内对案涉工程享有优先受偿的权利,-1
10974,本院认为，《中华人民共和国合同法》第二百八十六条规定，发包人未按照约定支付价款的，承包人可以催告发包人在合理期限内支付价款,-1
10975,发包人逾期不支付的，除按照建设工程的性质不宜折价、拍卖的以外，承包人可以与发包人协议将该工程折价，也可以申请人民法院将该工程依法拍卖,-1
10978,因此，建设工程价款优先受偿权是承包人的一项法定权利，在发包人未按期支付工程款时，承包人就所建工程折价或拍卖后享有优先受偿权,-1
10983,因此，可以认定地金公司在汇都公司欠付工程款范围内对案涉工程享有优先受偿的权利,-1
10986,此外，根据《最高人民法院关于审理建设工程施工合同纠纷案件适用法律问题的解释（二）》第二十一条第二款“承包人就逾期支付建设工程价款的利息、违约金、损害赔偿金等主张优先受偿的，人民法院不予支持”以及《最高人民法院关于建设工程价款优先受偿权问题的批复》第三条“建筑工程价款包括承包人为建设工程应当支付的工作人员报酬、材料款等实际支出的费用，不包括承包人因发包人违约所造成的损失”的规定，汇都公司向地金公司赔偿的资金占用损失不属工程价款范围，故地金公司就所建工程享有的优先受偿权应仅限于剩余工程价款17284994元范围之内，而不及于资金占用损失,-1
10993,鉴于汇都公司未按照约定履行付款义务，构成违约,-1
11013,汇都公司未按照约定履行支付剩余工程款的义务，违反诚信原则,-1
11019,2．喀什东方汇科公司欠付喀什华厦公司工程款金额及利息如何认定,-1
11021,4．喀什东方汇科公司主张喀什华厦公司应承担逾期交工违约金4120603.58元的反诉请求能否成立,-1
11045,二、关于喀什东方汇科公司欠付喀什华厦公司工程款金额及利息如何认定的问题,-1
11056,（一）关于喀什东方汇科公司欠付喀什华厦公司工程价款数额认定的问题,-1
11122,故依据涉案1号楼、2号楼、22号楼的《建设工程施工合同补充协议》约定，本院认定喀什东方汇科公司实际欠付喀什华厦公司涉案1号楼、2号楼、22号楼项目合计工程价款（包干价含税）=涉案1号楼、2号楼、22号楼合计工程价款（包干价含税）81156818.89元-喀什东方汇科公司向喀什华厦公司已支付工程款20974350.50元-4057840.95元质保金=56124627.44元,-1
11123,（二）关于喀什东方汇科公司欠付喀什华厦公司工程款的利息认定的问题,-1
11127,双方又未达成延期付款协议，导致施工无法进行，承包人可以停止施工，由发包人承担违约责任,-1
11143,故本院对原告喀什华厦公司要求被告喀什东方汇科公司支付其欠付原告喀什华厦公司工程款利息的诉讼请求予以支持,-1
11144,（2）关于喀什东方汇科公司欠付喀什华厦公司工程款利息应如何计算的问题,-1
11146,发包人不安合同约定支付工程款，双方又未达成延期付款协议，导致施工无法进行，乙方可停工，由发包方负责,-1
11158,第六，本案中，喀什华厦公司按每日利息0.00025861113的2倍为标准主张欠付工程款利息，未超出同期中国人民银行贷款基准利率的四倍，符合法律规定和合同约定，应予以支持,-1
11159,综上所述，本院认定喀什东方汇科公司欠付喀什华厦公司工程款利息起算时间为2018年8月20日，截止于本案立案之时即2019年7月25日，共计335天,-1
11160,喀什东方汇科公司欠付喀什华厦公司工程款的利息为9724683.73元（本金56124627.44元×每日利息0.00025861113×2×335天，时间起自2018年8月20日止于2019年7月25日）,-1
11165,四、关于喀什东方汇科公司主张喀什华厦公司应承担逾期交工的违约金4120603.58元的反诉请求能否成立的问题,-1
11168,双方又未达成延期付款协议，导致施工无法进行，承包人可以停止施工，由发包人承担违约责任,-1
11171,故喀什东方汇科公司主张由喀什华厦公司承担逾期交工的违约金4120603.58元的反诉请求，没有事实和法律依据，其该项反诉请求不能成立，应当不予支持,-1
11209,（四）关于西北电缆公司欠付工程款付款条件是否成就的问题,-1
11210,合同中双方对付款的约定为“承包人进场后支付合同总价款的20%作为预付款，工程验收合格后，支付工程总量价款剩余部分的70%，待工程质量保修期满后付清余款的10%”，争议工程于2014年7月20日竣工，根据合同约定工程竣工后西北电缆公司应组织验收，但西北电缆公司未组织验收，后工程投入使用，视为工程合格，根据竣工时间计算一年保修期也已届满，争议工程欠付工程款付款条件均已成就,-1
11266,另二被告还提出原告是以个人名义承建案涉工程，应当按照12%的比例扣除税费、管理费等费用的辩解意见，因前述已确认本案中原、被告之间的事实建设工程施工合同关系无效，在承建工程质量合格的情况下，原告楼应彪可主张实际的工程造价，但不可主张欠付工程款利息、违约金等费用，实际已对其无效施工行为进行了否定和制约，现二被告再据此主张扣除管理费、税费等费用，缺乏合理性，本院不予采信,-1
11282,此外，依照《最高人民法院关于审理建设工程施工合同纠纷案件适用法律问题的解释（二）》第二十一条第二款“承包人就逾期支付建设工程价款的利息、违约金、损害赔偿金等主张优先受偿的，人民法院不予支持,-1
11307,“当事人对欠付工程价款利息计付标准有约定的，按照约定处理,-1
11341,四、被告工程是否存在延期，如存在延期则违约金应如何计算,-1
11363,在此情况下，原告主张被告逾期完工，其应提供证据证明双方另行就工程的完工时间进行了明确的约定,-1
11410,单栋楼移交全部工程竣工资料并五大责任主体验收完成工作，每延误1天，承包人承担逾期竣工违约金20000元,-1
11411,工程移交发包人、配合发包人和物业公司完成向小业主交房工作，每延误1天，承包人承担逾期竣工违约金20000元,-1
11430,三、关于华宇广泰辩称已在二期结算造价汇总表中就逾期竣工违约金协商过扣除20000元，不应再扣除违约金问题,-1
11431,本院认为，从二期结算造价汇总表上可以看出来，华宇广泰在工程“安装”阶段应当承担的罚款或违约金，经过双方协商按20000元计算，此与鸿丰公司依据《建设工程施工合同补充协议》9.6.2.1.3条、9.6.2.1.4条主张的逾期竣工违约金，具有不同的指向,-1
11433,其次，《建设工程施工合同补充协议》9.6.2.1.3条、9.6.2.1.4条（第44页）规定“单栋楼移交全部工程竣工资料并五大责任主体验收完成工作，每延误1天，承包人承担逾期竣工违约金2万元”、“工程移交发包人、配合发包人和物业公司完成向小业主交房工作，每延误1天，承包人承担逾期竣工违约金2万元”,-1
11439,五、关于华宇广泰是否存在逾期竣工的问题,-1
11445,工程师在收到报告后14天予以确认，逾期视为同意顺延工期”、第14条“承包人必须按照协议书约定的竣工日期或工程师同意顺延的工期竣工”，工期顺延的举证责任在华宇广泰，若华宇广泰认为在施工过程中存在工期顺延情形，应承担举证责任，否则，应承担对其不利的法律后果,-1
11446,六、关于鸿丰公司是否存在逾期支付工程款的违约行为问题,-1
11450,华宇广泰在其民事反诉状中自认鸿丰公司已支付工程款61595658元，已经超出了鸿丰公司依据合同规定的工程款进度支付条款所要求的累计支付比例，故鸿丰公司不存在逾期支付工程款的违约行为,-1
11451,七、关于逾期竣工违约金的计算问题,-1
11452,根据《建设工程施工合同补充协议》第9.6.3条“因承包人原因导致工期延误”条款，关键节点工期中，“移交全部工程竣工资料、五大责任主体验收完成”时间，单栋楼每延误1天，承包人承担逾期竣工违约金20000元,-1
11453,关键节点工期中，“工程移交发包人、配合发包人和物业公司完成向小业主的交房”时间，单栋楼每延误1天，承包人承担逾期竣工违约金20000元,-1
11458,以上，华宇广泰应当向鸿丰公司支付的5#、6#楼“移交全部工程竣工资料、五大责任主体验收完成”的违约金22440000元，与鸿丰公司尚欠华宇广泰的3359178.26元工程款（含质量保修金3310000元）冲抵后，华宇广泰还应向鸿丰公司支付违约金19080821.74元，鸿丰公司仅要求华宇广泰承担99万元逾期竣工违约金，系对己方权利的处分，符合法律规定，本院予以准许,-1
11566,”的规定，欠付工程款利息以工程欠款8381684.12元为基数，按照中国人民银行同期同类贷款利率计算，从起诉之日即2016年9月24日起计至还清之日止,-1
11570,国都公司提出天泽公司未按期支付工程款导致其停工，因此天泽公司应赔偿其直接经济损失的主张，经上述争议焦点分析，本案履行的是天泽公司与国都广西分公司签订的《建设工程施工补充合同》，即由施工单位即国都广西分公司垫资施工，若因资金问题而造成的经济损失，应由国都公司及其广西分公司自行负担,-1
11600,原告冯继平按照合同约定的工期垫资完成施工项目，建设工程质量符合质量要求，竣工验收合格，被告胥志明违反诚实信用原则，未按合同约定与原告冯继平结算支付工程价款，考虑到承包人在施工中投入了大量资金、原材料、人力等因素，合同双方均将建设工程作为未来收入的主要保障，信赖和协作是施工合同的主要特征，根据双方在合同履约中的利益衡平原则，为了维护建筑市场的正常秩序，原告请求按约定利率标准承担逾期支付工程款资金利息的诉讼请求，本院予以支持,-1
11607,综上所述，原告冯继平个人与被告胥志明个人签订了《建设工程施工合同》，原告冯继平是“水榭阳光”商住楼项目工程的实际施工人，自行组织人力、物力、财力垫资施工完成合同所约定的施工项目，其建筑质量经验收合格，被告胥志明是“水榭阳光”商住楼项目的实际投资人，负有与建筑工程承包人结算支付工程价款的合同义务，原、被告签订的《建设工程施工合同》虽然无效，但其工程质量经竣工验收为合格，原告冯继平请求按双方约定价款支付工程款，并按约定利率标准承担逾期资金利息及工程价款享有优先受偿权的诉讼请求符合法律规定，原告冯继平未完工程量以及实际领取的价款应予扣减，为了维护建筑业的正常秩序，依照《中华人民共和国合同法》第五十二条第五项、第五十八条、第六十条、第二百六十九条、第二百七十六条、第二百七十九条、第二百八十六条及最高人民法院《关于审理建设工程施工合同纠纷案件使用法律若干问题的解释》第二条、第六条、第十八条，最高人民法院《关于建设工程价款优先受偿权问题的批复》第一项、第二项之规定，判决如下,-1
11610,是否存在欠付工程款,-1
11630,"被告智祥公司抗辩认为，原告二建公司逾期完工，应赔偿工期违约金1,280,000元",-1
11661,其次，对于XX公司是否存在工期超过“房屋可预售节点”的逾期事实和顺延工期的正当理由争议,-1
11662,本院认为，根据有关法律规定，承包人应当按照合同约定完成施工义务，但发包人未按照约定的时间和要求提供原材料、设备、场地、资金、技术资料的，承包人可以顺延工程日期，并有权要求赔偿停工、窝工等损失,-1
11665,本院考量XX公司的违约责任只能基于XX公司的施工进度是否超过了约定的各预售节点以及有否逾期的正当理由,-1
11667,对于2-1号房屋，协议约定为“2007年10月16日开始进行施工，于2007年12月25日达到房屋可预售节点”，即便按XX公司实际取得该房的预售许可证日期，即2008年2月4日，虽存在逾期41天的事实，但一方面，XX公司没有提供其实际申请上述许可证的时间,-1
11669,对于2-3号房屋，协议约定为“2007年11月10日开始进行施工，于2008年1月30日达到房屋可预售节点”，虽然XX公司取得该房的预售许可证日期为2008年7月29日，但在审理中，双方就该房屋逾期的争议在于动迁户未能及时搬离，对此，XX公司虽认为已在一定时间解决了动迁问题，本院认为，根据XX公司递交的“工程例会纪要”中不仅表明了确实存在动迁居民未能动迁影响XX公司正常的进场施工，而且双方也在该房达到预售节点后，即2008年12月10日，就动迁等原因造成工程未能按时开工，造成材料上涨，XX公司同意给XX公司予以补偿，故XX公司再以XX公司在该房施工中存在逾期工期的意见，本院不予采信,-1
11671,其三，关于XX公司主张因XX公司逾期竣工，致使其延期交房而要求XX公司承担违约金的争议,-1
11678,故建设方未能及时办理申请、提供必备文件不符合规定等均会影响许可证取得和进行初始登记的时间,-1
11680,审理中，XX公司没有证据证明有关配套工程实际竣工验收的时间，从而致使本院也难以核定在扣除其他配套项目是否存在逾期竣工验收的因素后计算XX公司实际逾期竣工的具体时间,-1
11681,XX公司未能按其与业主订立的商品房预售合同的约定，延迟取得上述“许可证”和“大产证”，存在申请的时间、文件是否完整等诸多因素，而并不仅归责于XX公司存在逾期竣工的原因所致,-1
11682,审理中，XX公司对此也没有就其已及时履行申请和递交手续进行举证，故本院也难以核定XX公司的原因直接所造成其延迟办理的具体时间,-1
11683,综上，对于XX公司认为XX公司的逾期竣工致使其未能办理《新建住宅交付使用许可证》和办理涉讼房屋所有权初始登记（即大产证），要求XX公司承担其已付各业主的违约金的意见，证据不足，本院难以采信,-1
11702,四、对于原告主张被告逾期付款的违约金,-1
11703,本院认为，双方虽然在《补充协议二》中约定，“若甲方未按时支付工程进度款的，甲方承担乙方因此造成的误工、停工等一切损失，具体费用按每天以总价千分之三来确定,-1
11705,同时，由于“进度款”与工程余款的支付系两个不同的概念，故XX公司以逾期支付“进度款”违约金计算方式主张逾期支付工程余款的违约责任，与合同约定不符，本院不予采信,-1
11706,现由于双方在上述协议上并无约定逾期支付工程余款的违约责任的计算方式，故本院按中国人民银行发布的同期同类贷款利率计息作为XX公司应承担的逾期付款违约金,-1
11768,二、关于日月鑫公司的已付款情况和欠付工程款金额的问题,-1
11796,另与新东阳公司的融资成本、房屋价格的上涨程度，以及银行关于贷款利息、逾期罚息的计算比例、方法相比较，双方约定的月3%违约金支付比例，属于过分的高于损失,-1
11804,欠付金额,-1
11948,对此，本院认为，依照合同约定，发包人应按时支付工程进度款，因日月鑫公司未按时支付工程款导致案涉工程停工，停工时间段为2015年3月21日至2015年7月20日、2016年3月21日至2016年8月20日、2017年3月21日至2018年1月20日,-1
11951,本案中，虽然日月鑫公司未能按时支付工程进度款是造成案涉工程中途停工的原因，但新东阳公司亦有义务采取措施防止停工损失的扩大，其提供的证据尚不足以证明其损失数额，本院综合双方对停工损失的过错，酌情认定新东阳公司的停工损失数额为50万元,-1
11956,“发包人未按照约定支付价款的，承包人可以催告发包人在合理期限内支付价款,-1
11957,发包人逾期不支付的，除按照建设工程的性质不宜折价、拍卖的以外，承包人可以与发包人协议将该工程折价，也可以申请人民法院将该工程依法拍卖,-1
11971,承包人就逾期支付建设工程价款的利息、违约金、损害赔偿金等主张优先受偿的，人民法院不予支持,-1
11972,"”故原告新东阳公司依法享有工程价款优先受偿权仅限于日月鑫公司欠付的工程款49,240,573.7元",-1
11993,其次，对于XX公司是否存在工期超过“房屋可预售节点”的逾期事实和顺延工期的正当理由争议,-1
11994,本院认为，根据有关法律规定，承包人应当按照合同约定完成施工义务，但发包人未按照约定的时间和要求提供原材料、设备、场地、资金、技术资料的，承包人可以顺延工程日期，并有权要求赔偿停工、窝工等损失,-1
11997,本院考量XX公司的违约责任只能基于XX公司的施工进度是否超过了约定的各预售节点以及有否逾期的正当理由,-1
11999,对于2-1号房屋，协议约定为“2007年10月16日开始进行施工，于2007年12月25日达到房屋可预售节点”，即便按XX公司实际取得该房的预售许可证日期，即2008年2月4日，虽存在逾期41天的事实，但一方面，XX公司没有提供其实际申请上述许可证的时间,-1
12001,对于2-3号房屋，协议约定为“2007年11月10日开始进行施工，于2008年1月30日达到房屋可预售节点”，虽然XX公司取得该房的预售许可证日期为2008年7月29日，但在审理中，双方就该房屋逾期的争议在于动迁户未能及时搬离，对此，XX公司虽认为已在一定时间解决了动迁问题，本院认为，根据XX公司递交的“工程例会纪要”中不仅表明了确实存在动迁居民未能动迁影响XX公司正常的进场施工，而且双方也在该房达到预售节点后，即2008年12月10日，就动迁等原因造成工程未能按时开工，造成材料上涨，XX公司同意给XX公司予以补偿，故XX公司再以XX公司在该房施工中存在逾期工期的意见，本院不予采信,-1
12003,其三，关于XX公司主张因XX公司逾期竣工，致使其延期交房而要求XX公司承担违约金的争议,-1
12010,故建设方未能及时办理申请、提供必备文件不符合规定等均会影响许可证取得和进行初始登记的时间,-1
12012,审理中，XX公司没有证据证明有关配套工程实际竣工验收的时间，从而致使本院也难以核定在扣除其他配套项目是否存在逾期竣工验收的因素后计算XX公司实际逾期竣工的具体时间,-1
12013,XX公司未能按其与业主订立的商品房预售合同的约定，延迟取得上述“许可证”和“大产证”，存在申请的时间、文件是否完整等诸多因素，而并不仅归责于XX公司存在逾期竣工的原因所致,-1
12014,审理中，XX公司对此也没有就其已及时履行申请和递交手续进行举证，故本院也难以核定XX公司的原因直接所造成其延迟办理的具体时间,-1
12015,综上，对于XX公司认为XX公司的逾期竣工致使其未能办理《新建住宅交付使用许可证》和办理涉讼房屋所有权初始登记（即大产证），要求XX公司承担其已付各业主的违约金的意见，证据不足，本院难以采信,-1
12034,四、对于原告主张被告逾期付款的违约金,-1
12035,本院认为，双方虽然在《补充协议二》中约定，“若甲方未按时支付工程进度款的，甲方承担乙方因此造成的误工、停工等一切损失，具体费用按每天以总价千分之三来确定,-1
12037,同时，由于“进度款”与工程余款的支付系两个不同的概念，故XX公司以逾期支付“进度款”违约金计算方式主张逾期支付工程余款的违约责任，与合同约定不符，本院不予采信,-1
12038,现由于双方在上述协议上并无约定逾期支付工程余款的违约责任的计算方式，故本院按中国人民银行发布的同期同类贷款利率计息作为XX公司应承担的逾期付款违约金,-1
12056,对此本院认为，四川艺豪永塑建材有限公司与原告川虹公司属不同的公司法人，四川艺豪永塑建材有限公司租用成都龙鑫工贸有限公司位于成都纺织印染工业集中发展区的厂房办厂经营是不同主体之间的法律关系，原告川虹公司依此租赁标准作为要求承包方赔偿延期竣工的直接损失不具有必然的因果关系，对于原告川虹公司的该主张不予支持,-1
12079,二、欠付工程款及欠款利息的数额确定,-1
12081,四、逾期竣工的违约责任,-1
12088,二、关于欠付工程款及工程款利息的数额确定问题,-1
12089,在建设工程施工合同纠纷案件中，确定欠付工程款的数额应以应付工程款和已付工程款的具体数额为基础,-1
12170,逾期退还诚意金的补偿金3900000元,-1
12196,“当事人对欠付工程价款利息计付标准有约定的，按照约定处理,-1
12212,两原告请求支付的工程款利息，是宇元置业公司未及时付款给原告方造成的损失，不属于可以优先受偿的建设工程价款范围,-1
12220,四、逾期竣工的违约责任,-1
12222,由于涉案建设工程施工合同均被认定为无效，故双方在合同中关于逾期竣工验收的违约金的约定也应无效,-1
12223,因此，对宇元置业公司要求两原告支付延期竣工验收违约金1775000元的诉讼请求应不予支持,-1
12276,忠县人民医院作为工程发包方，在接受了的实际施工人为其完成并交付使用的工程后，应当要向实际施工人支付相应的对价，在工程款支付条件具备后，应在其欠付工程款范围内承担直接支付责任,-1
12277,综上所述，陈兴元要求俊鼎公司支付工程款及利息，忠县人民医院在欠付工程款范围内承担直接支付责任的理由成立，本院予以支持,-1
12294,但因双方没有约定具体的还款时间，也没提交具体的结算时间和工程交付时间，应当以双方认可的2017年12月6日在宁陵县住建局结算的时间作为依据，故原告主张的利息自2017年12月6日开始计算，计付标准依据《最高人民法院关于审理建设工程施工合同纠纷案件适用法律问题的解释》第十七条“当事人对欠付工程价款利息计付标准有约定的，按照约定处理,-1
12355,3.欠付的金额,-1
12397,关于原告诉请的5至6楼复合门的工程材料款5400元，本院要求原告在庭后五个工作日内提交相关的证据，逾期不提交将承担不利的法律后果，原告至今未提交任何相关的证据,-1
12565,“当事人对欠付工程价款利息计付标准有约定的，按照约定处理,-1
12567,”根据协议约定，如果金泓公司未依约付款，则应从2011年12月31日起按照银行同期贷款利率4倍计息，故对于原告要求第三人金泓公司按照银行同期贷款利率4倍支付自2012年1月1日计算至款项款清为止的逾期利息的诉请，本院依法予以支持,-1
12581,丁蔡俊作为实际施工人不具有相应的施工资质，其与恒基公司之间所形成的事实上的建设工程施工合同为无效的建设工程施工合同，但涉案已经进行了竣工验收，丁蔡俊有权依据《最高人民法院关于审理建设工程施工合同纠纷案件适用法律问题的解释》第二十六条之规定要求恒基公司向其承担支付工程款的责任，千田公司在其欠付工程款范围内承担付款责任,-1
12634,由于双方对工程款已经做结算，故中宇公司否认欠付工程款的事实无法律依据，其应按照该结算数额向张冬支付工程款,-1
12641,3、关于工程款利息，根据《最高人民法院关于审理建设工程施工合同纠纷案件适用法律问题的解释》第十七条之规定，“当事人对欠付工程价款利息计付标准有约定的，按照约定处理,-1
12645,”故原告主张所欠付的工程款按银行同期贷款利率计算符合法律规定，本院予以支持,-1
12652,根据《中华人民共和国合同法》第二百八十六条的规定，发包人未按照约定支付价款的，承包人可以催告发包人在合理期限内支付价款,-1
12653,发包人逾期不支付的，除按照建设工程的性质不宜折价、拍卖的以外，承包人可以与发包人协议将该工程折价，也可以申请人民法院将该工程依法拍卖,-1
12658,再次，张冬享有优先受偿权的范围，根据《最高人民法院关于建设工程价款优先受偿权问题的批复》第三条规定，建筑工程价款包括承包人为建设工程应当支付的工作人员报酬、材料款等实际支出的费用，不包括承包人因发包人违约所造成的损失，故张冬对被告欠付工程款23035422.50元范围内享有优先受偿权,-1
12686,原告从2008年3月6日正式开工承建，2008年10月9日该工程主体通过验收，2009年9月28日该工程竣工预验收，2009年10月7日原告完成预验收整改并申请竣工验收，2009年11月12日原告组织竣工验收，历时615天，原告诉称，造成工程没有移交，延误的原因是被告没有按时足额支付工程进度款，从原告提供的被告给付工程进度款一览表，被告于2011年3月11日止共计支付被告工程进度款4000000元，该工程进度款与双方在签订的《建设工程施工合同》中约定的3972302.50元工程进度款，己超额支付,-1
12711,关于二轻公司要求判令万合城公司给付欠付工程款所产生的利息的诉讼请求，在前述《结算协议》和欠条中，万合城公司承诺支付二轻公司月利率3%的延期支付利息,-1
12712,该约定虽系双方真实意思表示，但该约定超过了年利率24%，故本院依法部分支持二轻公司的诉讼请求，由万合城公司按照月利率2%的标准支付二轻公司延期支付利息,-1
12714,关于万合城公司反诉要求判令二轻公司赔偿停工损失5008.1211万元的诉讼请求，因停工系万合城公司未及时支付二轻公司工程款造成的，故对其此项诉讼请求，本院不予支持,-1
12715,关于万合城公司反诉要求判令二轻公司和第三人常久印返还多付工程款495.0173516万元的诉讼请求，经审理查明双方在合同履行过程中万合城公司多次拖延支付二轻公司工程款，至今尚欠付工程款，不存在多付的情形，故对其此项诉讼请求，本院不予支持,-1
12729,工程结算时，大石围公司并未追究广西建工四建公司逾期违约责任，原告未因此受到损失，因此，原告主张被告赔偿工期拖延造成的损失580757元，没有事实依据，不予支持,-1
12765,关于被告是否存在延期施工的违约行为，以及在建设工程施工合同关系中，被告未向原告融资是否构成违约的问题,-1
12772,”的约定，本案开工日期应以监理单位下发的开工令为准，但原告在庭审中主张因被告已于2016年11月29日实际进场，故未补发开工令，然而，开工令是满足开工条件的依据，是计算工期的起点，在没有开工令的前提下施工方进场只能进行开工准备而不能实际开工，施工方进场并不能替代开工令，原告未向被告下发开工令不符合约定的开工条件，无法确定工期起算点，亦无法确定被告是否延期施工，故原告主张被告延期施工构成违约的事实依据不足,-1
12781,"因原告主张的工期延误损失1,100,000元、支付案外人的欠款利息4,059,500元、支付案外人的补偿款500,000元、公司管理运营费973,416元及资金空耗成本1,860,000元均以被告存在延期施工、及在建设工程施工合同关系中未向原告融资构成违约为前提，但现并无相应事实及证据予以证明，故对原告主张的工期延误损失、支付案外人的欠款利息、支付案外人的补偿款、公司管理运营费及资金空耗成本，本院不予支持",-1
12782,关于反诉被告是否存在延期移交施工现场的违约行为，及反诉被告将涉案工程重新发包案外第三人是否构成违约的问题,-1
12788,”的规定，本案中，反诉原告主张反诉被告于2017年2月14日才初步移交完施工现场构成违约，但双方并未在《黎明之城建设工程施工合同》中明确约定移交施工现场的时间，该合同第三部分专用合同条款第2.4.1中仅约定发包人移交施工现场的期限为“承包人进场施工前3天内移交”，反诉原告在庭审中也自认开工时间应以反诉被告下发的开工令为准，但反诉被告未向其下发开工令，所以进场施工的时间不确定，进场施工前3天是何时也不能确定，因此移交施工场地的时间并未确定，故反诉原告主张反诉被告延期移交施工现场的事实依据不足,-1
12793,"因反诉原告主张的合同解除前的投入2,338,317元、合理利润和损失1,000,000元及逾期给付利息101,717元均以反诉被告存在违约延期移交施工现场及违约将涉案工程另行发包他人为前提，但现并无相应事实及证据予以证明，故对反诉原告主张的前期投入、合理利润和损失、逾期给付利息，本院不予支持",-1
12878,另，针对原告主张的工程尾款自2015年11月18日起的逾期利息的诉求,-1
12879,本院认为，根据《最高人民法院关于审理建设工程施工合同纠纷案件适用法律问题的解释》的相关规定，工程款利息系法定孳息，当事人对欠付的工程款利息应予以支付,-1
12883,“发包人未按照约定支付价款的，承包人可以催告发包人在合理期限内支付价款,-1
12884,发包人逾期不支付的，除按照建设工程的性质不宜折价、拍卖的以外，承包人可以与发包人协议将该工程折价，也可以申请人民法院将该工程依法拍卖,-1
12901,（四）关于被告方是否应向原告支付逾期给付工程款利息问题,-1
12902,按原被告双方所签订的建设工程施工合同的约定，工程整体竣工验收后30个工作日内双方完成结算工作，发包方向承包方结算工程款，10个工作日内结清，如逾期支付按工程结算款每日2‰计息,-1
12903,被告给付逾期付款利息与给付垫资利息是依据两个独立的合同条款约定，二者之间并不矛盾，该约定并不违反法律的强制性规定，因此原告请求给付逾期付款利息的请求应予支持,-1
12904,但根据被告所欠的工程款数额，如按此约定计算，则逾期付款利率明显过高而有失公平,-1
12905,对此可依法根据双方约定及本案的客观情况可自2015年4月1日起按中国人民银行发布的同期同类贷款利率计算逾期付款利息,-1
12951,"关于原告河南开宇建筑有限公司主张二被告按月利率20‰计算的利息，依据《最高人民法院关于建设施工合同的解释》第十七条""当事人对欠付工程价款利息计付标准有约定的，按照约定处理",-1
12958,第一，精王公司是否应向来宝公司支付建设工程施工款及逾期利息,-1
12960,第一，关于精王公司是否应向来宝公司支付建设工程施工款及逾期利息，双方2016年12月20日签订的解除建设工程施工合同协议书明确约定双方确认乙方已施工部分的工程款按人民币50939462.6元（含税金）结算,-1
12964,因双方明确约定了付款期限，且约定如果精王公司未按本协议约定的时间付款，则应按日万分之三向来宝公司支付逾期利息，直至给付所有款项为止，该约定并未超出法律规定，且精王公司并未对此提出异议，故对来宝公司要求精王公司支付逾期利息的请求予以支持,-1
12967,"""发包人未按照约定支付价款的，承包人可以催告发包人在合理期限内支付价款",-1
12968,发包人逾期不支付的，除按照建设工程的性质不宜折价、拍卖的以外，承包人可以与发包人协议将该工程折价，也可以申请人民法院将该工程依法拍卖,-1
12970,"""发包人逾期不支付的，承包人可以与发包人协议将该工程折价，也可以申请人民法院将该工程依法拍卖",-1
13037,三、关于原告要求被告支付逾期付款利息（以13441505元为基数，自2015年7月2日起按月息2%的标准支付至实际履行之日止）的诉讼请求,-1
13038,因原告对于其与被告对于欠付工程款利息计付标准约定为月息2分的主张仅有证人李某、霍某的证人证言，且该两名证人自称其为原告的项目执行经理、成本核算员，与原告均有利害关系，被告对于两名证人的证言均有异议，故本院对于证人李某、霍某的证人证言不予认定,-1
13039,由于原告提供的证据不能证明其与被告对于欠付工程款利息计付标准约定为月息2分，根据最高人民法院《关于审理建设工程施工合同纠纷案件适用法律问题的解释》第十七条“当事人对欠付工程价款利息计付标准有约定的，按照约定处理,-1
13040,没有约定的，按照中国人民银行发布的同期同类贷款利率计息”的规定，被告对于欠付工程款的利息按照中国人民银行发布的同期同类贷款利率的标准支付为宜,-1
13048,…本案中，被告反诉请求中主张原告支付逾期竣工损失包括,-1
13052,被告在2018年12月6日提起反诉，要求被告支付2013年6月至2015年2月期间逾期竣工贷款利息损失、2013年7月至2014年12月期间的拆迁过渡费损失以及2013年7月至2015年10月期间的土地使用税损失均已超过三年的诉讼时效,-1
13097,因被告与黄东签订的合同中未作有关违约金事项的约定，故违约金部分本院不予支持，但根据黄东与被告签订的《建设工程施工合同》约定，“房产证办理完成后一个月内支付至总价的95%，余款在保修期满一年付2%，满两年付2%”及《最高人民法院关于审理建设工程施工合同纠纷案件适用法律问题的解释》第十七条“当事人对欠付工程价款利息计付标准有约定的，按照约定处理,-1
13098,没有约定的，按照中国人民银行发布的同期同类贷款利率计息”之规定，被告应支付原告欠付工程款自应付之日起至款付清日止按中国人民银行公布的同期同档次贷款基准利率计算的利息损失,-1
