”、第十七条“当事人对欠付工程价款利息计付标准有约定的，按照约定处理,1
4.对原告已售房屋应支付延期违约交房情况明细表及第三方业主已领取原告支付违约金领条、协议书不予认定，该部分应另案主张,0
对顺延工期的工程联系单12份，2013年5月因增加标准层走道夹层梁板及户内圈梁施工，申请延期58天，九洲公司同意顺延48天，应按照48天计算,0
如因中城投六局的原因未按期开工或竣工，其中任何一项逾期超过30日，九洲公司有权解除施工，并按中城投六局实际完成的工程量经审计的80%支给中城投六局工程款，若因九洲公司原因造成不能按期开工或竣工的，双方商讨未果的情况下，中城投六局有权要求九洲公司承担因此给中城投六局造成的一切损失并顺延工期合同,0
工程竣工验收时间如超出总工期，按延期天数计算违约金，延误天数在30天内，延期一天一栋违约金5000元,0
延期天数超过30天，30天以外部分延期一天一栋违约金10000元,0
一、涉案工程是否应按照1660元/㎡计算，九洲公司是多支付还是欠付中城投六局工程款，九洲公司是否应支付中城投六局违约损失,1
二、中城投六局是否应向九洲公司支付延期竣工违约金,0
三、九洲公司主张的影响第三方逾期交房违约金是否应在本案中一并处理,0
双方约定，如被告不能按期竣工超过30日，原告有权解除合同，并按被告实际完成的工程量经审计的80%支给被告工程款,0
双方2014年5月互相出具承诺书后，应视为双方对工程款支付作出了重新约定，双方达成了延期付款的协议，故对九洲公司主张的2014年5月之前，九洲公司部分未按照合同支付工程款的部分要求违约金的诉求本院不予支持,1
中城投公司未举证证明自己按照所承诺的施工计划施工，从九洲房公司的付款时间上及中城投六局的施工进度上综合判断，中城投六局没有按照承诺的施工进度节点进行施工，不能判定九洲公司没有按时足额支付工程款，也不能判定九洲公司违约,1
九洲公司与中城投六局所签订的《建设工程施工合同》第三条施工组织设计和工期13.1双方约定工期顺延的其他情况约定，发生不可抗力因素造成工期延长的，承包人需办理延期手续，经发包人批准后方可顺延工期，因承包人原因造成工期延误，每推迟一天每栋楼罚金5000元，超过30天，每推迟一天每栋楼罚金10000元，其他按通用条款约定的内容执行,0
中城投六局未按照约定时间竣工，应自2014年10月1日计算相应违约金,0
根据合同约定延期30天以内的违约金为（30天×5000元×3栋）450000元，延期30天以外的违约金为（<375天-30天>×5000元×3栋）5175000元（2014年10月1日至2015年10月11日计375天），以上逾期违约金共计5625000元,0
九洲公司请求延期交房需向第三方赔付违约金5170779元，因该部分损失系九洲公司与第三方签订的《商品买卖合同》中约定的条款所产生，但该部分费用是否实际产生在本案中无法查明，对于该部分的请求，九洲公司可以另行主张,0
3、欠付的工程款金额及利息应否支持,1
"庭审中，原、被告双方对欠付工程款金额100,464,069元均无异议，本院对此予以认可",1
“当事人对欠付工程价款利息计付标准有约定的，按照约定处理,1
”的规定，原告任波与被告上东新城公司对欠付工程价款利息计付标准没有约定，可按照中国人民银行同期同类贷款年利率为标准，以1322546.95元为基数，鉴于双方就工程价款结算标准、房屋价格下浮、房屋维修等后续问题产生纠纷，导致工程价款迟迟未能结算，本院酌定自起诉日2018年4月23日起计算至本判决确定的自动履行期限内的实际给付之日止,1
原告大远东公司主张被告盛川公司向其支付欠付的工程款33.18万元，因原被告双方对被告应给付原告工程款321.68万元均予认可，且被告盛川公司已向原告大远东公司支付了工程款288.5万元，故原告该项主张本院应予支持,1
原告主张被告向其支付利息506877.59元及至实际清偿之日止的利息，因原被告在合同中未对逾期付款给付利息作出明确约定，且被告向原告最后付款日为2016年1月31日，利息应自2016年2月1日起，按中国人民银行同期贷款利率计算给付,1
因原被告双方合同约定冷库竣工日为2012年4月20日，但原告最终于2012年12月31日才将冷库交由被告验收并交付给被告，晚于合同约定的竣工日期，属逾期完工，原告的行为已经构成违约，应对被告盛川公司因其延期交付冷库给被告造成的损失承担赔偿责任,0
因原告逾期完工，经法定程序鉴定，被告盛川公司在2012年5月28日至2012年10月31日期间外租保鲜库，实际支付保鲜库租金70432元，对此损失原告应予赔偿,0
在《补充协议》签订后，群洲公司对铜仁大酒店工程至今未复工，虽对金滩半岛豪苑F1F2栋工程复工，但在完成部分工程后于2019年4月再次停工，至今2019年11月仍未能按期竣工，群洲公司亦于2019年6月2日发函通知南长城公司解除《建设工程施工合同》及《补充协议》，群洲公司明确表示解除合同，且其未按约定期限竣工的违约行为致使合同目的不能实现，南长城公司主张解除双方签订的《建设工程施工合同》及《补充协议》有事实及法律依据，本院予以支持,0
关于群洲公司反诉主张的逾期进度款资金占用利息损失、逾期退还保证金的资金占用利息损失、案涉工程停工损失的问题,1
关于南长城公司主张的逾期交房违约金损失及资金占用损失的问题,0
"因群洲公司违反合同约定不能按期对金滩半岛豪苑F1F2栋工程全面竣工，致使南长城公司不能按照其与金滩半岛豪苑F1F2栋房屋买受人约定的日期交付房屋，部分房屋买受人多次到当地政府有关部门信访，南长城公司的逾期交房违约金损失客观存在，对南长城公司主张的截止2019年8月31日的逾期交房违约金损失26,565,419元予以支持，对南长城公司主张应计算至群洲公司向其移交经质量验收合格的案涉工程之后的6个月为止的请求，综合考量本案实际，本院认为计算至群洲公司向南长城公司撤离金滩半岛豪苑F1F2栋工程施工现场、移交已完工程之日为宜，故群洲公司应赔偿南长城公司截止2019年8月31日的逾期交房违约金损失26,565,419元，并自2019年9月1日起，按照2019年7月1日至2019年12月30日，每日赔偿31,021元，2020年1月1日至2020年6月30日，每日赔偿33,886元，2020年7月1日后，每日赔偿34,374元的标准，向南长城公司赔偿损失，直至群洲公司向南长城公司移交金滩半岛豪苑F1F2栋工程施工现场之日止",0
《中华人民共和国合同法》第二百八十六条规定，“发包人未按照约定支付价款的，承包人可以催告发包人在合理期限内支付价款,1
发包人逾期不支付的，除按照建设工程的性质不宜折价、拍卖的以外，承包人可以与发包人协议将该工程折价，也可以申请人民法院将该工程依法拍卖,1
本案中，按合同约定，铜仁大酒店工程尚未达到发包人支付工程进度款的节点，金滩半岛豪苑F1F2栋工程发包人已按约支付工程进度款，不存在发包人逾期不支付工程款的情况，且案涉工程均未竣工，亦因群洲公司的违约，导致案涉工程不能按照约定日期竣工，群洲公司无权行使工程价款的优先受偿权，群洲公司的该主张无事实和法律依据，本院依法不予支持,1
合同签订后，繁宝公司按约履行，但由于钱国木业公司的“三通一平”工作未能及时做好、2号车间施工场地不能搬迁、钱国木业公司与村民关系没有处理好等多种原因，致使工程拖延到2013年8月底竣工，钱国木业公司分别于2012年8月及9月开始使用竣工的车间厂房,0
"1、繁宝公司支付延期交房违约金60万元(根据上海市建设工程施工投标标书情况汇总表第4条，按工程总造价7,009,179元的每日万分之二计算，自2012年4月8日起算至钱国木业公司使用车间二及门卫室的时间即2013年7月18日止)",0
原告(反诉被告)繁宝公司针对反诉辩称，延期交付的责任在于钱国木业公司,0
发包人收到承包人通知后仍不能按要求付款，可与承包人协商签订延期付款协议，经承包人同意后可延期支付,1
协议应明确延期支付的时间，并从计量结果确认后的第15天起计算应付款的贷款利息,1
(如乙方工程延期此工程款包括后期余款顺期延长),1
7、总造价工程余款，工程全部竣工验收合格后2年内付清(如因乙方提交的建筑手续不全，甲方可以延期付款),1
三、崎丰厂所欠全部工程款应在2014年10月31日前付清，并支付因逾期付款的利息损失,1
第一，关于钱国木业公司主张的延期交房违约金，虽由繁宝公司确认的上海市建设工程施工投标表述情况汇总表中约定了如达不到自报工期目标的违约责任，但该份汇总表是繁宝公司投标阶段的文件，此后繁宝公司与崎丰厂及钱国木业公司再行签订了多份协议，其中对于工程总价、工程范围等均作出了实质性的变更，且2011年9月的工程补充协议书约定的施工期限是暂定至2012年4月8日完成，而2012年10月，双方又行签订了补充协议书，由此可见，随着工程的进展，双方对于工程工期、工程内容一直在进行变更，现钱国木业公司要求繁宝公司支付延期交房违约金，缺乏依据，不予准许,0
因被告不能及时支付工程款造成原告停工、窝工及机械物件及租赁物件（钢管、扣件）损失3632100元，应根据建设工程施工合同违约责任的相关约定，由被告向原告承担赔偿责任,1
三、逾期付款利息的计算,1
根据鉴定机构出具的鉴定报告，截止2014年7月1日原告停工时，已经实际完成的工程量造价为79057193元，被告仅支付原告17000000元，存在逾期支付工程款的行为，故原告向被告主张逾期付款利息并无不妥,1
原、被告并未在建设工程施工合同中约定逾期付款的利息计算方式，故本院酌情认定利息计算如下,1
自2014年7月1日至2015年9月1日，共425天（从原告主张），逾期付款利息为4335502元（62057193元×6%÷365天×425天，按照银行同期贷款年利率6%计算）,1
《建设工程施工合同补充协议》中约定的增加项目的工程款，永泰建筑公司同意智发酒业公司延期至2016年8月18日前付清，如未能付清，智发酒业公司应以应付未付工程款数额按银行贷款同期利率支付利息，并按未付工程款数额日万分之五计付的违约金付给永泰建筑公司,1
“出借人与借款人既约定了逾期利率，又约定了违约金或者其他费用，出借人可以选择主张逾期利息、违约金或者其他费用，也可以一并主张，但总计超过年利率24%的部分，人民法院不予支持,0
考虑到智发酒业公司已按中国人民银行同期贷款利率标准支付逾期利息，双方约定的日万分之五的违约金偏高，本院酌定将违约金调整为以4438101元为基数，按日万分之二计算,1
本院认为，根据《承诺书》约定，永泰建筑公司与智发酒业公司已将250000元工程款转为借款，双方同时还约定了借款期限、借款利息及逾期还款的违约责任，故该笔款项已不属于本案工程款范畴，永泰建筑公司可另案主张,0
本院认为，方正建筑公司承包金利源天然气公司加气站零星工程后，其项目部经理杨述能代表方正建筑公司将工程转包给杨继会完成，按双方约定，杨述能在工程完工后一月付95%的工程款，逾期则每天按3‰支付利息，剩余5%的工程款于2015年7月15日付清,1
证明为了本案施工，原告于第一个协议签订后，租赁吉北房地产开发公司塔吊一台，自2011年8月5日起算租金，租金为每月12000元，因被告工地不能开工，延期30天造成12000元损失,0
证明为了本案施工，原告租赁薛永生塔吊一台，租金为每月12000元，延期50天造成2万元损失,0
证明原告没有提交竣工验收的相关手续及资料，被告曾经督促原告进行提交，导致工程款没有及时结算，责任不在被告,0
虽然最高人民法院关于《审理建设工程施工合同纠纷案件适用法律解释》第十七条“当事人对欠付工程款价款利息计付标准有约定的，按照约定处理,1
”、第十八条第（三）项“建设工程未交付，工程款也未结算，为当事人起诉之日”对支付欠付工程款利息有规定，但本案原告撤场时，双方未对原告已完工的主体工程的工程量及价款进行结算，也未明确约定迟延支付工程款的利息计付标准，双方均未按《会议纪要》履行各自义务，加之是通过诉讼和本院采信第一次鉴定后经本院对鉴定结论确认后才确定下欠工程款实际金额，故原告请求支付下欠工程款利息的请求不予支持,1
被告欠付原告工程款1284781.83元,1
原告要求被告支付欠付工程款1284781.83元的请求，符合相关法律规定，本院不予支持,1
5、如发包人不能按合同约定时间付款，逾期不超过一个月的，发包人不承担违约责任，逾期超过一个月但不超过三个月的，由发包人按所欠工程款的1.5%月息支付给承包人利息，逾期超过三个月的，承包人有权停工,1
（1）承包人不能按合同约定提供全额履约保证金而造成发包人不能按时支付工程款或承包人违约的,1
对于欠付工程款的逾期付款利息的认定问题,1
合同约定为逾期一个月不承担违约责任，逾期超过一个月按月息1.5%支付利息，本院根据合同约定的付款节点及应付款金额分段进行计算,1
1、竣工验收后一个月即2014年8月18日起至合同约定的应办完竣工结算应付款之日后一个月即2015年2月28日共计195日期间内的欠付款项为26473088.5元（84639683.3元×85%-45470642.31元），该段时间内的利息经计算为2545768.24元（18%÷365日×195日×26473088.5元）,1
关于退还质保金的逾期付款利息的认定问题,0
对于大邦公司提出的要求湖南四公司立即向大邦公司交付竣工备案资料，配合大邦公司办理竣工备案手续，并赔偿因延期交付备案资料给大邦公司带来的损失3889.6万元的主张,0
1.本案是按双方签订的备案合同《湖南省建设工程施工合同》进行结算，还是按双方2013年6月26日签订的《补充协议》进行结算？如何确认本案中的工程造价？2.如何确认被告（反诉原告）瑞海公司已支付原告（反诉被告）长沙建工公司工程的具体金额？被告（反诉原告）瑞海公司还应支付多少工程款？3.被告（反诉原告）瑞海公司是否应承担逾期支付工程的利息？4.原告（反诉被告）长沙建工公司对工程款是否享有优先受偿权？5.原告（反诉被告）长沙建工公司是否有工期延误？如有应如何向被告（反诉原告）瑞海公司承担违约责任？6.原告（反诉被告）长沙建工公司是否应向被告（反诉原告）瑞海公司交付工程竣工验收资料及工程款发票？,1
依据《最高人民法院关于审理建设工程施工合同纠纷案件适用法律问题的解释》第十七条规定，逾期付款应按人民银行同期贷款利率计息,1
因此，被告（反诉原告）瑞海公司自2016年1月27日起按人民银行同期贷款利率承担逾期支付工程款的利息，对原告（反诉被告）长沙建工公司主张按日万分之五承担利息及融资成本费1036800.9元的诉讼请求不予支持,1
“发包人未按照约定支付价款的，承包人可以催告发包人在合理期限内支付价款,1
发包人逾期不支付的，除按照建设工程的性质不宜折价、拍卖的以外，承包人可以与发包人协议将该工程折价，也可以申请人民法院将该工程依法拍卖,1
逾期付款和逾期完工的违约金，经济损失，以及对建筑物的优先受偿权,1
三、原告诉请被告xx公司定期支付工程款逾期利息的问题,1
原告诉请被告xx公司逾期支付工程款利息是依据《xx二期17#、18#、19#楼补充协议》（二）计算如下,1
”对被告逾期支付工程进度款应付利息的约定,1
当事人对欠付工程价款利息计付标准有约定的，按照约定处理,1
本案中，原告xx公司、被告xx公司签订《补充协议（二）》第四条的约定“拖欠100万元部份工程款时间达三个月以上，按月息5%计算利息”的约定过高，根据本案的实际情况，由于被告xx公司对原告xx公司的工程款逾期支付利息的计算方式并没有提出具体的意见，本院认为应以原告xx公司主张的金额、日期统一按3%计算利息为妥，因原告xx公司在诉请中主张工程款逾期支付利息计算至2014年12月1日为5749716.75元，经本院核算，应予以支持，至于2014年12月2日以后的利息，则按尚欠工程款7191192.89元减扣100万元（合同约定）为基数按月息3%计算至清偿完毕之日止，而被告xx公司应支付返还的工程质量保证金573822.13元，因约定工程质量保证金不计利息，故本院不予支持,1
关于反诉，一、被告xx公司诉请原告xx公司承担逾期交付施工的17#、18#、19#楼共计163万违约金的问题，本案中17#楼的开工日期为2010年9月13日（开工令），约定工期为500天，按约定应至2011年1月25日左右完工，经五单位共同验收日期为2012年11月6日（原告认为竣工验收期为2011年12月20日），18#楼的开工日期为2010年12月1日（开工令），约定工期为600天按约定应至2012年10月左右，经五单位共同验收日期为2013年9月17日（原告认为竣工验收日期为2011年12月20日），19#楼的开工日期为2011年5月18日（开工令），约定工期为600天（按约定应至2013年2月18日左右），经五单位共同验收日期为2013年9月17日（原告认为竣工日期为2013年7月15日），对上述诉辩，首先，被告未按约定期限支付工程进度款项，至今尚欠工程进度款7191192.89元，且17#、18#、19#楼系原告通过自己的努力，工程才能顺利完工,1
由于原告xx公司在为被告xx公司的项目xx17#、18#、19#楼工程，被告未能及时全额的支付约定的进度款，分包工程影响主包工程进度，造成原告对被告的商业信誉度产生合理怀疑，工程进度的延缓亦是行使不安抗辩权的权利，建设工程超过合同约定竣工验收，并不构成违约，故被告诉请要求原告支付工程逾期违约金163万元的诉请本院不予以支持,0
二、被告诉请原告赔偿，因逾期交房造成的经济损失1075551.41元，因逾期办证造成的经济损失1132753.74元，因车位延期交付造成损失21888.15元的诉讼请求，原告施工的xx17#、18#、19#楼房主体（基础）工程，原告是在约定期限内完成了该项目工程，造成“五单位”未能在约定的期限内进行竣工验收，是被告自身的原因（理由同上，不再重复），造成的损失亦由被告自行承担,0
因《竹城公路武冈道之驿建设工程施工承包合同书》中，双方在付款方式及违约处罚条款中，并没有约定未按期支付工程款应当支付利息，但在《竹城公路武冈道之驿建设工程施工承包补充合同书》中约定未按期支付工程款应当支付利息，而该补充合同书签订于2012年11月5日，结合在该合同签订前，王太平向王祥兵索贿980000元这一事实，可以推定为双方以约定支付工程款利息的合法形式掩盖索贿这一非法目的,1
因此，《竹城公路武冈道之驿建设工程施工承包补充合同书》、《竹城公路武冈道之驿服务楼建设工程施工承包合同书》中约定未按期支付工程款应当支付利息的条款系无效条款,1
同时，由于格瑞汀公司未按时支付工程款，导致涉案工程未按期竣工,1
因各方当事人均未对工程质量提出抗辩或反诉，且涉案工程已交付使用，而潘国彬未按进度施工的原因在于工程量的增加和逾期支付工程款,1
（四）格瑞汀公司应当在其欠付的工程款范围内承担责任,1
发包人只在欠付工程价款范围内对实际施工人承担责任”的规定，本案中格瑞汀公司作为涉案工程的发包人，其已向杨建飞支付工程款6123000元（包括2013年12月13日支付给潘国彬的工人工资53370元），尚欠407745.19元（7190258.09元-已付工程款6123000元-未完工程款300000元-质量保修金359512.90元）,1
故格瑞汀公司应在欠付工程价款407745.19元的范围内对潘国彬承担责任,1
发包人只在欠付工程价款范围内对实际施工人承担责任”,1
本案中，经原、被告约定，如发包人原因造成项目不能按照合同约定进行施工或者导致合同终止的，发包人应按期全额返还履约保证金给承包人，如逾期返还除每逾期一日按履约保证金总额的1%向承包人支付违约金外，还需按履约保证金总额的3%向承包人支付资金损失费，直至付清为止,0
现国神华公司未按约定履行还本付息义务构成违约，南通二建公司请求国神华公司返还履约保证金及支付使用期限内的利息及逾期利息，理由充分，应予支持,1
由于逾期利息在性质上属于违约损失，且南通二建公司未举证证明其在利息损失之外还存在其他损失，故南通二建公司在主张按年利率24%计算逾期利息的同时又要求国神华公司按利息的同等标准另行支付违约金，属于重复要求国神华公司承担违约责任，本院对重复主张的部分不予支持,0
4.上陵公司应否承担欠付工程款利息,1
综上，上陵公司及其青铜峡分公司欠付楚湘公司及其宁夏分公司的工程款为,0
四、关于上陵公司应否承担欠付工程款利息的问题,1
双方在案涉合同专用条款35条对欠付工程款利息有明确约定，“发包人未按合同约定支付工程款（进度款）的，双方又未达成延期付款的协议，从约定之日起向承包人支付应付款的贷款利率为,1
”根据上陵青铜峡分公司出具的《工程竣工证明》，案涉工程至迟于2013年12月5日竣工验收合格，根据《最高人民法院关于审理建设工程施工合同纠纷案件适用法律问题的解释》第十七条、第十八条规定，上陵公司应自2013年12月6日起支付欠付工程款并按合同约定承担欠付工程款的利息,1
上陵公司应自2013年12月6日案涉工程竣工验收之日起至判决确定给付之日止按中国人民银行同期贷款基准利率的3倍承担欠付工程款的逾期付款利息,1
而楚湘公司施工力量不足存在逾期竣工情形，且案涉工程各分项工程施工进度不同，已付工程款也无法准确区分支付对象，故对楚湘公司及其宁夏分公司要求上陵公司承担支付拖欠工程进度款利息的主张亦不予支持,1
楚湘公司主张的其与双通公司、宁夏燕昇建筑装饰工程有限公司和吴忠市金马砼业有限公司等诉讼案产生违约金或损失应由上陵公司承担，根据合同相对性原理，楚湘公司与双通公司等公司之间纠纷与本案无关，上陵青铜峡分公司虽然在2011年5月30日向双通有限公司出具了《承诺函》，但并未承诺不按时付款需承担何种责任，故本院对楚湘公司及其宁夏分公司的主张不予支持,0
本院认为，本案的争议焦点是欠付工程款的数额、付款责任应当由谁承担、是否应当支付工程款利息及利息计算方式,1
关于欠付工程的数额,1
综上，涉案工程的欠付工程款数额为5318400.5元,1
因威达公司土建资质不符合工程需要，故威达公司与宝塔公司签订的三份《建设工程施工合同》属于部分有效的合同，但威达公司已对涉案工程进行了施工，其有权要求宝塔公司支付工程价款，且宝塔公司在《〈建设工程施工合同〉权利义务转移协议书》及《〈建设工程施工合同〉权利义务转移协议书》之补充协议中亦对已完工程量及已付款进行了确认，故宝塔公司应当向原告威达公司支付欠付工程款5318400.5元,1
原告威达公司认为中石化扬州分公司在三方协议中确认由宝塔公司直接支付给其的工程款最终在中石化扬州分公司的结算款项中扣减，中石化扬州分公司是最终的义务承担者，中石化扬州分公司的权利义务应当由中石化公司承担，故要求被告中石化公司承担向其支付欠付工程款的责任,1
因《〈建设工程施工合同〉权利义务转移协议书》及《〈建设工程施工合同〉权利义务转移协议书》之补充协议均明确约定，就威达公司已完工程量，由威达公司开具工程款发票与宝塔公司进行结算，故原告威达公司要求被告中石化公司承担支付欠付工程款的责任不符合法律规定，本院不予支持,1
原告要求被告按照年息6%支付自2013年3月15日起至判决确定的给付之日止的欠付工程款利息,1
2013年3月15日，原告威达公司及被告宝塔公司对已完工程进行了结算，故宝塔公司应当按照中国人民银行同期同类贷款利率支付欠付工程款自2013年3月15日起至本判决确定的给付之日止的利息,1
庭审中双方均确认已付款为104575202.22元，据此实际欠付的工程价款为18130371.08元,1
“当事人对欠付工程价款利息计付标准有约定的，按照约定处理,1
”双方虽在合同中对于欠付工程进度款的利息支付有约定，但对于欠付工程结算价款利息如何支付没有约定，根据上述法律规定，欠付工程结算价款的利息应按中国人民银行同期同类贷款利率予以计付,1
本案工程停工后双方在基于合同有效的认识下，一直针对合同是否继续履行和应否解除进行协商，未进行工程款的结算，故逾期付款利息应自起诉之日计算至欠款实际给付之日止,1
“发包人未按照约定支付价款的，承包人可以催告发包人在合理期限内支付价款,1
发包人逾期不支付的，除按照建设工程的性质不宜折价、拍卖的以外，承包人可以与发包人协议将该工程折价，也可以申请人民法院将该工程依法拍卖,1
但优先受偿的范围应限于工程欠付款本金，对于启航公司主张逾期付款利息也一并优先受偿，本院不予支持,1
本案合同无效，双方合同所约定的违约责任条款亦无效，因此嘉鼎祥公司要求按照合同中逾期完工违约责任条款中约定的结算比例向启航公司支付工程结算款的主张不能成立，本院不予支持,1
关于金地公司主张的工期违约金，同辉公司自认因其原因导致整个工期逾期1815天，但双方未就工期延误违约金的数额达成一致，本案争议的焦点是同辉公司应向金地公司支付工期逾期违约金的数额,0
3、即便双方订立的劳务合同有效，但双方约定的逾期违约金条款显失公平，应予撤销,1
而同时该合同的补充协议里面也约定了用水用电由发包人即原告统一安排，由此被告应不予承担，综上对于工期的延误由于在2013年8月2日唐山市建设工程质量监督检测站发出了暂停施工通知，且至今没有复工通知，即便双方劳务合同有效的情况下，被告的工期应无限期顺延，由此被告不承担违约金问题和延期问题，故原告诉请均不成立，请依法驳回,0
由此被告工期应无限期顺延，被告逾期完工不存在过错,0
也就是暂停施工，被告逾期完工不存在过错,0
2、该补充协议对延期交付工程的违约责任的规定显失公平，应予撤销,0
对证据八证证明2013年4月1日联大与石家庄一建订立了施工合同，合同的专用条款第4条约定承包人不得分包，合同的协议书部分第7条确认了承包人的项目经理为贺同振，合同内容明确约定了未经联大确认，承包人的项目经理不得随意更换，该合同同时表明了2013.3.19日原、被告订立合同是在主合同之前，在承包人石家庄一建没有取得河北联大8号宿办楼施工合同的情况下，其委托他方订立的劳务分包合同应无效，同时该合同的通用条款部分，对于承包人的工期顺延问题作出了明确约定，同时该合同的专用合同条款第11条第5款明确约定了“因承包人造成工期延误，承包人应支付违约金每日天赔付额度为1万元，但赔偿费的总高限额为合同总价的5%为限”，由于原、被告合同订立之前，该合同的订立不能违背主合同约定的违约金的界限，即便被告施工延期，违约的处罚也不能超过合同总价的5%，由此即便原、被告双方的劳务合同有效，双方对违约金条款的约定显失公平，且违法法律规定，应予撤销,0
对证据十该证据主要是2013年8月2日由于监理单位总监不在场，总包单位技术质检人员不在成等其他原因，由唐山市建设工程质监站强行下令暂停施工，并要求整改，而该证据质监站进行了加注证明，内容为“复工通知单未发”也就意味着自2013年8月2日起，对工程的国家监管部门由于工程存在诸多问题被强只要求暂停施工，被告按照联大及质监站的要求在8月2日已经全面停工，在没有接到复工通知的情况下，原告强令被告继续施工，即便到了2013年10月5日被告完工时，质监站的复工令也未发出，被告是在违反法国家法律法规强制性规定的情况下强制性施工，其工期的顺延应是无限期，即便存在工期延误，责任也不是由被告引起的，故通过该证据表明被告不存在延期交付工程违约问题,0
关于逾期付款违约金,1
即，李坚古应以42262元为本金，按日利率1%自2014年1月21日起至2015年1月30日止向莫建勇支付逾期付款违约金,1
但，莫建勇并未提供合法有效的证据证明其实际损失，且李坚古主张违约金过高应于调整，因此，根据《最高人民法院关于适用﹤中华人民共和国合同法﹥若干问题的解释（二）》第二十九条的规定，本院酌情认定逾期付款违约金利率为中国人民银行同期同类贷款利率加收30%计付，即逾期付款违约金应以42262元为本金，按中国人民银行同期同类贷款利率的1.3倍计付，自2014年1月21日起计至2015年1月30日止,1
另，针对原告主张的工程尾款自2015年11月18日起的逾期利息的诉求,1
本院认为，根据《最高人民法院关于审理建设工程施工合同纠纷案件适用法律问题的解释》的相关规定，工程款利息系法定孳息，当事人对欠付的工程款利息应予以支付,1
“发包人未按照约定支付价款的，承包人可以催告发包人在合理期限内支付价款,1
发包人逾期不支付的，除按照建设工程的性质不宜折价、拍卖的以外，承包人可以与发包人协议将该工程折价，也可以申请人民法院将该工程依法拍卖,1
第十七条，当事人对欠付工程价款利息计付标准有约定的，按照约定处理,1
被告陈述涉案工程尚未全部施工完毕，未雇佣人员强行接管工地，双方在竣工日期上各执一词，目前工程未经竣工验收，也无证据证明原告已经向被告提交了竣工验收报告，经庭审调查，被告认可于2016年10月按收了涉案桩基和主体工程，在双方对付款时间约定不明的情形下，应以被告认可接收工程时间为基准日，以实际欠付工程款为基数，按中国人民银行发布的同期同类贷款利率计算利息,1
由于九龙公司逾期未付工程款在客观上会给顺通公司造成一定的经济损失，所以本案中顺通公司依据法律规定以及《支付工程尾款的补充协议》的约定向九龙公司主张逾期付款利息及违约金能够成立，故本院对顺通公司该两项主张中的合理部分予以支持,1
关于逾期付款利息的计算问题，本院经审查后认为，根据九龙公司和顺通公司在《支付工程尾款的补充协议》第二、四条中的约定，本院确定九龙公司应按中国人民银行发布的同期贷款基准利率上浮15%向顺通公司支付逾期付款利息,1
结合九龙公司应付款和实际付款情况，本院确定逾期付款利息的计算期间为,1
发包人延期支付工程款，则应承担应付款额每日万分之五的违约金,1
“当事人对欠付工程价款利息计付标准有约定的，按照约定处理,1
本案中，原告主张的质量保修金3938014元属涉案工程价款的组成部分，二被告应于2014年7月16日返还2362809元，2017年7月16日返还1575205元，但其未及时返还，应支付相应利息,1
双方对欠付工程价款利息计付标准没有约定，原告主张二被告支付按银行同期贷款利率计算至2017年10月8日的利息378111元，此后按银行同期贷款利率计算至质量保修金实际返还之日，本院予以支持,1
万特公司应否按同期银行贷款利率的二倍支付中色十二冶公司逾期付款违约金，并赔偿窝工、材料、利润、利息等各项损失计211733875.28元,1
万特公司应否按同期银行贷款利率的二倍支付中色十二冶公司逾期付款违约金，并赔偿窝工、材料、利润、利息等各项损失,1
中色十二冶公司虽提供部分延期报告，但均未得到万特公司的批复认可,0
工期延误损失43699400元、延期交房违约金13031847.74元、违反完工节点违约金150万元、市政道路恢复工程多支付的工程款6999511.86元、错误财产保全造成的损失2463066.61元,0
对工期延误损失43699600元，经查，万特公司提出的工期延误损失主要包含商铺租金3161万元、办公租房损失24万元、人员工资损失179万元、地下停车场经营损失6451200元以及延期期间增加的财务成本损失3608200元,0
根据双方在案涉《建设工程施工合同》专用条款第35.2条中的约定，因承包方原因造成工期延误，除每日按案涉工程总价万分之一赔偿工期延误违约金外，造成发包人未按时交付所引起的经济损失，亦应由承包人予以赔偿,0
对万特公司提出的延期交房违约金13031847.74元、违反完工节点违约金150万元,0
鉴于本院已经认定中色十二冶公司对工期延误承担主要责任，并已按施工合同约定的违约责任条款，判令中色十二冶公司承担6002004元的违约金，故万特公司再次要求中色十二冶公司承担延期交房违约金和违反完工节点违约金依据不足，本院不予支持,0
对中色十二冶公司要求万特公司按同期银行贷款利率的二倍支付中色十二冶公司逾期付款违约金的诉请，经查，案涉工程至今未进行竣工验收，本应将案涉工程投入使用时间视为竣工验收时间，由万特公司自该日起支付欠付工程款利息，但根据双方合同及补充协议中关于工程竣工结算审查期限和付款节点的约定，发包人应在收到承包人完整的竣工结算资料后60天内审核完毕，结算完成后一个月内支付结算价95%工程款,1
即万特公司应自2015年4月30日起支付95%工程款并自该日起支付欠付工程款利息,1
对于利息计算标准，根据双方所签《补充协议》的约定，发包人欠付工程款将要承担所欠工程款的企业同期银行贷款利率的两倍赔偿,1
因被告没有按时支付工程款，还应支付利息（利息以793626.72元为基数，按月息5‰从2017年10月12日起计算至工程款付清之日止，暂计算到2018年5月20日为28808.65元）,1
491038元，该鉴定结论对8张工期延期签证的真实性不能认定，对工期延误的原因也没有做出鉴定，本案中的8张工期延期签证，证人唐某当庭作证认为，这8张工期延期签证是事后补签的，唐某是碍于情面签的字，且该延期签证没有合同约定的发包人（被告）指定的接收人“蔡有德”签字，再加上这8张签证单存在误工日期重复等不符合逻辑的情形，因此该8张签证单不能作为认定工程延期的损失的依据,0
因本案中，株洲市住房和城乡建设局于2017年8月15日作出《行政决定书》，撤销了被告公司长城国际商业广场一期工程建筑工程施工许可证，且被告（反诉原告）也没有证据证明是工程延误是原告（反诉被告）的原因造成，故被告（反诉原告）反诉要求原告（反诉被告）湖南佳阳建设集团有限公司支付逾期竣工违约金320726.5元，延期竣工交付期间造成的商铺租金损失2128995元，办公室占用费40000元、搅拌机场地占用费6000元的反诉请求，没有事实和法律依据，本院依法不予支持,0
被告在2013年8月27日使用综合楼说明中作岀的承诺“保证按合同结算，人工费按合同执行、拨款结算”，被告违反合同的约定，没有按时给工程款，应给付拖延支付工程款的利息，由于双方没有约定利息及利率，按法律规定，“当事人对欠付工程价款利息计付标准有约定的，按照约定处理,1
另外，关于反诉原告港湾公司提出反诉请求判令反诉被告银座公司赔偿因延期交付工程给反诉原告造成的经济损失，其虽向法庭提出司法鉴定申请，但在限期内因未提交相关的鉴定资料和证据，不符合鉴定要求，故本院不予委托鉴定,0
2、原告与被告双方当事人共签订了三份建设工程施工合同，应以哪份合同为准，原告是否构成延期交工，原告在施工期间失火是否造成延期交工,0
（二）关于原告与被告双方当事人共签订了三份建设工程施工合同，应以哪份合同为准，原告是否构成延期交工，原告在施工期间失火是否造成延期交工的问题,0
关于双方争议的竣工日期应以哪份合同为准的问题，反诉原告认为应以第一份机打建设工程施工合同约定的竣工日期2013年9月30日为准，而反诉被告于2015年7月31日才将工程交付使用，已经构成延期交工,0
反诉被告认为应按照第二份复印件建设工程施工合同约定的计划竣工日期2014年11年20日为准，工程已于2014年8月竣工并交付使用，同年10月31日通过验收合格，工程并未延期交付,0
关于原告是否构成延期交工，原告在施工期间失火是否造成延期交工的问题,0
但从竣工验收报告显示竣工日期应为2014年10月31日，而第三份备案合同约定的竣工日期为2014年11年20日，因此原告并未延期交工,0
同理，汇源大酒店发生火灾时间为2014年4月28日，亦未造成延期交工,0
同样被告称原告于2015年7月31日才施工完毕交付反诉原告使用，延期交付22个月，给反诉原告造成巨大的经济损失，亦无证据予以证明,0
发包人只在欠付工程价款范围内对实际施工人承担责任”及《最高人民法院关于适用（中华人民共和国民事诉讼法）的解释）》第五十四条,1
《最高人民法院关于审理建设工程合同纠纷案件适用法律问题的解释》第十七条规定“当事人对欠付工程价款利息计付标准有约定的，按照约定处理,1
（3）关于一期工程除工程质量保证金以外的工程款及工程质量保证金逾期违约金问题,0
“余款扣除质量保修金5%后，在招标人工程造价经审计后支付”和“逾期支付工程款，除支付利息外，每超一天，承担合同总价0.1%的违约金”，因违约金约定过高，应适当减少为24%/年,1
因保修金属于工程结算款的一部分，故应按24%/年逾期支付保修金违约金,0
逾期支付工程款，除支付利息外，每超一天，承担合同总价0.1%的违约金,1
本案是建设工程合同即承包人进行工程建设，发包人支付价款的合同，在案涉施工合同合法有效情形下，双方在合同中既约定了逾期付款违约金又约定了逾期付款利息，发包人益宁公司未按约支付工程款，博源公司同时主张逾期付款利息和违约金，应按照上述的法律规定和合同约定予以支持，但利息和违约金之和不能超过年利率24%,1
（3）二期工程款逾期支付的利息损失,1
关于利息计算标准问题，根据《最高人民法院关于审理建设工程施工合同纠纷案件适用法律问题的解释》第二条“建设工程施工合同无效，但建设工程经竣工验收合格，承包人请求参照合同约定支付工程价款的，应予支持”的规定，博源公司可参照2013年1月23日《建设工程施工合同》主张工程价款，亦可参照2013年1月23日《建设工程施工合同》工程款支付时间的约定，益宁公司存在延迟支付工程款的情况，客观上给博源公司造成了损失，博源公司主张的利息本质上属实际损失，虽然约定的利息条款无效，但参照《最高人民法院关于审理建设工程施工合同纠纷案件适用法律问题的解释》第十七条“当事人对欠付工程价款利息计付标准有约定的，按照约定处理,1
因益宁公司逾期结算和逾期付款引起本案诉讼，原告博源公司为此向保险公司交纳的诉讼保全担保保险费系原告博源公司支出的合理必要费用，属原告博源公司的损失部分，应由过错方益宁公司承担,1
“发包人未按照约定支付价款的，承包人可以催告发包人在合理期限内支付价款,1
发包人逾期不支付的，除按照建设工程的性质不宜折价、拍卖的以外，承包人可以与发包人协议将该工程折价，也可以申请人民法院将该工程依法拍卖,1
”本案中，虽然案涉施工合同无效，但案涉工程已经竣工交付，并且工程质量合格，按照上述规定，发包人益宁公司欠付工程款，承包人博源公司享有工程价款的优先受偿权,1
承包人就逾期支付建设工程价款的利息、违约金、损害赔偿金等主张优先受偿的，人民法院不予支持,1
"”故原告博源公司依法享有工程价款优先受偿权仅限于益宁公司欠付的工程款164,384,040.06元",1
第二，关于进度款逾期支付违约金,0
故对原告要求被告承担“进度款逾期支付违约金”的诉讼请求，本院不予支持,0
关于龙门吊及脚手架闲置费的问题，本院认为，该部分不属于误工延期损失范畴，并不属于工程造价鉴定范围,0
对此部分本院将在违约延期损失范围内评述,0
三、本案是否存在施工延期，若存在延期损失如何承担,0
龙门吊及脚手架闲置费本院参考湖北边际咨询有限责任公司出具的意见认定该部分损失为1119027.66元，但由于容福公司只主张1069906.94元，本院认定该部分损失为1069906.94元，并支付从本案立案之日即2016年4月5日开始计算逾期支付工程款利息（以1069906.94元为本金，按照同期商业银行贷款利率从2016年4月5日计算至本金付清之日至）,1
由于误工延期的责任主要在嘉盛公司，故嘉盛公司要求容福公司支付工期逾期违约金1000万元本院也不予支持,0
综上，被告欠付的工程款为1850932.66元（85958960元－20672156.48元－12956235.88元－459965元－44002542.78元－6017127.2元）,1
涉案工程于2017年4月27日竣工验收合格，尚未过质保期，而根据合同约定，质保金为工程总价款的5%，即4297948元（85958960×0.05），被告欠付的工程款尚不足质保金数额，故被告目前不欠原告工程款,1
发包人只在欠付工程价款范围内对实际施工人承担责任,1
结合双方签订的《装修工程施工合同》，合同工程预算暂估价为5000000元，故现由于没有证据证明海伟公司欠付中林公司工程款，金陵公司应承担举证不能的不利后果，即本院不能确定海伟公司存在欠付工程款的事实,1
第五，对于原告主张的利息，根据《最高人民法院关于审理建设工程施工合同纠纷案件适用法律问题的解释》第十八条的规定，对于欠付工程价款利息的起算时间应系工程使用时间，即2014年12月31日,1
根据《最高人民法院关于审理建设工程施工合同纠纷案件适用法律问题的解释》十七条“当事人对欠付工程价款利息计付标准有约定的，按照约定处理,1
一、石门城建房产公司是否应向邓文年支付工程款及利息、是否应向邓文年返还工程履约保证金并支付利息、是否应向邓文年支付工程逾期损失,1
对于邓文年要求石门城建房产公司向其支付工程欠款利息及逾期拨款利息1257199元的请求，根据查明的案件情况，本案所涉工程于2013年5月23日经验收合格，邓文年在2013年5月28日向石门城建房产公司递交了竣工决算资料，还在2013年6月3日递交了全部竣工技术资料和施工资料,1
根据《最高人民法院关于审理建设工程施工合同纠纷案件适用法律问题的解释》第十八条的相关规定，石门城建房产公司应按照中国人民银行同期同类贷款利率从应付工程款之日（2013年9月28日）起向邓文年支付欠付工程款3373141.35元的利息至付清之日止,1
此外，石门城建房产公司已按照合同约定先后向邓文年支付了工程进度款14231580元，邓文年也未提供合法有效的证据证明石门城建房产公司存在逾期拨款的行为并给邓文年造成了利息损失，故邓文年要求石门城建房产公司向其支付逾期拨款利息的请求不能成立，本院不予支持,1
石门城建房产公司未按时返还邓文年缴纳的履约保证金，其行为给邓文年带来一定资金占用损失，从公平原则的角度出发，本院认为石门城建房产公司应按照中国人民银行同期同类贷款利率从应退还全部履约保证金之日（2013年5月23日）起向邓文年支付该700000元的利息至付清之日止,0
对于邓文年要求石门城建房产公司向其支付工程逾期损失482620元的请求，本案诉讼中，邓文年仅提供了一份自己制作的情况说明拟证明因石门城建房产公司的原因导致工程延误而给邓文年造成了相关损失，并未提供其他合法有效的证据证实其主张，石门城建房产公司对此也不予认可，故根据谁主张谁举证的原则，邓文年的该项请求没有事实依据，本院不予支持,0
发包人只在欠付工程价款范围内对实际施工人承担责任”,1
发包人融通公司仍应在欠付工程款范围内向实际施工人蒋大平承担给付责任,1
现实情况还在于融通公司尚未将案涉工程质保金交付执行，该质保金作为种类物的金钱货币，在尚未交付作为安泰公司另案债权人申请的执行标的之前，该质保金的所有权仍属于融通公司，且仍属于融通公司就案涉工程的欠付工程款的范围,1
根据前述分析，发包人融通仍应当就欠付工程款向实际施工人蒋大平承担责任,1
双方还约定了后续施工单位的选任成就与否、被选任单位的行为所产生的法律后果由异地办承担以及被告不按时支付补偿费所应当承担违约赔偿责任等条款，足以认定各方意思表示真实，解除协议并不违反法律的强制性规定，依法应当认定合法有效,0
中心医院是否延期盖章不影响合同的成立,0
本案中，原、被告在《建设工程施工合同》中对欠付工程款如何计息没有约定，商丘市宏昌置业有限公司股东王龙亮于2013年11月2日向原告出具的欠条中双方约定了利息，按照最高人民法院《关于审理建设工程施工合同纠纷案件适用法律问题的解释》第十七条,1
“当事人对欠付工程价款的利息计付标准有约定的，按照约定处理,1
双方在欠条中约定了还款期限，被告没有按照约定还款期限归还工程款，属违约行为，应承担违约责任,0
故，不能证明工期延期了,0
证明开工日期是4月1日，证明甲方外围工程应该在2014年9月6日至10月5日之间完成，但甲方外委工程没有按时完成，造成工期延误，被告应承担责任,0
25、关于6#7#9#楼延期开工加大施工投入后与先期开工的另外七栋楼同步工期的证明及所附两页施工日志,0
原告加大投入追赶工期，使延期开工的3栋楼与另外7栋楼同步，到2014年8月12日，全部10栋楼全部封顶,0
26、关于丽景家园工程项目延期证明及所附36页施工日志,0
&quot;发包人未按照约定的时间和要求提供原材料、设备、场地、资金、技术资料的，承包人可以顺延工程日期，并有权要求赔偿停工、窝工等损失,0
6#7#9#楼延期开工加大施工投入后与先期开工的另外七栋楼同步工期的证明及所附两页施工日志证明,0
原告加大投入追赶工期，使延期开工的3栋楼与另外7栋楼同步，到2014年8月12日，全部10栋楼全部封顶,0
&quot;工程竣工结算以合同工期为准，实际施工工期比合同工期提前或延后，发、承包双方应按合同约定的奖惩办法执行,0
《建设工程施工协议书》第16条款约定，甲方无合理理由二不按时支付工程进度款、甲方不履行协议义务或不按协议约定履行义务的其他情形的，甲方应该承担违约赔偿责任,1
（房屋建筑工程报告书记载的日期是2015年10月5日），因原告延期交工应支付给被告的违约金应在决算时相应扣除,0
综上，由于原告故意没有及时提供竣工验收的技术档案资料，就不能取得相应的合格证，商品房的买受人就不能办理房照,0
"三、合浦昌林房地产公司是否欠付工程款,如欠付,数额为多少,应否支付欠付工程款的利息及利息应如何计算",1
四、合浦昌林房地产公司反诉主张广西廉凯公司扣除质量保修金、支付逾期交工违约金、审核费是否有事实和法律依据,0
"关于焦点三即合浦昌林房地产公司是否欠付工程款,如欠付,数额为多少,应否支付欠付工程款的利息及利息应如何计算的问题",1
"根据《最高人民法院关于审理建设工程施工合同纠纷案件适用法律问题的解释》第十七条“当事人对欠付工程价款利息计付标准有约定的,按照约定处理,没有约定的,按照中国人民银行发布的同期同类贷款利率计息”的规定，合浦昌林房地产公司未按期向广西廉凯公司支付全部工程价款，应向其支付逾期付款利息",1
"由于双方当事人签订的前述案涉合同属无效合同,合同中关于逾期付款利息的计付标准亦相应无效,则应视为对欠付工程价款利息给付标准没有约定,参照上述司法解释的规定,合浦昌林房地产公司应按照中国人民银行发布的同期同类贷款基准利率计付利息",1
"关于逾期付款利息的起算时间,依照《最高人民法院关于审理建设工程施工合同纠纷案件适用法律问题的解释》第十八条“利息从应付工程价款之日计付",1
"当事人对付款时间没有约定或者约定不明的,下列时间视为应付款时间:（一）建设工程已实际交付的,为交付之日;（二）建设工程没有交付的,为提交竣工结算文件之日;（三）建设工程未交付,工程价款也未结算的,为当事人起诉之日”的规定，本案中,广西廉凯公司未举证证明讼争工程是否交付、何时交付给合浦昌林房地产公司,但2018年3月24日，合浦昌林房地产公司与广西廉凯公司签订前述《协议书》，约定由广西廉凯公司出具结算书交给合浦昌林房地产公司，故参照上述司法解释的规定,逾期付款利息应从2018年3月24日起算",1
关于焦点四即合浦昌林房地产公司主张扣除案涉质量保修金、支付逾期交工违约金、审核费是否有事实和法律依据问题,0
待五年保修期满后，合浦昌林房地产公司在保修期满十五日内向广西廉凯公司退回上述20%质量保修金219699.14元，若合浦昌林房地产公司未按期退回，广西廉凯公司对质量保修金可以另案起诉,0
"（二）关于逾期交工违约金，本院认为，依照前述，由于双方当事人签订的案涉合同属无效合同,合同中关于支付逾期交工违约金亦无效,造成合同无效合浦昌林房地产公司也有过错，且从双方实际履行合同来看，亦是由于合浦昌林房地产公司未及时支付工程款，导致案涉工程延期，合浦昌林房地产公司在缔约和履行过程中均存在过错，故合浦昌林房地产公司主张广西廉凯公司支付逾期交工违约金无事实和法律依据，本院不予支持",1
综合2份通知载明的内容，不能证明被告B、C区块逾期验收的事实,0
本院认为，原告没有提供证据证明D区块验收期限，因此证据4不能证明D区块逾期验收的事实,0
挡土墙施工延期，导致被告无法施工等情形,0
广丰建设认为新建水泥的行为完全不符合合同约定与诚信，特别是D区的通电报告在广丰建设（规定）的期限内仍未能通过，已逾期22日，并且到目前为止D区尚未通电，构成严重违约，对广丰建设名誉和经济造成了严重的影响，新建水泥已不具备继续履行合同的条件和能力,0
3、在接函之日起3日内退还广丰建设已多付的工程款1694000元，并向广丰建设承担因新建水泥逾期提供验收的违约金，并赔偿其他损失,0
对于D区块的逾期利息除原、被告双方以承诺书形式确定的付款时间外，自2009年7月1日起按照《建设工程施工合同》计付利息，原告主张自2009年7月6日起计付利息，是原告对自己诉讼权利的合法处分，D区块的逾期利息除原、被告双方以承诺书形式确定的付款时间外自2009年7月6日起计算,0
被告于2009年4月16日向原告送达B、C区块决算书，根据《建设工程施工合同》约定，原告最迟应于2009年6月16日向被告支付A、B、C区块联系单部分工程款，原告逾期未付，应按《建设工程施工合同》约定支付逾期利息,1
对于D区块联系单部分工程款，被告于2009年7月6日向原告送达D区块决算书，原告应于2009年9月6日向被告支付D区块决算书部分工程款，原告逾期未付，应按照《建设工程施工合同》约定支付逾期利息,1
被告要求原告支付2009年1月10日起至2009年10月17日止的逾期付款利息，经核算，自2009年1月10日起至2009年5月19日止，原告应支付被告逾期付款利息477400元，故被告要求原告支付2009年1月10日起至2009年10月17日止的逾期利息437101元，理由正当，本院予以支持，其余部分利息视为被告自愿放弃,1
原告主张逾期付款利息（2009年10月17日起）的工程款本金为3887169元，本院确定原告未支付的工程款为3886551元，计算逾期付款利息的工程款不含E区块工程款911478元，即自2009年10月17日起原告逾期支付的工程款为2975073元,1
”该条规定的“参照合同约定支付工程价款”主要指参照合同有关工程款计价方法和计价标准的约定计取工程价款，而不包括合同约定的工程款支付时间和逾期付款违约金,1
鉴于被告中冶东北公司提供结算单、发票、支票存根、银行客户通知单和专用回单等付款凭证，用以证实该公司已经向被告东兴公司履行付款义务，工程价款全部支付完毕，虽然原告金泰盛达公司对此不予认同，但是没有提供有效证据证明中冶东北公司尚欠东兴公司工程价款，而且明确表示不要求针对中冶东北公司与东兴公司之间的案涉工程价款给付情况进行司法审计，因此金泰盛达公司要求中冶东北公司及被告十七冶集团、浑南新城管委会（大学城管委会）在欠付工程价款范围内承担给付责任的诉求，缺乏事实和法律依据，本院不予支持,1
由于被告东兴公司迟延履行付款义务，应当自2018年2月13日起按照中国人民银行同期贷款利率计算，向原告金泰盛达公司支付逾期付款利息,1
关于原告诉请被告依照合同约定的月利率2%计算至生效判决确定之日止的逾期付款利息问题，因双方于本案诉讼前对工程款存在争议，原告不能举证被告每进度欠付工程进度款数额，依照《最高人民法院关于民事诉讼证据的若干规定》第二条，当事人对自己提出的诉讼请求所依据的事实或者反驳对方诉讼请求所依据的事实有责任提供证据加以证明,1
没有证据或者证据不足以证明当事人的事实主张的，由负有举证责任的当事人承担不利后果的规定，原告应对分段计算逾期支付工程进度款利息的主张承担举证不能的后果,1
再，如前所述《建设工程施工合同》及《补充协议》为无效合同，故对于合同中约定逾期支付工程款的利息约定，本院不予采信,1
……（三）建设工程未交付，工程价款也未结算的，为当事人起诉之日，及《最高人民法院关于审理建设工程施工合同纠纷案件适用法律问题的解释》第十七条，当事人对欠付工程价款利息计付标准有约定的，按照约定处理,1
没有约定的，按照中国人民银行发布的同期同类贷款利率计息的规定，对被告欠付工程款15131820元自2013年4月8日起至判决确定支付之日止按照中国人民银行发布的同期同类贷款基准利率计算的利息本院予以支持，超出部分本院不予支持,1
关于原告诉请就28860744元工程款，对诉争工程进行折价或者拍卖并以所得价款优先受偿的问题，依照《中华人民共和国合同法》第二百八十六条，发包人未按照约定支付价款的，承包人可以催告发包人在合理期限内支付价款,1
发包人逾期不支付的，除按照建设工程的性质不宜折价、拍卖的以外，承包人可以与发包人协议将该工程折价，也可以申请人民法院将该工程依法拍卖,1
建设工程的价款就该工程折价或者拍卖的价款优先受偿的规定，对于原告的上述诉求，在被告欠付工程款15131820元的范围内，本院予以支持,1
2.文峰公司是否欠付工程款及欠付工程款的数额，义银公司所主张的利息应否予以支持,1
3.义银公司是否在欠付工程款的范围内享有优先受偿权,1
第二，关于欠付工程款及利息,0
况且，文峰公司已提起反诉，要求义银公司对逾期交房行为承担违约责任,0
《最高人民法院关于审理建设工程施工合同纠纷案件适用法律问题的解释》第十八条规定，利息从应付工程价款之日计付，因此，文峰公司应自2017年元月15日起按照中国人民银行发布的同期同类贷款利率对上述欠付工程款支付利息,1
至2016年6月21日，除防水部分的质保金外，均应支付，至2016年6月21日文峰公司应支付11941816.71元×（1-5%×4.88%）=11913156.35元，尚欠11913156.35元-6837500元=5075656.35元，因此，文峰公司应自2016年6月21日起按照中国人民银行发布的同期同类贷款利率对上述欠付工程款支付利息,1
对于上述欠付的工程款，文峰公司自应付工程款之日起即2016年8月21日按照中国人民银行发布的同期同类贷款利率支付利息,1
综上，义银公司主张文峰公司立即给付工程款及逾期利息，该诉讼请求部分成立，本院予以采纳,1
《中华人民共和国合同法》第二百八十六条规定，发包人未按照约定支付价款的，承包人可以催告发包人在合理期限内支付价款,1
发包人逾期不支付的，除按照建设工程的性质不宜折价或拍卖的以外，承包人可以与发包人协议将工程折价，也可以申请人民法院将该工程依法拍卖,1
对义银公司就上述工程欠款的利息主张优先受偿权的诉讼请求，由于《最高人民法院关于审理建设工程施工合同纠纷案件适用法律问题的解释（二）》第二十一条第二款明确规定，承包人就逾期支付建设工程价款的利息、违约金、损害赔偿金等主张优先受偿的，人民法院不予支持，因此，本院不予采纳,1
对于该部分违约责任，文峰公司主张义银公司应按合同约定支付违约金，并承担因文峰公司逾期交房而向购房户支付的违约金，而后者即为赔偿因工期延误造成的实际损失,0
鉴于文峰公司提供的装修图纸未审图而被责令暂停10#楼施工，对工期延误应承担相应的责任，工程完工后，又因装饰装修工程与原图审过的设计图不符、擅自增加装饰装修项目，造成质监站无法进行验收和备案，对逾期交房也应承担相应的责任,0
文峰公司应支付义银公司10#楼、集中商业综合体工程款7248985.7元，并自2017年元月15日起按照中国人民银行发布的同期同类贷款利率对上述欠付工程款支付利息，义银公司在文峰公司欠付工程款范围内就涉案工程折价或拍卖的价款享有优先受偿权,1
文峰公司应支付义银公司东侧地下空间利用工程工程款5075656.35元，并自2016年6月21日起按照中国人民银行发布的同期同类贷款利率对上述欠付工程款支付利息，义银公司在文峰公司欠付工程款范围内就涉案工程折价或拍卖的价款享有优先受偿权,1
文峰公司应支付义银公司菱湖风景区管理中心工程款289891.16元，并按照中国人民银行发布的同期同类贷款利率对上述欠付工程款支付利息，其中，自2014年6月21日起至2016年8月20日止按185737.1元计算利息，自2016年8月21日起按289891.16元计算利息,1
然鑫马公司所主张的工程延期额外支付的借款利息损失54626181.50元，其所举证据均为银行往来凭证，不能证明往来款项均为借款且用于涉案工程，同时对其主张也未提供相应借款合同、是否有偿还借款或支付利息等事实的证明材料，其在本案中所举证据不足以证实损失发生的具体数额，对鑫马公司的反诉主张不予支持,0
因该工程价款在本案诉讼中才被确定，故对大经公司主张的上述欠付的工程款利息，本院确定自本案起诉之日起，按中国人民银行同期同类贷款利率标准计算,1
2008年11月13日，被告与原施工单位郑州东风建筑工程有限公司经过施工交接后进场施工，施工过程中因原告多次对土建及安装进行设计变更、分包单位施工延误以及原告供应钢材不及时等多种原因，致使被告于2010年8月才完成全部工程并移交给原告，原告即将房屋交付给业主使用,0
5.关于诉状提到的延误工期，并非是因为被告原因造成，而是因原告拖欠工程款，图纸设计多次变更，供应的主材钢筋水泥延迟以及原告的认质认价不及时造成的,1
对被告的第四项反诉请求，本院认为，根据法律规定，当事人对欠付工程价款利息计付标准有约定的，按照约定处理，没有约定的，按照中国人民银行发布的同期同类贷款利率计息,1
2-1、2-2A期工程造价151925031.55元，含工程保修金7596251.58元），卉森公司仅支付了进度款182552338.75元，除工程保修金（在质保期满后按约支付）外，尚欠富丽公司工程款95382696.59元（玖仟伍佰叁拾捌万贰仟陆佰玖拾陆元伍角玖），经富丽公司多次催收无果，但富丽公司因卉森公司逾期支付工程款项，造成公司资金短缺，经营发生严重困难，无力承担全额诉讼费用，唯能先行主张部分合同价款,1
4、判令富丽公司赔偿项目逾期办理《重庆市建设工程竣工验收备案登记证》和延期向部分买受人交房给反诉原告卉森公司造成的损失人民币74.23万元，1-4项总计人民币2859.58万元,0
9、判令富丽公司承担未编制和提交施工组织设计等违约金人民币47万元（每延期一日罚款500元，延误天数按两份合同暂定总工期计算）,0
10、判令富丽公司承担因延期办理竣工备案整导致申请人因延期向购房业主交房而免除购房业主的物业费损失暂定人民币40万元,0
6、富丽公司一再延误工期，逾期竣工，导致项目逾期办理《重庆市建设工程竣工验收备案登记证》和延期交房，致使部分业主索赔（其他业主索赔问题尚未解决，卉森公司保留继续向富丽公司追偿的权利），目前给卉森公司造成经济损失74.23万元,0
4、拖欠农民工工资的原因是卉森公司未按时支付富丽公司工程进度款，并未实际产生社会影响，则第七项反诉请求不成立,1
5、逾期办理竣工验收登记证，是由于卉森公司拖欠设计院费用及随意技术变更和设变更计，导致逾期办理，该责任在卉森公司，则反诉请求第四项和第十项不能成立,1
1-1、2-1、2-2a保障1130交房节点总包及各分包单位倒排计划表两份（6月24日版、8月25日调整版）、工作联系单共计12份、罚款单22份、秀湖鹭岛1-1、2-1、2-2a节点工期延期罚款汇总表,0
对关联性不予认可，原施工单位的遗留问题已在签合同前考虑过，不能作为延期理由,0
双方需确认延误工期，承包人应以书面形式三日内提出报告，再由发包人确认，逾期不提出，视为放弃,0
2016年8月2日告知，9#、10#、11#楼楼板天棚基层处理延期3天,0
9#、10#、11#楼电梯井道隔音墙延期3天,0
地下车库花窗延期3天月8日告知，12#楼外墙漆延期9天,0
13#、15#楼外墙保温延期8天,0
16#楼楼梯地坪延期3天,0
17#楼15层以下外墙保温延期3天,0
同年8月10日告知，16#楼外墙保温延期3天,0
18#楼15层屋面脚手架拆除延期6天,0
18#楼天沟延期18天,0
同年8月15日告知，12#楼楼梯间刮白延期5天,0
12#、13#、15#、16#楼防火门、防盗门延期5天,0
18#楼吊篮安装延期6天,0
18#楼楼梯地坪延期5天,0
同年8月22日告知，12#楼厨卫防水延期5天,0
13#、15#、16#楼楼梯间刮白延期7天,0
13#、15#、16#楼厨卫防水延期7天,0
同年8月24日告知，33#楼收边收口及楼层内清洁延期4天,0
同年9月7日告知，3-32#楼塔机拆除延期2天,0
18#楼15层屋面外墙漆延期7天,0
12#楼吊二层电梯集水坑延期2天,0
17#楼吊篮安装延期2天,0
3-27#楼外墙文化砖延期2天,0
同年9月9日告知，9#、10#、11#楼所有楼层楼梯及所管道洞口的吊洞处理延期4天,0
同日告知，12#楼外墙漆延期4天,0
同年9月12日告知，12#楼外架拆除延期2天,0
吊二层电梯集水坑延期7天,0
15#楼外墙保温延期2天,0
13#、15#楼电梯地坪延期2天,0
3-32#楼塔机拆除延期7天,0
同年9月13日告知，9#、10#、11#楼梯间刮白延期3天,0
1-1期大地下天下室车库所有洞孔、墙面修补延期3天,0
同年9月18日告知，9#、10#、11#楼剩余外墙墙面等延期3天,0
电梯井道隔音墙延期3天,0
同年9月23日告知，12#楼外架拆除延期13天,0
12#楼厨卫防水延期3天,0
13#楼外墙漆延期8天,0
13#、15#楼楼梯地坪延期13天,0
17#楼外墙保温延期3天,0
16#楼商业屋面延期8天,0
17#楼楼梯地坪延期3天,0
17#楼商业屋面延期3天,0
18#楼吊篮安装延期8天,0
18#楼公区移交延期8天,0
3-27#楼外墙涂料延期3天,0
3-27#~3-32#楼厨卫防水延期3天,0
地下车库地坪延期3天9#楼塔机拆除延期8天,0
3-32#楼塔机拆除延期18天,0
同年9月30日告知，12#楼厨卫防水延期10天,0
13#楼外墙漆延期15天,0
15#楼外墙漆延期5天,0
13#、15#楼楼梯间刮白延期5天,0
13#楼商业剩余主体结构延期5天,0
16#楼楼梯间刮白延期5天,0
3-27#楼外架拆除延期5天,0
同年10月9日告知，13#、15#楼吊篮拆除延期9天,0
16#楼外墙漆延期9天,0
13#楼商业剩余主体结构延期14天,0
16#楼楼梯间刮白延期14天,0
3-27#楼外架拆除延期14天,0
16#楼吊篮拆除延期4天,0
同年10月24日告知，12#、13#、15#楼分户验收延期24天,0
13#、15#楼吊篮拆除延期24天,0
16#楼外墙漆延期24天,0
17#楼分户验收延期9天,0
18#楼15层以下外墙保温延期24天,0
18#楼16层以下外墙漆延期9天,0
同年11月4日告知，13#、15#、16#楼楼板天棚基层处理延期25天,0
17#楼楼板天棚基层处理延期30天,0
18#楼吊篮拆除延期13天,0
18#楼楼板天棚基层处理延期20天,0
卉森公司因房价上涨，获得巨额利润的前提下，其不但不从合作共赢的角度支持我司，反而严重违背诚实信用原则，不履行按时足额支付工程款的根本义务,1
本案已经查明，卉森公司有向富丽公司通知工程已延期、通知工程整改、因部分工程交由案外人履行而主张扣除相应工程款、因质量问题和交付迟延赔偿案外人等行为，但同时也有部分前期工程由案外人施工、设计更改、基础资料交付迟延、赔偿案外人的质量原因并未得到富丽公司的确认、工程进度款支付迟延等情形，因此，本院根据诉辩双方在本案诉讼中的证据对抗，认定卉森公司主张富丽公司在本案中违约的证据不足，其要求富丽公司在本案中承担违约责任的诉讼请求本院不予支持,1
