建设工程承包单位在向建设单位提交工程竣工验收报告时，应当向建设单位出具质量保修书,0
四、飞翔公司已经收到工程结算，未提出异议应视同认可，飞翔公司应支付拖欠的工程款,0
原、被告在2008年4月8日就先行签订了二标段的《建设工程施工承包补充协议书》，此后才开始二标段的招投标程序，并于2008年7月4日向原告发送二标段的中标通知书，2008年7月20日才签订用于备案的二标段《建设工程施工合同》,0
3、被告是否按合同约定支付工程价款，原告的诉讼请求是否应当得到法庭的支持,0
因此，应当依据当事人确认的工程造价审核定案表等文件认定应付工程款为350945117.71元,0
本院认为，对于案涉工程造价问题，鉴定机构,0
关于原告诉请就28860744元工程款，对诉争工程进行折价或者拍卖并以所得价款优先受偿的问题，依照《中华人民共和国合同法》第二百八十六条，发包人未按照约定支付价款的，承包人可以催告发包人在合理期限内支付价款,0
"一、被告大庆建筑安装集团有限责任公司苏州分公司于本判决生效后十日内支付原告邬毅工程款人民币860,616.27元",0
680000,0
因此，对于泰诚公司在本案中再次主张2015年10月1日至2016年3月31日期间停工损失不予支持,0
17栋第13层,0
待工程主体封顶后7日内返还,0
"1、繁宝公司支付延期交房违约金60万元(根据上海市建设工程施工投标标书情况汇总表第4条，按工程总造价7,009,179元的每日万分之二计算，自2012年4月8日起算至钱国木业公司使用车间二及门卫室的时间即2013年7月18日止)",0
6、该工程全部竣工验收后7个工作日内，甲方支付30万元工程款给乙方,0
关于第一份机打建设工程施工合同约定的竣工日期应视为双方已进行了调整，原、被告对第一份机打建设工程施工合同的其它内容无异议，根据证据自认规则，本院予以确认,0
3#、4#、5#楼工程质量竣工验收结论均为合格,0
关于二期用地清理费10万元的问题，富成公司与建工五建公司签订的合同专用条款9.1约定承包人交工前做到工完场清，双方并未约定承包方将施工废料清离施工现场后再运至弃置地点,0
7、一车间西侧北大门水泥坡道及门卫室与二车间之间水泥坡道(或可移动钢板)，供铲车通行使用,0
第五，关于被告提出的工程质量等问题构成拒付工程款的理由是否成立的问题,1
3、不包括地面上面道路与场地水泥地面,0
本案中原、被告双方签订的建设工程施工合同无效，并且原告承建的涉案工程主体经鉴定存在“厂房跨度与钢柱长细比不成正比，钢架柱、梁抗压、抗弯承载力未达到设计要求”等严重质量问题，因此，原告请求按照合同的约定支付承建期间的工程进度款200万元，没有事实和法律依据，本院不予支持,1
宣读这份询问笔录（略）,0
"95,181,105.52元",0
北京安泰信达消防工程有限公司鸡西分公司分六次收到鸡西市第一中学校支付的210万元工程款,0
崔国茂2015.1.14,0
2.国神华公司应否向南通二建公司返还履约保证金，并支付相应利息及违约金,0
申请支付金额（按85%）,0
具体时间以合同为准,0
"故原告支付的各项税费不能纳入工程款范围，本案工程款总价应认定为7,185,558.61元",0
证据19，原告对证据的真实性、合法性、关联性无异议，本院认为具有证明效力,0
第07-08-006号《道路钢筋工程签证及计量报审表》中道路面积比现场面积大是因为主厂房道路工程先后经过两次施工,0
按照《建设工程施工合同补充协议》的约定，石门城建房产公司可以暂扣工程总价款的5%即925511.65元（18510233元×5%）作为质量保修金，待规定保修期满一年后再一次性予以支付，因此，石门城建房产公司现在应向邓文年支付的工程价款为17584721.35元（18510233元-925511.65元），加上石门城建房产公司认可的应向邓文年支付的地下室施工损失补偿20000元，并扣除石门城建房产公司已向邓文年支付的工程款14231580元，石门城建房产公司还应向邓文年支付工程款3373141.35元（17584721.35元＋20000元-14231580元）,0
虽然讼争工程尚未竣工验收，但被告第二幼儿园已实际占有并使用讼争工程，按照最高人民法院《关于审理建设工程施工合同纠纷案件适用法律问题的解释》第十三条“建设工程未经竣工验收，发包人擅自使用后，又以使用部分质量不符合约定为由主张权利的，不予支持”的规定，应认定被告已经以自己的行为认可了建设工程质量合格，或自愿承担质量瑕疵,1
经审核，代付款的《工程签证单》均有道隧公司和五台工业园管委会的盖章确认,0
2014年7月3日《建设工程施工承包合同》的合同相对方系瑞信公司与吉运公司，加之，瑞信公司及吉运公司不认可挂靠关系，故本院认定瑞信公司将涉案工程发包给了吉运公司，吉运公司在取得陆坊小镇工程后，将部分工程分包给了原告，因原告不具备相关建设工程施工资质，故吉运公司与原告之间系违法分包关系,0
前款所列行为影响中标结果的，中标无效”的规定，同时也违反了关于承包人不得再次将承包工程全部转包以及承包人必须具备相应建筑资质的规定,0
20110512,0
被告欠付原告工程款1284781.83元,0
&quot;当事人应当按照约定全面履行自己的义务,0
工程停工后，省建三公司并未将工程移交给鑫红光公司，故省建三公司主张停工期间的电费应由鑫红光公司承担缺乏事实依据，本院不予支持,0
（二）建设工程没有交付的，为提交竣工结算文件之日,0
查明，2014年6月9日因未办理施工许可证，丽景家园住宅小区项目施工单位鼎晟公司被罚款35000元（7栋楼，每栋5000元）,0
7-10，面积46.53㎡,0
”《中华人民共和国建筑法》第八十三条第三款规定“抢险救灾及其他临时性房屋建筑和农民自建底层住宅的建筑活动，不适用本法,0
五、关于本案双方请求的最后评判,0
合同价款577.96万元,0
为了确保工程质量和工期，应被告要求原告提供了履约保证金,0
以13181498.85元为基数，按月利率2%，自2018年11月19日起至付清日止,0
20111225,0
（一）修复后的建设工程经竣工验收合格，发包人请求承包人承担修复费用的，应予支持,0
这属于典型的通谋虚伪行为,0
原告还提出由被告秦治显对全部债务承担连带清偿责任，因被告秦治显已经在2016年5月24日的三方协议中，自愿同意为被告承担连带责任保证，故对原告该诉讼请求应当予以支持,0
上海崎丰纸制品厂扩建工程，建筑面积,0
截至本案诉讼之日，当事人双方对50438966元为已支付的工程款无异议，但该款项中含桩基工程款5838966元、基坑支护工程款1020000元、土方回填工程款140000元,0
综合原、被告的质证意见，本院对浙江韦宁工程审价咨询有限公司2011年4月7日出具的九龙一号室外工程鉴定报告（含2011年11月4日出具的补充报告）认证如下,0
因此，对两原告要求判决宇元置业公司如未按判决期限还款则按补充协议约定以上述门面抵偿工程款及利息的诉讼请求，本院不予支持,0
被告对法院调取的证据的质证意见为,0
25708561,0
甲方落款处加盖上海崎丰纸制品厂扩建工程项目专用章，并由杨钱国作为代表人签字，乙方落款处加盖上海宝建集团繁宝建筑工程有限公司上海崎丰纸制品厂扩建工程项目部章，并由蒋建军作为代表人签字,0
对于地形测量图的关联性有异议,0
尤其是，即使认定该承诺书无效，招标投标法的规范目的也不能因此而实现，因此，从招标投标法的规范目的和调整范围来看，该承诺书不应因违反招标投标法而无效,0
案外人李紫石、李洁、方炳胜、梁福清实际转账共100万元给被告丽贤公司，并于2017年11月10日出具付款证明书将该100万元合同履约金的权利转让给黄天友,0
庭审中，原、被告均确认愿意按照实际施工人陈述的材质为准，价格同意参照鉴定意见书,0
时空公司、南洋公司的意见与闽中公司意见相同,0
虽然涉案工程分为六项单独的工程，五台工业园管委会作为发包人分别与施工单位订立《建设工程施工合同》，但依照《协议书》中道隧公司以现金方式投资建设博州五台工业园区（湖北工业园）基础设施工程项目建设，采取投资--建设（BT）方式，道隧公司按期保质保量完成项目的施工等工作，并对项目整体的质量、安全负全责，以及由五台工业园管委会向道隧公司支付投资本金及回报的约定，道隧公司与五台工业园管委会之间应为建设工程施工合同关系，而结合五台工业园管委会向道隧公司支付涉案工程款项，道隧公司向五台工业园管委会报送工程结算资料等情况，道隧公司在涉案工程中处于总承包人的地位,0
被告给付逾期付款利息与给付垫资利息是依据两个独立的合同条款约定，二者之间并不矛盾，该约定并不违反法律的强制性规定，因此原告请求给付逾期付款利息的请求应予支持,0
根据2008年12月16日被告金辉公司（甲方）与原告（乙方）签订《协议书》约定,0
上述事实有原告提供的建设工程施工协议、合同、企业资质证书、2014年度规费计取标准、质量监督报告书、房屋建筑竣工报告书、房屋建筑工程质量检查报告书、房屋建筑工程竣工验收报告书、房屋建筑工程质量评估报告书、单位工程质量竣工验收记录，工程结算书，结算书签收单、施工进度横道图、拨款明细表、建筑工程施工许可证、门窗监测报告、施工日志、2016年工程签证单、结算书等相关证据，被告提供的建筑工程监理文件归档目录、竣工资料结算通知函、建筑工程质量保证金收据、情况说明、预付款明细、施工日志、建设工程竣工验收消防备案凭证、照片等相关证据，监理部门监理日志，证人吕其波（监理工程师）、冯欣（飞翔公司副总）出庭证言，合议庭调取的档案馆工作人员笔录，（2016）辽1481民初2074号诉讼保全相关材料和民事裁定书，以及双方当事人、诉讼代理人庭审陈述、辩论意见佐证，并经庭审质证，本院予以认定,0
重庆富丽建筑有限公司,0
三、申请人国盛公司为被申请人安澜公司2013年后所施工的××区个填海工作断面整体收尾工程的结算、工程款支付以及2013年前国盛公司为安澜公司实施的前期填海施工工程已结算的工程尾款229.5万元的支付等事宜，由国盛公司与安澜公司通过谈判、协商或诉讼等方式解决,0
富丽公司辩称,0
原告凤岗房地产开发公司虽然不是《东莞市建设工程施工合同》的签约主体，但其亦确认《东莞市建设工程施工合同》的效力，故根据合同当事人意思自治的原则，《广东省建设工程施工合同》与《东莞市建设工程施工合同》对双方均应产生约束力，并不能仅仅因未经备案否认《东莞市建设工程施工合同》的合同效力,0
因此，精王公司不能以未开具发票为由拒付工程款,0
”建设工程价款优先受偿权属于法定权利，《合同法》第二百八十六条赋予承包人此项权利，实质是为了保护建筑工人的利益,0
且报告注明“以上审核结果已经委托单位、建设单位、施工单位共同签证确认”,0
该费用依据原告提交的证据计算,0
本院认为，涉案合同系华宇广泰与鸿丰公司签订的，路新根在投标人基本情况表上签字，属于履行华宇广泰的职务行为，故不应当作为本案被告,0
发包人向承包人承诺按照合同约定的期限和方式支付合同价款及其他应当支付的款项,0
2014年3月25日，被告出具关于支付《上海奉南建筑装潢有限公司》待工费用的情况说明，明确因增设电影小厅，故于2012年10月1日至10月23日期间通知原告暂停施工，待小厅设计图完成后按图继续施工,0
1803586.45,0
第六，关于义银公司的违约责任,0
在实务中存在被挂靠企业向发包人主张权利进而判决发包人向被挂靠企业支付工程款的情形，实际上通常是因为挂靠人与被挂靠人在利益一致性的情况下进行了一种行使诉权的选择，也是法院在不能确认挂靠情形的情况下进行的一种裁判选择,0
本案中，韦景二主张矿建公司、人福公司违法将项目分包给邓伯刚，邓伯刚又非法转包给了罗斌、罗鹃、罗有阳，罗斌、罗鹃、罗有阳又非法转包给了唐顺凤，各被告系层层分包关系，各被告应共同支付劳务费给韦景二,0
鉴定意见按定额规定计算了不锈钢线条费用，上陵公司不认可，提出要按定价8元/m计算，但未见双方认可的定价单，若按上陵公司提出的定价8元/m计算需扣减209931.48元（含税）,0
《姚安县大酒店工程结算资料》一份，被告白邑公司、中茂公司无异议，原告陈鑫认为该《姚安县大酒店工程结算资料》是被告东龙公司单方制作，不予认可,0
F区已由浙江广宏建设有限公司开始施工,0
"自2017年2月1日起至该90,000,000元工程款付清之日止，以90,000,000元为基数，按照中国人民银行同期贷款利率的两倍标准计算支付",0
"2017年9月1日,建设公司给程振国出具《授权委托书》，内容如下",0
本院对该证据的真实性予以采信,0
证据十二、冠华公司与张建国2013年12月1日《协议书》一份、发票一张，证明8号宿办楼被告遗留下来的建筑垃圾清运拉走4车，由原告替被告支出劳务费2千元,0
《河北联合大学8号宿办楼11月5日联合检查验收后需返工整改的工程项目》中工程项目被告需返工整改，但被告拒绝返工整改，被告未返工整改和未干的较大项目有9项，此9项由原告另找的队伍替被告返工整改，9项工程返工整改劳务费和材料费合计68.6万元,0
14989561,0
未产生部分按照本金604232.24元自2016年6月14日计算至实际给付之日，年利率按照6%计算,0
建设工程的保修期，自竣工验收合格之日起计算,0
关于原告主张的质量保修金利息是否予以支持的问题,0
该合同于2017年4月25日盖章确认,0
"本案中，湛新公司作为发包人，尚有95,000元工程款未支付，湛新公司在95,000元范围内对原告承担责任",0
第三，根据最高人民法院《关于审理建设工程施工合同纠纷案件适用法律问题的解释》第十三条“建设工程未经竣工验收，发包人擅自使用后，又以使用部分质量不符合约定为由主张权利的，不予支持,1
2017年12月4日，陕西省建筑工程质量检测中心、陕西省建筑科学研究院接受大豐置业的委托，对大豐曲江真境1、2、3、4、5、8号楼及地下车库进行安全性鉴定、检测验收工作，大豐置业支付检测验收技术服务费914165元，大豐置业反诉要求建工置业承担,0
原告联建公司对被告提供的证据3有异议，认为相关照片没有任何第三方见证，原告可以对图片进行技术处理，无法准确反映工程现状,0
第七，关于原告任波主张被告上东新城公司返还进场保证金300000.00元及李丹借款50000.00元能否支持的问题，原告任波通过银行汇款向上东新城公司员工孙微微名下汇入300000.00元，因汇款凭条中未注明款项用途，被告上东新城公司不认可收到该款项，亦未给原告任波出具相应手续，对于该笔款项，原告任波可另行提起诉讼主张权利,0
竣工验收合格之日起满1年返还质保金40%,0
“人民法院对下列起诉，分别情形，予以处理,0
"自2014年4月12起至实际给付之日止，以14,983,758.3元为基数，按照年利率24%向博源公司计付工程质量保证金利息、违约金",0
在（2017）琼96民初39号案一审的诉讼过程中，二建公司提出反诉，请求判令海协公司承担其因本案所支出的律师服务费884328元及利息,0
本院认为，认定喀什华厦公司与喀什东方汇科公司实际履行的合同，应从双方当时约定的真实意思表示来看,0
169616.0547,0
综上，虽然涉案工程整体未竣工验收，其整体质量是否全部达到竣工验收条件目前尚不足以认定，但该组证据作为按照合同约定支付工程进度款的已完工程量质量合格依据可以采信,1
"自报工期120日历天，自报质量一次性100%验收合格，外来用工数(工日)18,000",0
本案现已审理终结,0
20110430,0
201256.2,0
本院认为，《中华人民共和国合同法》第二百八十六条规定，发包人未按照约定支付价款的，承包人可以催告发包人在合理期限内支付价款,0
明鑫公司未依约支付保证金及停工损失费，王建军请求明鑫公司支付保证金及停工损失费并支付自王建军起诉之日起的利息，依法应当予以支持,0
三、双方在履行合同过程中是否存在违约行为，应否承担违约责任,0
故，蒋大平与安泰公司的挂靠关确实成立,0
合同签订后三个日历日内支付合同总价的80%，余款在工程完工后三个日历天内付清,0
本院认为，机关《高压旋喷桩施工记录》中只有施工单位、监理单位现场代表签字，无建设单位现场代表签字，但监理单位是发包人（建设单位）委托的负责工程监理并取得相应工程监理资质等等级证书的单位，监理单位在施工记录上签字可以确定施工单位已经实际做了该部分高压旋喷桩施工工程，故对该部分工程造价，本院予以确认,0
（六）已为仲裁机构生效裁决所确认的事实,0
20101206,0
施工总承包的，建筑工程主体结构的施工必须由总承包单位自行完成,0
被告施工的地面较设计超高10公分，另案中2015年承包人申请出庭作证的证人证实被告打完水泥地面后存在积水现象，工程质量鉴定显示“车间内地面排水口高程普遍高出地面，车间内地面多处排水不畅，存水现象严重,1
20110830,0
监理人收到申请后14天内报送发包人收到后30天内审完并签发付款凭证,0
经查，铜仁大酒店工程至今未复工，金滩半岛豪苑F1F2栋工程群洲公司复工后在2019年4月再次停工，至今未按约全面竣工，明显违反合同约定，群洲公司应按约承担涉案工程的停工损失,0
原告未按照补充协议支付，应按照补充协议的约定支付相应利息,0
第十八条，利息从应付金额之日计付,0
鉴于此，扣除保证金后，中林公司实际支付的工程款为50000元，未付工程款共计1050000元,0
本案原告未向合同发包方商丘市宏昌置业有限公司及其该公司自然人股东李凤亮、陈华、蔡仲举主张权利，是对其诉权的处分，符合法律规定,0
已付金额,0
（七）日月鑫公司反诉请求新东阳公司移交全部工程档案资料问题,0
被告湛新公司作为涉案工程的发包方，依法应在其欠付款范围内对原告承担付款责任,0
1、原告联建公司与被告万辉公司签订的《建设工程施工合同》是否应予以解除,0
至于双方决算的条件，就更不具备了,0
17栋第1层,0
故明鑫公司还应向王建军支付工程款的具体数额为21261967.52元（36732893.71元+1290292.81元-16761219元）,0
17栋第1、3层内墙抹灰,0
”金泓公司所承建的东泓新居住宅小区项目工程已经竣工验收合格，虽然韩艳林与金泓公司之间的建设工程施工合同无效，但是韩艳林仍然享有要求金泓公司支付工程款的权利,0
因建工集团并未就其离场时遗留材料及材料的内容、价格向本院提供证据予以证明，故本院对其占用材料租赁费、材料赔偿款的主张不予支持,0
工程完工后，时空公司、南洋公司不与其办理工程的结算，造成其垫付的款项及工程款不能要回,0
更何况本案双方在中标后并未签订中标合同,0
同时以工程合同款的名义，实际收取杨建飞管理费28000元,0
证据8不具有证明效力,0
“有下列情形之一的，合同无效,0
同时，由于金陵公司与中林公司均认可涉案工程未经验收和结算，故不适用《建设工程施工合同》专用条款中关于工程款支付时间的约定，即付款时间约定不明,0
最高院在（2008）民一字第4号答复函中明确指出，财政部门对财政投资的评定审核是国家对建设单位资金的监督管理，不影响建设单位与承建单位的合同效力及履行，除非合同在双方建设合同中明确约定以财政投资的评审结论作为结算依据，否则仍应按照合同约定的结算条件、结算条款或法定造价审计部门的鉴定结论为依据,0
没有约定的，按照中国人民银行发布的同期同类贷款利率计息,0
这份证据真实合法，与本案相关,0
由于金泓公司未依约支付工程款，已经构成违约，由于金泓公司的违约行为引发本案诉讼，责任在金泓公司一方,0
25.4、工程竣工结算,0
（叁佰万元正），（姚安大酒店）工程款290万元大写,0
综上，国都公司及其广西分公司应得的工程款为,0
”的规定，中标应归无效,0
本院认为，案涉工程（一、二标段）在进行招投标程序之前，原、被告双方已就工程的工期、质量、价款、结算办法等施工合同主要内容进行了协商和约定，故原告的中标无效，双方经招投标签订的《建设工程施工合同》也归于无效，双方之间的工程价款结算应以双方达成合意并实际履行的《建设工程施工承包补充协议书》为准，对此问题，本院将在判决论理部分作进一步阐述,0
广恒房地产开发公司截止2016年2月2日付给河南开宇建筑公司工程款，合计,0
原告举证《河北省建设工程竣工验收报告》，在竣工项目审查中载明,0
即使是涉案工程建好后，交付被告东莞市观音寺管理收益，也只是被告港洲文化公司和被告东莞市观音寺就涉案工程的管理、收益的约定，并不能就此认定被告东莞市观音寺需对涉案工程的工程款承担连带责任,0
证明金地花园土地归属面积和范围,0
“一、承建方式为包工不包料,0
刘德三在本案中以审核编制结论12162315.52元主张涉案工程价款,0
就钢筋调整项目，双方在合同47.1（5）约定钢筋结算时按实际用量计入，价格按实际市场采购价调整,0
本案现已审理终结,0
20111002,0
”但根据上述协议中对于“进度款”的约定，XX公司支付的条件既有约定在取得一定比例的商品房预售款后，又由约定支付的款项为不超过一定的数额，可见该“进度款”的支付时间和数额约定不具体和不明确，本院也难以确定,0
（三）建设工程必须进行招标而未招标或者中标无效的,0
本院（2012）金义民初字第3370号民事判决虽确认双方签订的涉案建设工程施工合同于2012年12月4日解除，但本院作出该判决的时间为2013年11月11日，送达双方的时间为2013年11月15日，原告主张权利的诉讼时效期间至少应从2013年11月15日起算，故原告的起诉并未超过诉讼时效期间,0
另查明，大邦公司共计向湖南四公司支付工程款45415749.06元，加上大邦公司还代湖南四公司支付长沙市建筑工程监察站安监费50830元、支付补晒蓝图费用4007.25元、湖南四公司应承担清扫宿舍费用分摊56元，大邦公司总计支付湖南四公司45470642.31元,0
本院认为，根据建设工程施工合同47.9款约定发包人在办理付款手续时，必须并将工程款汇入全称为浙江新东阳建设集团有限公司的公司银行账户内，补充协议第四、7款约定牵涉到本工程乙方的所有款项甲方必须汇入乙方指定的账户内，否则视为未支付，结合该工程为固定价合同、双方无争议的付款额中也有小额付款等事实,0
2015/10/24,0
2、鑫马公司于2014年2月24日和3月25日分别向大经公司账户汇款24.25万元、20万元和7万元，该51.25万元系鑫马公司支付大经公司的涉案工程款,0
1、被告在签订建设工程施工合同时，对补充合同文本为建设工程施工合同的组成部分已明确知悉，缪泽荣是以承包人身份、被告特别授权的委托代理人身份与原告和汇公司签订补充合同、补充合同一、补充合同二,0
"4、工程订单一组，拟证明系争工程不含税价格为7,185,558.6元",0
被告东龙公司于2015年12月31日单方制作了《姚安大酒店结算工程结算价》，工程结算价款为2383563.86元,0
另双方在施工过程中的矛盾和嘉盛公司所聘请的监理公司提前退场的缘由，使得施工方容福公司撤出了现场，由嘉盛公司和佐尔美公司接管了施工现场,0
如逾期支付的工程款超过30天，乙方有权停工,0
再者，监理没有能力证明2014年11月份完全能竣工,0
证据一、2017年9月16日置业公司（发包人）与建设公司（承包人）签订的《建设工程施工合同》,0
证人的证言大部分明显是不真实的，且有前后矛盾之处,0
通用条款44.5，一方依据44.2、44.3、44.4款约定要求解除合同的，应以书面形式向对方发出解除合同的通知，并在发出通知前7天告知对方，通知到达对方时合同解除,0
垫付工程款,0
本院认为，前已论述，案涉的《建设工程施工合同》和2014年12月23日签订的《关于“东瑞金融中心”〈建设工程施工合同〉的补充协议》均为有效，《关于“东瑞金融中心”〈建设工程施工合同〉的补充协议》签订在《建设工程施工合同》之后，系对原有协议内容的变更和补充,0
另外，2013年6月7日至9日高考期间停止砼浇筑应顺延工期3日，将含增加工程在内的集中商业楼作为整体来判断是否义银公司是否延误工期,0
本院认为，原告对被告提供证据1证明第1、2、4、5点证明目的无异议，本院认为证据1可以证明被告第1、2、4、5点证明目的,0
"1、电梯、室外总体、二次装修不包括在内(按图施工)，2、钢结构屋面暂定价470,000万元，如超出470,000元由被告负责",0
9763022.59,0
“取得施工总承包资质的企业（以下简称施工总承包企业），可以承接施工总承包工程,0
建设公司对真实性无异议,0
2013年10月23日九洲公司与中城投六局在工程联系单上所对中城投六局所施工走道夹层工程量签字确认,0
合同的签订、工期、暂定造价及工程进度款的约定情况,0
（四）万特公司六安分公司应否对万特公司的款项支付及赔偿义务承担连带责任,0
"1,410.76",0
第一，关于用案涉房屋抵顶工程款应否计入已付工程款中的问题,0
491038元，该鉴定结论对8张工期延期签证的真实性不能认定，对工期延误的原因也没有做出鉴定，本案中的8张工期延期签证，证人唐某当庭作证认为，这8张工期延期签证是事后补签的，唐某是碍于情面签的字，且该延期签证没有合同约定的发包人（被告）指定的接收人“蔡有德”签字，再加上这8张签证单存在误工日期重复等不符合逻辑的情形，因此该8张签证单不能作为认定工程延期的损失的依据,0
(其中监理单位、建设单位、档案馆各一份),0
根据工程补充协议书的约定，三车间隔层的水泥承台基础确包括在总价款中，但根据工程补充协议书该第二条上下文内容，三车间应当指的是第三车间，而并非一、二、三总共三个车间，由此，车间二的新增承台费用和门卫新加梁高费用并不应当包括在总造价中,0
"441,599.41",0
另查明，发包方商丘市宏昌置业有限公司是由自然人股东李凤亮、王龙亮、陈华、蔡仲举于2011年11月2日成立的从事房地产开发与经营的有限责任公司,0
34266.66667,0
原告提供的证据1、7被告对证据的真实性、合法性、关联性无异议，本院认为具有证明效力,0
常久印和赵保明分别受二轻公司和万合城公司的委托，分别代表二轻公司和万合城公司于2012年1月15日签订了《承包协议及部分工程做法明细》，该合同加盖有二轻公司和万合城公司的公章，证明该合同是其双方的真实意思表示，内容合法有效，本院予以确认,0
"原告提交“预（决）算书”，主张已完工程造价为77,770,357.65元",0
钢筋及砼主材价格浮动±8%以外部分给予调整，调整的价款仅计取税金,0
在审理期间，本院根据原告的申请委托鉴定机构绍兴明晨建设项目管理有限公司对涉案工程的造价进行司法鉴定，该鉴定程序合法，鉴定人员具有相应资格，可以作为认定案件事实的依据,0
2.室内地坪清理费20000元,0
至今本工程不具备决算条件,0
承包人收到竣工结算价款后14天内将竣工工程交付发包人,0
被告马玉森于2016年2月28日又与原告河南开宇建筑有限公司签订了《工程结算单》，其行为足以使原告河南开宇建筑有限公司有合理理由相信其具有代理权，且被告马玉森在公安案卷中自述其是宏晟大厦综合楼的负责人,0
5、合同约定结算完成无争议，付款至工程结算的97%,0
双方缔约时的过失导致合同履行过程中被告违反施工技术规范出现工程质量不合格问题，原被告对第2号车间承建实际上基于第1号车间出现的工程质量问题而实际解除，被告2013年对第1号车间施工完毕，2014年6月1日原告未经验收擅自使用被告施工的工程，原被告对工程返修重做的费用承担负有对等过错责任,1
第三人金泓公司向本院提交了以下证据,0
土建、水电、装饰,0
转让,0
证明由于档案材料存在虚假，所以档案馆不收,0
综上，依据《中华人民共和国合同法》第六十条、第一百零七条、第一百一十四条、第二百八十一条，《中华人民共和国民事诉讼法》第六十四条之规定，判决如下,0
14、质量监督申请受理书（1至10号楼的），时间为2014年7月2日,0
一、关于合同效力的问题,0
（以上人员以现场需要派驻到位为准）,0
35611.41467,0
3、工商信息一组，拟证明湛新公司企业名称变更的工商登记信息,0
另查明，2014年6月5日，格瑞汀公司将新疆建诚建筑安装工程有限公司、建诚奎屯分公司、杨建飞、潘国彬诉至奎屯市人民法院，格瑞汀公司在民事起诉状中陈述,0
25932210.66,0
对原告陈鑫提交的证据,0
包括3-27、3-28、3-29、3-30、3-31、3-32#楼，架空车库包括9-13、9-15#，工程规模,0
合同解后后尚未履行的，终止履行,0
（四）原告要求利息损失的诉讼请求是否应予支持的问题,0
因原告签订的《协议书》载明原告同意从工程款中扣除管理费及税金、企业所得税共计工程总造价的7%，故应扣除的该款项为6017127.2元,0
二、被告大庆建筑安装集团有限责任公司苏州分公司于本判决生效后十日内支付原告邬毅违约金（违约金的计算方式,0
甲方用房屋不能付齐工程款时，甲方用土地抵付，土地按450元/㎡计算,0
"经审核，代付的《经济签证单》均有道隧公司和五台工业园管委会的盖章确认，本院基于同样的理由，对代付款822,418.42元予以确认",0
20110830,0
（二）关于喀什华厦公司与喀什东方汇科公司实际履行合同的认定问题,0
首先，《建设工程施工合同》、《建设工程施工合同补充协议》均规定，工程交付后，鸿丰公司向华宇广泰付至总工程款的90%，华宇广泰配合原告方备案完成、在鸿丰公司签发竣工付款证书后14天内付至总工程款的95%,0
为加快工作进度，2015年11月2日，鉴定单位应钱国木业公司要求再次召集双方会商初稿异议情况，钱国木业公司并未当场就初稿提出实质性的异议意见,0
7035000,0
”上述约定说明用房屋抵顶的是2013年1月23日《建设工程施工合同》中的工程价款,0
由于被告九龙公司未能按该份《支付工程尾款的补充协议》第三条第㈥项的约定向顺通公司履行付款义务，截止原告顺通公司于2014年6月25日提起本案诉讼之日止，九龙公司尚欠顺通公司到期应付的工程款63345674.61元，所以本院对顺通公司起诉要求九龙公司给付工程款63345674.61元的诉讼请求予以支持,0
上述内容仍表明至2013年8月22日，双方各自有剩余工程未完成，并双方承诺2013年8月22日作为各自完成工程的期限,0
（二）关于原告与被告双方当事人共签订了三份建设工程施工合同，应以哪份合同为准，原告是否构成延期交工，原告在施工期间失火是否造成延期交工的问题,0
鉴于案涉工程存在部分变更增加的工程量、指定分包以及地下工程的复杂性和不确定性等情形，故本院酌定所延误的工期265天中的80%即212天的延误责任由中色十二冶公司承担，其余20%即53天的延误责任由万特公司承担,0
四、关于被告丽贤公司应否支付工程前期施工费用人民币300764.5元的问题,0
对于2-1号房屋，协议约定为“2007年10月16日开始进行施工，于2007年12月25日达到房屋可预售节点”，即便按XX公司实际取得该房的预售许可证日期，即2008年2月4日，虽存在逾期41天的事实，但一方面，XX公司没有提供其实际申请上述许可证的时间,0
第十，关于被告上东新城公司提出工程由斜坡屋面改为彩钢屋面应找补差价的主张，因原、被告双方约定按照固定价结算工程价款，不存在找补差价的问题，本院对被告上东新城公司的该项主张不予支持,0
20110701,0
工程名称为综合楼,0
其次，陕西省建筑工程质量检测中心、陕西省建筑科学研究院的检测验收系受大豐置业的委托进行，而大豐置业的委托并未经建工集团的认可,0
本院对该证据的真实性予以采信,0
本院认为，原告河南开宇建筑有限公司与被告鄂尔多斯市广恒房地产有限责任公司签订的《建设施工合同》及《补充合同》系双方当事人真实意思表示，合法有效，双方均应遵守履行,0
该合同是由原告与傅建高订立的合同真实性无法确认，合同的弱电工程安装属于专业资质的项目，被告方作为劳务承包方也不具备弱点工程安装的资质，更何况作为个人更没有资质，同时弱点的项目即便原、被告的劳务合同有效也不属于劳务分包内容,0
5、关于质量保证金的问题,0
证据二十一、被告资质证明、营业执照、组织机构代码证，证明被告具有法律规定的13种资质，被告只在资质范围内施工,0
2016/2/5,0
三、关于争议焦点三，本院认为，根据《最高人民法院关于建设工程价款优先受偿权问题的批复》第四条的规定，建设工程承包人行使优先权的期限为六个月，自建设工程竣工之日或者建设工程合同约定的竣工之日起计算,0
"发包人按应付进度款0.4‰向承包人支付违约金，此项违约金最高限额为合同价款的2%”的约定，建工五建公司要求富成公司支付自2016年12月16日起尚欠工程款的利息并承担违约责任，有事实和法律依据，应当予以支持，但应按双方合同约定的标准计付欠付工程价款的利息及违约责任，即利息以14,706,001.26为基数，自2016年12月16日起至本案判决确定之日止按同期银行贷款利率计付，违约金为5882.40元（14,706,001.26×0.4‰）",0
多支付工程款2756671.75元（29006671.75-26250000）原告应予以退还,0
10823022.59,0
广丰建设2009年7月6日《关于与大同公司解除合同的函》已经收悉，现复函如下,0
一、施工单位制定施工方案如下,0
对反诉原告提供的证据1，该证据真实、合法，与本案有关联，可以作为认定案件事实的依据,0
7.金地花园5＃6＃回迁楼施工进度会议纪要附进度表1份，11月27日关于金地花园回迁户回迁安置问题会议纪要1份,0
&quot;建设单位飞翔公司盖章予以确认,0
原告认为，被告严重延误工期，在《建设工程施工劳务分包合同》和2013年9月20日签定的《协议书》规定的时间内均没有达到竣工验收标准条件，按照《建设工程施工劳务分包合同》第14.3款被告应当承担支付100万元违约金给原告，并应当依法依约承担继续履行返工整改义务,0
《省二建公司基建工程决算单》，系海协公司与二建公司就二建公司施工完毕后进行的工程结算，两者均属于工程结算书，从法律上设立了彼此的权利与义务，即二建公司完成了多少工程量，海协公司应给付多少工程对价款，是双方的合同行为，属于上述法律规定的“合同”,0
本院不予支持,0
同时证明石家庄一建建设集团有限公司非法转包,0
因原告无合法的建设资质，这样形成的2008年7月4日原告与被告弘兴公司、被告金辉公司签订了金地花园5＃6＃回迁楼和保胜派出所办公楼代建《协议书》，由此可见金地花园5＃6＃回迁楼建设包函在被告金辉公司申请报批备案的金地花园建设项目之中，原告在此项工程中只是投资方（所谓的建设方）,0
施工单位为银座公司,0
2015年11月15日,0
根据《中华人民共和国招标投标法》第十九条、第二十七条规定，招标文件应当包括拟签定合同的主要条款，投标文件应当对招标文件提出的实质性要求和条件作出响应,0
2、涉案工程没有进行竣工验收，工程没有移交，造成延误的原因及由谁承担损失责任的问题？原、被告所签订的《建设工程施工合同》第一部分的协议书约定,0
169662421.17元-7079400元-1101248.7元=161481772.47元,0
（二）建设工程没有交付的，为提交竣工结算文件之日,0
（一）秀湖鹭岛项目2-1工程合同签订的事实,0
1、武冈市公路管理局是否是本案适格的原告,0
证据五、冠华公司与北京市巨龙工程有限公司唐山分公司《建设工程施工合同》一份和发票一张、中标通知书一份，证明8号宿办楼消防工程10500㎡，川凯公司应安装而未安装消防工程，由原告替被告支出劳务费50.3万元,0
第四，关于履约保证金,0
&quot;根据飞翔公司及施工规程要求，在得到各方批准的确定的开工日期为2014年4月1日,0
二、关于涉诉工程造价及停工、窝工、机械物件及租赁物件（钢管、扣件）损失的认定,0
20110918,0
本案中，XX公司施工的工程仅系土建工程部分，而根据双方的约定，尚有大量的配套项目等均系由XX公司直接发包给其他单位进行施工，故有关配套工程是否验收合格也直接会影响整个工程的竣工验收,0
”该司法解释赋予承包人对工程价款的结算方式以选择权，即承包人所承建的建设工程经验收合格，可以主张参照合同约定的结算方式进行结算，也可以主张按实结算，并没有赋予发包人选择按合同约定价款结算的权利,0
如前所述，案涉工程共签订四份《建设工程施工合同》和一份《补充协议》，即2013年1月25日中标后签订并备案的两份《建设工程施工合同》，两份无落款日期的《建设工程施工合同》，以及2014年3月8日签订的《补充协议》,0
二期工程总工期480日历天，其中17#-24#楼（含配电房等）各单体工期300日历天，正负零以下结构65日历天,0
本案鉴定费160200.66元（被告玖信公司已预交），由原告负担149150.13元，被告玖信公司负担11050.53元,0
原告与被告安澜公司、天航公司只在和解协议第五条约定,0
一次性消耗的止水螺栓，可按实际用量的60%增加费用，定额含量不予调整,0
虽然一、二标段的开工、竣工日期有所不同，但目前案涉工程已全部竣工并交付使用，一、二标段工程均已具备工程款结算条件，故本案对一、二标段的工程款结算应一并处理，无需分案,0
约13227.73平方米，合同暂定总价,0
吴东安系借用闽中公司的名义与南洋公司签订《建筑工程内部承包施工合同》，经过备案的《建设工程施工合同》的实际施工人是吴东安，因此两份合同均无效,0
“承包建筑工程的单位应当持有依法取得的资质证书，并在其资质等级许可的业务范围内承揽工程,0
当事人对付款时间没有约定或者约定不明的，下列时间视为应付款时间,0
国神华公司主张涉案工程项目属于关系社会公共利益和公共安全的必须招投标的工程项目，没有事实和法律依据，本院不予支持,0
被告质证意见为,0
979344,0
最后，从投标前被告向原告出具《承诺函》，邀请原告配合参加投标，承诺《招标文件》不作为施工、决算的依据，双方仍按照原合同履行来看，招标仅是双方在履行《建设工程施工合同》和《补充协议》过程中，为使工程得以合法施工而进行的程序性事项，双方并无通过招投标行为订立有效合同的真实意思表示,0
本院认为,0
被告在2013年8月27日使用综合楼说明中作岀的承诺“保证按合同结算，人工费按合同执行、拨款结算”，被告违反合同的约定，没有按时给工程款，应给付拖延支付工程款的利息，由于双方没有约定利息及利率，按法律规定，“当事人对欠付工程价款利息计付标准有约定的，按照约定处理,0
楚湘公司认为该部分是施工必经程序，其已经提供了《地基验槽记录》和《地基处理记录》等证据原件，有勘察、设计、监理、施工四方签字盖章确认，按国家规范该表格没有专列建设单位签字栏，上陵公司以其未签字且监理单位只盖章未签字为由不认可，没有依据,0
25408561,0
"19,763,237.76",0
被告主张以其与黄东签订的建设工程施工合同确定支付时间，即工程款的5%作为保修金，在保修期满一年后支付2%，满两年后支付2%，防水保修期后支付余款,0
本院认为，《台州市法院司法鉴定机构名册》是经省高院依法核准的鉴定人名册，名册内的鉴定机构均具备相关的鉴定资格，被告在本案鉴定机构确定后，并未对,0
后双方于2011年签订《南城时代广场一期工程补充协议1》，于2012年12月10日签订《南城时代广场一期工程补充协议2》，于2013年6月16日签订《南城时代广场一期工程施工合同补充协议》,0
祥每栋楼号施工承包，固定价款合同为依据,0
综上，依据《中华人民共和国民法通则》第一百零八条，《最高人民法院关于审理建设工程施工合同纠纷案件适用法律问题的解释》第一条、第二条、第十七条、第二十六条，《中华人民共和国民事诉讼法》第六十四条第一款之规定，判决如下,0
5、原告应提供施工技术档案资料目录，因为原告方未提供，档案馆才未能验收,0
合同约定工程款的5%作为保修金，在保修期满一年后支付2%，满两年后支付2%，剩余款项在防水保修期满后支付,0
九洲国际广场项目是按照招标程序公开招标项目，中城投六局中标后与九洲公司2012年7月30日签订了建设工程施工合同，7月31日签订了九洲国际广场项目建设工程施工合同补充协议（以下简称补充协议）,0
其次，关于闽西宾馆实际支付款项数额的确认，即闽西宾馆垫付的玻璃款38.5万元及铝合金窗限拉及窗锁款1.3640万元能否计入闽西宾馆的已付款,0
桩基、智能化（弱电）、人防设备及安装、电梯、消防和通风、管道煤气工程由被告另行指定专业分包单位承包,0
《中华人民共和国招标投标法实施条例》第三条规定,0
没有约定的，按照中国人民银行发布的同期同类贷款利率计息,0
对此，本院认为，该《收条》二份上有被告东龙公司的法定代表人赵凤玉的签字及被告东龙公司的印章，（2015）姚民初字第477号民事案件和（2015）姚民初字第478号民事判案件中被告东龙公司向原告的借款200万元，被告东龙公司向原告出具的两份100万元的《借条》时间均为2013年12月3日，与被告东龙公司向原告分别于2014年1月5日、2014年4月9日出具的《收条》二份的时间不能对应，且《借条》二份与《收条》二份记载的内容也不一致，被告东龙公司认为该二份《收条》是在被逼迫的情形下书写的，但未能提供相应证据予以证明，《收条》二份中记载的被告东龙公司收到原告陈鑫交付的工程保证金300万元与《承诺》上被告东龙公司的法定代表人赵凤玉作为承诺人及被告白邑公司、中茂公司的法定代表人崔国茂作为担保人在该《承诺》中承诺的在2015年1月30日前向原告付清工程保证金300万元及工程款290万元能相互印证原告向被告东龙公司缴纳了工程保证金300万元及被告东龙公司、中茂公司承诺于2015年1月30日前退还原告工程保证金300万元的案件事实,0
2009年1月8日建设单位、监理单位、施工单位、代建单位召开会议，形成金地花园回迁5#、6#楼工程予验会议纪要&rdquo;，监理单位验收意见,0
邓州泰和公司提出按工程造价的8％让利在合同中明确约定，应该按合同约定让利,0
《内资企业登记基本情况表》一份，原告陈鑫及被告东龙公司均无异议，对其证明力本院依法予以确认,0
前款所列行为影响中标结果的，中标无效,0
被告湛新公司辩称，湛新公司与大庆安装集团苏州分公司发生的关系，且工程款已经结清,0
一、钱克飞于2015年3月24日支付韩艳林170000元（壹拾柒万元整）,0
三、鼎晟公司全面地履行了合同义务，保质保量地完成了施工任务,0
17栋已付款,0
工程承包合同、补充协议工程联系单、工程签证单设计变更（一册）,0
一、二审裁定对张庭瑜的起诉不予受理，适」,0
证明整个工程进展,0
故税费不应从总工程款中扣除,0
449395.2,0
对于被告日月鑫公司提交的两份付款凭证，主张2014年12月4日以现金方式支付给陈红平10万元、2014年12月8日以现金方式支付给陈红平5万元，付款凭证的付款原因及说明栏中有“收到日月鑫置业有限公司补贴工人工资”内容,0
原告请求被告胥鸿峰共同承担民事责任的诉讼请求与客观事实不符，其请求应予驳回,0
"后钱国木业公司认可28,630及5,370元不应当算入已付工程款中，故相应款项应当予以扣除",0
因案涉工程紧邻黄河，地下，地下室外墙砂浆保护层属于隐蔽工程进行破拆或钻孔，根据施工规范，在上一道工序未完工的情形下不允许隐蔽进行下一道工序的施工，上陵公司也未提交变更签证单证实楚湘公司对该部分未施工，楚湘公司提交了地下室外墙20㎜厚1,0
5月17日开工3栋楼，2014年10月末10栋楼主体封顶无异议，本院予以确认,0
湖南六建公司相对于武汉金鑫联鑫公司而言，处于发包人地位，且在实际履行过程中扣取相应工程款，故应对武汉金鑫联鑫公司欠付工程款24774400元（含质保金4075720元）范围内承担支付责任,0
对于原告要求被告返还合同订金100000.00元的诉讼请求,0
2015年6月29日，潘国彬向新疆方夏建设工程项目管理有限公司支付鉴定费110000元,0
该协议对延期支付工程款利息、直接损失费由甲方承担，停工期间垫资利息不计，并对预算合同价、部分工程计价等进行约定,0
后双方因工程验收和结算等事宜发生争议诉至本院,0
13#楼外墙漆延期15天,0
400512.35,0
"所以，益宁公司应从2014年4月12起返还工程质量保证金，益宁公司未予返还，亦应从该日起至实际给付止，以14,983,758.3元为基数，按中国人民银行同期同类贷款利率支付利息",0
暂定2011年9月18日至2012年4月8日完成,0
超过允许100万的拖欠额,0
"142,270.65",0
吴东安是实际施工人，该约定如果有效也只能约束吴东安与南洋公司，与闽中公司没有关系,0
同时双方已结算确认的涉案基坑支护工程总造价1466339.7元、桩基工程总造价6869372元、A、B塔楼负二层已完回填土工程造价149000元，涉案工程总造价为104455570.35元,0
通过会议纪要的形式加以确认,0
报送材料的时间点有异议，我们第一次报送材料是在2015年元旦前后，具体时间记不清楚了，元旦后春节前，档案馆口头电话通知让我方资料员把资料取回，简单的看了一两本，有个别签字漏下，由于工作忙让我方把签字补全再送交,0
（二）施工单位在工程完工后对工程质量进行了检查，确认工程质量符合有关法律、法规和工程建设强制性标准，符合设计文件及合同要求，并提出工程竣工报告,0
15739561,0
被告安澜公司提交的证据4《交工验收证书》和工程竣工结算，用以证明业主直到2014年6月份才进场验收，原告未按照2013年12月《备忘录》的要求完成回填工作，无权要求支付剩余10%的工程款,0
依据《民法总则》第146条第1款关于“行为人与相对人以虚假的意思表示实施的民事法律行为无效”的规定，该合同无效,0
门窗及装修工程为两年,0
（二）重要设备、材料等货物的采购，单项合同估算价在100万元人民币以上的,0
16739561,0
合浦昌林房地产公司主张依据《协议书》的约定，按《昌林城市广场建设工程结算审核报告》（祥浩造字2018第7-0251号）的审核意见确定案涉工程价款,0
综上所述，卉森公司在富丽公司履行完毕全部合同义务，工程竣工验收合格并交付卉森公司适用的情况下，拖延办理工程结算，拒不支付工程结算款的行为严重侵害了富丽公司的合法权益，给富丽公司造成了重大经济损失，富丽公司根据《民事诉讼法》相关规定，特诉至贵院，恳请贵院查明事实，判准富丽公司如前诉请,0
（一）关于喀什东方汇科公司欠付喀什华厦公司工程价款数额认定的问题,0
同理，对原告的利息请求本院也不予支持,0
4、丽景家园仓房门变更砌筑加抹灰每个100元（1号楼3个、4号楼5个、5号楼9个）共17个，1700元,0
经审查，本组证据与本案有关联性，本院予以采信,0
关于本诉，一、原、被告签订的17#、18#、19#楼《建设工程施工合同》及《补充协议》、《补充协议（二）》的效力问题，首先，原、被告双方签订的17#、18#、19#楼的《建设工程施工合同》，是双方当事人真实意思表示，没有违反法律、法规的强制性规定，不损害国家、集体及第三人的利益，是合法有效的合同,0
"根据2018年4月26日通河项目清算事宜洽商记录，对反诉原告主张的通河项目文明施工费142,600.00元及施工现场停工以后周转料具滞留费用50，000.00元双方无争议，本院予以认可",0
利息从应付工程价款之日计付,0
20111013,0
同时证明了被告川凯公司到在11月5日还未达到竣工验收条件,0
2011年11月2日双方签订的合同,0
综上所述，依照《中华人民共和国合同法》第八条、第六十条、第一百零九条、第二百五十一条、第二百六十三条、《中华人民共和国民事诉讼法》第六十四条之规定，判决如下,0
九洲项目已完工程鉴定造价汇总表中显示建筑面积为34073.19㎡，合计平方造价为2327.59元,0
原告盐亭建安公司与被告胥志明及业主委员会签订的《建设工程施工合同》仅作为行政主管部门的备案依据，双方并未按此合同所约定的权利义务实际履行，该合同约定价款不能作为本案支付合同价款的定案依据，双方对工程价款的支付应以原告冯继平个人与被告胥志明个人签订的《建设工程施工合同》所约定的价款作为本案支付工程款参照依据之一,0
2013年6、7月间，杨建飞经人介绍与格瑞汀公司的法定代表人崔羡相识，得知格瑞汀公司有工程项目，便想将该工程承包下来,0
如前所述，本案双方签订的施工合同均无效，无效的合同自始没有法律约束力，因此对于嘉鼎祥公司要求法院确认其向启航公司发出的解除合同的效力及请求法院判令解除本案合同的主张，均因本案合同无效而不能成立,0
“当事人就同一建设工程另行订立的建设工程施工合同与经过备案的中标合同性质内容不一致的，应当以备案的中标合同作为结算工程价款的依据”的规定，本案应当以2011年3月10日的备案合同作为本案的结算依据,0
二、被申请人安澜公司支付完上述第一次进度款次日，申请人国盛公司主动向财产保全法院提交撤销对安澜公司和天航公司诉前保全的申请，并催促法院及时解封已查封的两被申请人的所有账户,0
一、双方所签案涉《建设工程施工合同》（非备案合同）、《建设工程施工合同》（备案合同）是否有效,0
建设公司收到上述款项后全部转给程振国,0
（二）涉案已完成工程的工程造价如何确定以及具体数额，即当事人双方在涉案过程中实际履行的合同认定,0
2、海协公司以二建公司存在欺诈为由，请求撤销其与二建公司签订的两份补充协议及相关联的《基建施工结算审核验证定案表》、《磨床人工挖孔桩基础工程承包合同补充协议书》、《围墙工程承包合同补充协议书》和《省二建公司基建工程决算单》中与上述应撤销的协议相关的造价协议是否成立,0
工程名称停车区综合楼1、2、3、4号，合同开工日期2012年3月21日、合同竣工日期2012年7月10日等,0
具体施工期限,0
案涉施工合同签订后，中色十二冶公司根据合同约定支付万特公司履约保证金400万元,0
上述利息共计63220.57元应由被告于耀生承担,0
我方认为并不存在违约行为，因此不存在支付利息问题,0
（一）供水、供电、供气、供热等市政工程项目,0
审理中，繁宝公司、钱国木业公司与崎丰厂一致确认，系争场地原先是潘桥村村委会的集体土地，崎丰厂是潘桥村村委会下的村办企业,0
原告质证意见,0
“当事人签订的建设工程施工合同与招标文件、投标文件、中标通知书载明的工程范围、建设工期、工程质量、工程价款不一致，一方当事人请求将招标文件、投标文件、中标通知书作为结算工程价款的依据的，人民法院应予支持,0
核定费率，人工费+机械费为基数，排污费,0
湖南倾江消防有限公司进行消防工程结算后另案起诉,0
对第二组证据的真实性认可，但是该笔款项是东泓新居工程款，不应由钱克飞偿还，且该笔工程款与被告马娅娅无关,0
期间容福公司以邮寄等方式向嘉盛公司和佐尔美公司发过工程验收和结算意见，但双方并未进行验收和结算,0
证据十六、冠华公司与张建国2014年1月3日《合同书》一份、发票一张，证明8号宿办楼被告应返工而未返工的负一层地面返工工程面积1020㎡，原告替被告支出材料费、劳务费计20万元,0
关于永泰建筑公司提出的代垫竣工图纸费用4000元、水电费3514.32元、审图费8000元，该费用应由智发酒业公司承担，故对永泰建筑公司请求智发酒业公司支付上述费用的主张，本院予以支持,0
同年11月13日，本案双方又签订补充合同一份，合同编号,0
双方安排部分管理人员及施工人员出游产生的费用100000元,0
"25,781.89",0
我只是做工的,0
上东新城公司员工李丹向原告任波借款50000.00元，因借据中未注明借款用途，被告上东新城公司不认可该款项，亦未给原告任波出具相应手续，对于该笔借款，原告任波可另行提起诉讼主张权利,0
最高人民法院《关于审理建设工程施工合同纠纷案件使用法律若干问题的解释》第二条“建设工程施工合同无效，但建设工程经竣工验收合格，承包人请求参照合同约定支付工程价款的，应予支持,0
3-32#楼塔机拆除延期18天,0
根据上述事实以及本院查明事实可知,0
-1104462.13,0
11698万元,0
依法必须进行招标的工程建设项目的具体范围和规模标准，由国务院发展改革部门会同国务院有关部门制订，报国务院批准后公布施行,0
&quot;公司郑总、陈总找我们三人交代工程进度放缓&quot;这与被告庭审中陈述是一致的，即由于&quot;市场不好&quot;被告故意放缓施工进度，这是故意违约,0
杨建飞给范云说了格瑞汀公司有工程项目的情况，并请求范云给其出具一份委托书用于签订建设工程施工合同,0
在洽谈合同前（1）施工中只有电子板表面，没有蓝图说明，工程报价946元/平方米,0
20120118,0
劳务分包合同合法有效,0
（三）根据法律规定推定的事实,0
第一，天马公司辩称根据《秀山豪生广场高层住宅建设工程施工合同》第十条第1款“为有利于项目推进，乙方承诺，在甲方向银行融资时，乙方将无条件放弃对本工程的优先受偿权或其他留置权”的约定，泰诚公司已放弃优先受偿权，但该条同时约定“乙方应在得到甲方通知的五日内，向甲方出具并提交符合银行要求的放弃工程价款优先受偿权的承诺书,0
13.同年1月20日，卉森公司向富丽公司发出扣款通知，扣除工程款支付给成都繁茂园林公司,0
根据《中华人民共和国合同法》第二百八十四条规定,0
崎丰厂消防大门口处新增200型消防管，杨钱国支付1千元，施工位置在厂大门西南角处，当时由李建农带班施工,0
本院认为，被告提供证据2拟证明双方进一步明确合同价款须按区块施工区域的相应量支付，其证明目的与证据2载明的内容相符，证据2具有证明效力,0
对证据7，真实性、合法性没有异议，但关于延期的计算远没有达到100天，除了第一页，其他的都是八个小时的延期，本案中扣除100天后，原告(反诉被告)仍然存在工期逾期,0
对证据5，真实性、合法性、关联性均有异议，反诉被告已经按要求清理现场垃圾，本案是由一期项目引起的纠纷，与二期项目无关，若反诉原告向反诉被告主张该项费用，应该另案起诉,0
“企业法人对它的法定代表人和其他工作人员的经营活动，承担民事责任,0
一、明确得出的鉴定结果有,0
被告金辉公司质证，被告建设的5＃6＃楼，原告出资的工程款300万元，没有异议,0
"且最后一张发票金额88,933.35元，扣除95,000元质保金是和被告大庆安装集团苏州分公司协商的结果6、授权委托书一份，拟证明被告大庆安装集团苏州分公司委托李大弯办理相关项目",0
因原、被告及第三人一直未结算，亦未交接工程，根据《最高人民法院关于审理建设工程施工合同纠纷案件适用法律问题的解释》第十八条“利息从应付工程价款之日计付,0
根据法律规定，建筑工程的优先受偿权限于建筑工程的价款，包括为建设工程应当支付的工作人员报酬、材料款等，即天泽公司尚欠国都集团公司的工程价款8381684.12元,0
签署上述合同后，原告、被告又签署了《东莞凤岗新时代广场建设工程施工合同补充条款》，是对上述两份合同的补充及修订，故本案应根据上述三份合同确定当事人的权利义务,0
（一）承包人未取得建筑施工企业资质或者超越资质等级的,0
本院认为，参照《最高人民法院关于审理民间借贷案件适用法律若干问题的规定》第三十条规定,0
案涉工程的工程款双方已经结算并履行完毕，原告主张被告在工程款中抵扣该250000元的主张，本院不予支持,0
证据五、招投标备案意见书,0
依据《中华人民共和国合同法》（以下简称合同法）第二百七十二条第二款、第三款规定，承包人不得将其承包的全部建设工程转包给第三人或者将其承包的全部建设工程肢解以后以分包的名义分别转包给第三人,0
九、发包人向承包人承诺，按照合同约定的期限和方式支付合同价款及其他应当支付的款项,0
大经公司以款项用途一栏没有明确注明是工程款为由，主张该两笔款项不是支付工程款，而是鑫马公司返还大经公司多付的协议“购房”款，其理由并不充分，且无相应证据充实，对此不予支持,0
证据九、工程量清单,0
9.关于酒店大堂A段地下室结构构件混凝土添加剂差价94778.24元应否扣减的问题,0
第五，2015年9月15日益宁公司编制的《项目工程竣工结算审批表》，确认桩基础决算的计价依据为2013年1月23日《建设工程施工合同》约定的2008定额和可调价格结算,0
二、关于争议焦点二,0
证明金地花园经过了合法审批手续,0
6、厂区总体地面增高费用,0
在建设工程施工合同纠纷案件中，确定欠付工程款的数额应以应付工程款和已付工程款的具体数额为基础,0
同年8月15日告知，12#楼楼梯间刮白延期5天,0
由此被告工期应无限期顺延，被告逾期完工不存在过错,0
南洋公司、时空公司认为，南洋公司、时空公司系与闽中公司签订《建设工程施工合同》，与吴东安不具有合同关系，不应对闽中公司尚欠吴东安的工程款承担连带责任,0
各区块工程经发包方验收合格后七天内支付至各区块合同价的97%（其中大宗设备，如开关站、箱变、电力电缆到场进入安装阶段七天内，支付至供电部分价款的65%，调试合格验收合格即付至供电部分价款的97%）,0
本院根据原、被告的诉辩意见结合本案的案情，归纳双方争议的焦点如下,0
对原告陈鑫提交的证据,0
此处为19#基础款，不应增加累计,0
560000,0
8054480.3,0
邓文年要求石门城建房产公司向其支付工程欠款4377730元的请求部分成立，本院予以部分支持,0
3、湖南六建公司以内部承包方式将工程违法转包给李波个人，湖南六建公司既是总承包人又是违法转包人，李波作为湖南六建公司该项目的内部承包人，又以武汉金鑫联鑫公司名义将工程全部转包给向武龙、刘吉安并签订《内部承包协议》，李波对外代表湖南六建公司，其行为应由湖南六建公司承受,0
根据庭审原、被告及第三人的答辩、陈述、举证和质证等环节，原告主张享有足以排除强制执行晋江市市政园林局银行存款865万元民事权益并诉请停止对第三人晋江市市政园林局银行账户存款865万元的执行，解除对第三人晋江市市政园林局银行账户的冻结，理据不足，依法应不予支持,0
依照《中华人民共和国合同法》第六条、第八条、第四十五条、第二百八十六条，《中华人民共和国民事诉讼法》第六十四条、第六十五条、第七十五条、第一百四十二条之规定，判决如下,0
在施工过程中，邓州泰和公司将部分施工项目摘除，由其他施工单位进行施工，具体项目有,0
被告辩称“案涉工程未取得建筑工程施工许可证，违反了《中华人民共和国建筑法》第七条的规定，应为无效”,0
"29,843.46",0
本案工程造价鉴定费用613460.33元，当事人双方各半承担306730.17元，因大经公司已经支付全部的鉴定费用，故鑫马公司应向大经公司支付306730.17元,0
上陵公司未提交双方认可的阳台窗不锈钢护栏定价单，故对其提出的定价8元/m不予支持，该部分造价不应扣减,0
（一）因不可抗力致使不能实现合同目的,0
25#-28#楼各单体工期360日历天，正负零以下结构35日历天，如有桩，自桩基验收合格日起,0
29.白城市房屋拆迁管理办法1份,0
2、证人基本陈述了弱电工程需要资质，而被告方的资质证明不含弱电项目，由此也恰恰说明作为专业资质的弱电分包项目属于单独的施工合同与被告的劳务作业无关,0
五、关于喀什东方汇科公司主张喀什华厦公司向其交付叶城县金果小区1号楼、2号楼、22号楼全部工程资料的反诉请求能否成立的问题,0
如前所述，本案应付工程款中，宇元·万向城二期工程的工程价款、宇元·万向城一期的零星工程和维修工程的工程价款以及以及二期工程的装修工程价款在是否享有优先受偿权和优先受偿权的范围上存在不同，但宇元置业公司在诉讼过程中并未提交证据证明已付工程款具有特定性，已对上述三部分款项进行区分，导致已付工程款是否包括宇元·万向城一期的零星工程和维修工程的工程价款以及二期工程的装修工程价款，或者未付工程款是否包括该部分款项的事实无法查清,0
其二，汇都公司提供的合同似1999年示范文本，但合同首页并无1999年版示范文本编号,0
（二）承包人已经提交竣工验收报告，发包人拖延验收的，以承包人提交验收报告之日为竣工日期,0
7587.3069万元,0
20110827,0
四、工程结算及单价,0
原告对该证据的真实性无异议，质证称该工程现在已经竣工，被告不与原告结算的事实存在，该争议应由仲裁或者法院解决约定不明确,0
在补充协议中仅对工期顺延、工程款利息、停工直接损失等有约定，且系建设公司和置业公司之间的约定,0
3、开工令，拟证明原告（反诉被告）按被告（反诉原告）要求进场施工,0
对证据八实际是工作联系单，但被告说的是工作联系函，没有公章，且有涂改情况，认为是假的,0
被告提交的《重点工程竣工验收备案表》虽然是复印件，但该证据复印自原告立案时提交的证据，且原告未提交反证推翻该证据，故本院对被告提交的《重点工程竣工验收备案表》（复印件）予以认定,0
资料齐全，真实有效，质量合格,0
（2）关于被告所施工的工程质量问题的责任承担比例问题，即涉案不合格工程形成的原因问题,1
根据相关法律规定，建设工程未完工，施工人请求支付工程款的前提必须是已完工工程质量合格，在建设公司就质量问题提出异议时，作为实际施工人的程振国对此负有举证责任,1
”被告施工的建设工程虽然没有经过竣工验收合格，但是经过鉴定孙国元承建的承德杏之源饮品有限公司生产车间地面高程、地面裂缝、地面积水等质量缺陷,1
涉诉工程的建设施工合同虽然经本院认定无效，但是该工程并未完工，被告提交的证据不足以证实与原告起诉请求支付的工程款相对应的已完工部位经验收不符合要求或存在严重质量问题，本案现不符合《最高人民法院关于审理建设工程施工合同纠纷案件适用法律问题的解释》第三条适用的情形，故被告在本案中提出的工程质量等问题构成拒付工程款的理由不能成立,1
&quot;建设工程未经竣工验收，发包人擅自使用后，又以使用部分质量不符合约定为由主张权利的，不予支持&quot;之规定，被告所谓的&quot;工程质量不合格&quot;的抗辩理由也不成立，法院不应予以支持,1
于案涉工程保修期满时一次支付完毕（农历2013年12月20日前支付）&rdquo;，而李坚古并未提供合法有效的证据证明案涉工程存在质量问题，因此，李坚古应按照该工程结算书的结算价款向莫建勇支付工程款42262.5元,1
被告万辉公司于本案第二次开庭期间提出对本案工程质量进行司法鉴定的申请，但是，由于被告万辉公司并未针对本案工程质量问题提起反诉，而且被告万辉公司申请对本案工程质量进行司法鉴定已超过法定期限，因此，本院对被告万辉公司关于对本案工程质量进行司法鉴定的申请不予准许，被告万辉公司针对本案工程质量问题可另辟法律途径予以解决,1
兴城市建筑设计院和葫芦岛创拓建设设计有限公司作为勘察设计单位出具了1#至10#楼房的《房屋建筑工程质量检查报告书》其检查结论意见为,0
……建设工程的保修期，自竣工验收合格之日起计算”以及《最高人民法院关于审理建设工程施工合同纠纷案件适用法律问题的解释（二）》第八条第一款“有下列情形之一，承包人请求发包人返还工程质量保证金的，人民法院应予支持,0
本院认为，被告建设的位于登封市××路的嵩景花园项目1#、2#、3#楼已竣工并已实际交付给原告使用，因此，被告作为施工单位有义务将工程竣工验收备案表、工程竣工验收报告、工程质量保修书等相关资料提供给原告，并在工程竣工验收备案表上签名盖章,0
质量保修金银行利率为零,0
原告中途退场，未完成全部工程内容，且所施工的工程存在严重质量问题，在原告退场后，被告又自行聘请工人对剩余工程内容进行了施工并对原告施工存在的质量问题进行了整改，被告为此向其聘请的工人及混凝土公司额外支付184140元（该笔费用应当由原告承担）,1
鉴定机构采取对2013年1月23日非备案合同和2013年1月28日备案合同约定的二种不同的合同价款结算方式分别进行了鉴定，且案涉工程经竣工验收并交付使用，根据《最高人民法院关于审理建设工程施工合同纠纷案件适用法律问题的解释（二）》第十一条第一款“当事人就同一建设工程订立的数份建设工程施工合同均无效，但建设工程质量合格，一方当事人请求参照实际履行的合同结算建设工程价款的，人民法院应予支持”的规定，应按照双方实际履行的2013年1月23日非备案合同约定的合同价款结算方式作出的鉴定结论，为案涉工程的结算依据,0
施工单位鼎晟公司盖章、监理单位方圆公司盖章、总监理工程师王叙盖章予以认可《房屋建筑工程质量检查报告书》,0
质量保修书中应当明确建设工程的保修范围、保修期限和保修责任等,0
&quot;兴城市建筑工程质量监督站盖章、监督人员、负责人签字予以确认,0
综上所述，原告冯继平个人与被告胥志明个人签订了《建设工程施工合同》，原告冯继平是“水榭阳光”商住楼项目工程的实际施工人，自行组织人力、物力、财力垫资施工完成合同所约定的施工项目，其建筑质量经验收合格，被告胥志明是“水榭阳光”商住楼项目的实际投资人，负有与建筑工程承包人结算支付工程价款的合同义务，原、被告签订的《建设工程施工合同》虽然无效，但其工程质量经竣工验收为合格，原告冯继平请求按双方约定价款支付工程款，并按约定利率标准承担逾期资金利息及工程价款享有优先受偿权的诉讼请求符合法律规定，原告冯继平未完工程量以及实际领取的价款应予扣减，为了维护建筑业的正常秩序，依照《中华人民共和国合同法》第五十二条第五项、第五十八条、第六十条、第二百六十九条、第二百七十六条、第二百七十九条、第二百八十六条及最高人民法院《关于审理建设工程施工合同纠纷案件使用法律若干问题的解释》第二条、第六条、第十八条，最高人民法院《关于建设工程价款优先受偿权问题的批复》第一项、第二项之规定，判决如下,0
发包人返还工程质量保证金后，不影响承包人根据合同约定或者法律规定履行工程保修义务,0
认为虽然验收资料中相应的工程已经通过竣工验收，但按照合同被告应当施工的内容并没有全部在验收范围内，因此该验收报告不能证明被告应按合同施工的内容已全部进行验收，通过验收并不能证明工程不存在质量问题,1
案涉合同约定最长质量保修期为五年，现均已届满，故对约定的5%质量保修金不再扣减,0
因各方当事人均未对工程质量提出抗辩或反诉，且涉案工程已交付使用，而潘国彬未按进度施工的原因在于工程量的增加和逾期支付工程款,0
本案所涉工程招标前，原、被告于2010年1月29日已签订了《补充协议》，双方就工程承包范围、工期、质量标准、合同价款与支付、违约责任等实质性内容进行了约定，并且原告在《建设工程施工合同》签订前已进场施工,0
“建设工程未经竣工验收，发包人擅自使用后，又以使用部分质量不符合约定为由主张权利的，不予支持,1
开工验证有业主、业务代表、设计单位、监理单位、质量监督单位、地勘单位、建筑单位的责任主体是必须到场的,0
县质量监督站程元辉提出七点意见，其中第1点是基坑工程建设单位是第一责任人,1
其次，因涉案工程系由大豐置业委托陕西省建筑工程质量检测中心、陕西省建筑科学研究院进行检测验收，建工集团不可能有竣工验收报告,0
5、被告之所谓&quot;工程质量不合格&quot;的抗辩理由不成立,1
关于原告被告是否按合同约定完成住房建设，原告主张已按合同约定完成了施工，被告辩解原告未完成建房施工，且存在质量问题,1
原告举证19份分/部（子单位）工程质量竣工验收记录，证明均为合格,0
“建设工程质量合格，承包人请求其承建工程的价款就工程折价或者拍卖的价款优先受偿的，人民法院应予支持,0
”之规定，认定“黑白合同”时所涉的“实质性内容”，主要包括合同中的工程价款、工程质量、工程期限三部分,0
16.2012年11月20日，经建设单位时空公司、施工单位闽中公司、勘察单位、设计单位、监理单位组织验收，将乐恒通物流园停车区1、2、3、4#综合楼工程质量合格,0
"本工程约定的工程质量保修金为施工合同价款的5%，具体为4,537,477元，该工程质量保证金的计算依据是《建设工程施工合同》暂定价款",0
上述事实，有建设工程施工合同（备案）、中标通知书、工程变更洽商记录、工程质量竣工验收记录、建设工程施工合同（未备案）、付款记录、司法鉴定报告、发票及双方当事人陈述等证据在案佐证,0
原告邬毅诉称，被告大庆安装集团苏州分公司是被告大庆安装集团公司于2007年7月16日依法成立的分公司，被告大庆安装集团苏州分公司于2011年11月22日与被告湛新公司签订土建与机电施工总包合同，承包被告湛新公司发包的位于上海市奉贤区庄行镇姚新璐251-301号的土建及机电安装工程，后被告大庆安装集团苏州分公司与原告于2012年1月4日签订《建设工程施工质量、安全生产责任书》，将该工程以包工包料的方式给原告个人进行施工和管理,0
该单位工程质量评定栏内加盖有建设单位负责人张文亮印章,0
"因群洲公司违反合同约定不能按期对金滩半岛豪苑F1F2栋工程全面竣工，致使南长城公司不能按照其与金滩半岛豪苑F1F2栋房屋买受人约定的日期交付房屋，部分房屋买受人多次到当地政府有关部门信访，南长城公司的逾期交房违约金损失客观存在，对南长城公司主张的截止2019年8月31日的逾期交房违约金损失26,565,419元予以支持，对南长城公司主张应计算至群洲公司向其移交经质量验收合格的案涉工程之后的6个月为止的请求，综合考量本案实际，本院认为计算至群洲公司向南长城公司撤离金滩半岛豪苑F1F2栋工程施工现场、移交已完工程之日为宜，故群洲公司应赔偿南长城公司截止2019年8月31日的逾期交房违约金损失26,565,419元，并自2019年9月1日起，按照2019年7月1日至2019年12月30日，每日赔偿31,021元，2020年1月1日至2020年6月30日，每日赔偿33,886元，2020年7月1日后，每日赔偿34,374元的标准，向南长城公司赔偿损失，直至群洲公司向南长城公司移交金滩半岛豪苑F1F2栋工程施工现场之日止",0
2013年7月10日，竣工日期2015年12月30日，合同工期总日历天数870天，工程质量标准,0
&quot;在监督抽查该工程的地基基础、主体结构、主要使用功能、参建各方主体质量行为、工程竣工验收过程中，未发现有违反法律、法规、规章、强制性技术规范、标准及勘察设计文件所要求的问题,0
临湘市建筑工程质量监督管理站专用帐户上，因此该款抵扣被告（反诉原告）瑞海公司应支付3#、4#、5#楼项目的工程款，本院不予支持,0
但是承包人应当在建设工程的合理使用寿命内对地基基础工程和主体结构质量承担民事责任,1
证据22，原告对证据的真实性、合法性、关联性均有异议，认为不能证明被告的待证事实，不能证明被告拟证明的工程不存在质量问题及存在的质量问题不是被告一方的原因引起，不能对抗原告递交的室外管道不能通球的事实,1
被告主张原告安装的冷库存在质量问题，但被告未在双方合同约定的自验收合格之日起两年的质量保修期内向原告主张权利，且被告已于2012年12月31日对冷库安装进行了竣工验收，故本院对被告该项主张不予支持,1
原告冯继平按照合同约定的工期垫资完成施工项目，建设工程质量符合质量要求，竣工验收合格，被告胥志明违反诚实信用原则，未按合同约定与原告冯继平结算支付工程价款，考虑到承包人在施工中投入了大量资金、原材料、人力等因素，合同双方均将建设工程作为未来收入的主要保障，信赖和协作是施工合同的主要特征，根据双方在合同履约中的利益衡平原则，为了维护建筑市场的正常秩序，原告请求按约定利率标准承担逾期支付工程款资金利息的诉讼请求，本院予以支持,0
2014年11月22日，钱国木业公司向繁宝公司及上海银同监理公司发出建设工程施工通知单，主要内容为，根据建设单位对车间一、车间二、车间三检查时发现(本工程墙面、柱面、地面等存在严重质量问题)为不影响竣工验收，施工单位应立即组织人员对发现的问题进行处理，并自检一遍，建设单位安排人员进行复查，并列举了相关质量问题,1
1.针对原告认为核增基坑塌方修补费用1391524元的争议，经查实，案涉工程于2012年9月5日发生基坑塌方，五方建设主体为此召开会议并形成纪要，设计单位嗣后出具加固方案，但由于该塌方事故的原因未彻底查明，且可能涉及其他建设主体的责任，鉴此，由该起质量事故所引发的索赔不宜在本案中加以解决，故本院在本案中对该争议事项不作认定处理,1
2016年6月23日分别为4#、5#楼出具《建设工程质量监督报告》，确认4#楼竣工验收时间为2015年11月24日，5#楼竣工验收时间为2016年1月6日，确认4#、5#楼工程质量合格，同意竣工验收备案,0
义银公司抗辩称系因文峰公司原因影响施工进度，从其提交的证据来看，因文峰公司提供的装修图纸未审图，安庆市质监站于2014年7月2日发出《工程质量监督检查意见书》，责令10#楼未经图审部分立即暂停施工，义银公司的抗辩理由部分成立,1
原告冯继平按合同约定自行组织人力、物力垫资完成“水榭阳光”商住楼项目工程的施工建设项目，工程质量经验收为合格,0
（一）当事人约定的工程质量保证金返还期限届满,0
（三）因发包人原因建设工程未按约定期限进行竣工验收的，自承包人提交工程竣工验收报告九十日后起当事人约定的工程质量保证金返还期限届满,0
合同价为按照合同约定完成承保范围内的全部工程，并承担质量保修责任的款项（其中包含国家规定由承包人方缴纳的各种税、费等）,0
参照《建设工程质量管理条例》第四十条“在正常使用条件下建设工程的最低保修期限为,0
在监理公司出具施工联系单之前，繁宝公司就将施工资料、达到质量验收标准的相关资料给了钱国木业公司，钱国木业公司不愿意签收,0
对第1组证据的真实性、合法性、关联性予以认可，但是不完全认可被告的证明观点，在双方签订的合同约定承揽过程中，原告没有违反合同的约定，原告的行为没有违反双方约定的工期，因为原告是只做工，被告提供整栋房屋所需的原材料，被告不提供材料，原告就无法进行施工，原告为被告所承揽的业务属于质量合格，因为被告验收后用于经营性开设宾馆，原告为被告承揽的事项均没有存在质量问题，对第二组证据中的说明，在2015.2.13日以前原告向被告领取的预付款54万元我方予以认可,1
"建安公司依约进行施工，工程完工后，经验收合格，且双方已结算完毕并一致认可十五份《工程结算审核报告》的真实性，故本院确认案涉十五项工程的总造价为62,879,471.75元，应预留总价款5%的工程质量保证金为3,143,973.59元",0
以上事实，有原告(反诉被告)繁宝公司提供的上海市建设工程施工合同、工程补充协议书、施工联系单、施工单位工程联系单、关于上海崎丰纸制品厂工程事宜函、大锯基础单、新做固定大锯基础平台(材料/人工)明细表、收款凭证、证明、监理工程师说明、上海市房地产登记簿等，被告(反诉原告)钱国木业公司提供的付款凭证、未建工程告知单、分项、分部工程质量验收证明书、建设工程施工通知单、施工联系单、调解书、收条、承诺书、协议书、技术核定单、马士信的证人证言等，第三人崎丰厂提供的“关于同意上海崎丰纸制品厂罗泾镇5街坊79/3丘地块扩建厂房项目转让的批复”等，造价鉴定意见书及补充说明，及各方当事人当庭陈述等证据为证，经庭审质证，本院予以认定,0
被告虽提交了预（结）算书，但系单方结算，根据双方合同约定，被告应向原告交付质量符合约定的工程，并经验收合格、办理结算后，原告支付相应的工程款，而通过庭审查明，双方对结算等资料尚存争议，至今未办理结算，同时依据司法鉴定报告意见，被告承建的涉案工程质量不合格，其应当履行的合同主要义务即交付质量合格的工程尚未履行完毕，故支付工程款的条件尚不满足合同约定，被告暂无权就涉案工程的工程款向原告主张相关权利,1
三、原告主张质量整改损失是否有事实和法律依据,1
经质证，被告认为证人证言客观真实，能够证实原告做的工程存在质量问题，在原告退场后被告聘请工人以及原告的工人进行质量问题的整改,1
李坚古在本院指定期限内未对案涉工程的玻璃是否存在质量问题申请工程质量鉴定，亦未提供其他合法有效的证据证明案涉工程玻璃存在质量问题，应依法承担举证不能的责任,1
丁蔡俊作为没有建筑资质的实际施工人，应当按照《建设工程质量管理条例》第四十条规定的在最低保修期限内对已完工工程承担法定的保修责任,0
红博物产公司虽主张涉案工程存在质量问题，但未举示充分证据予以证实，故对其该项抗辩主张不予支持,1
“因承包人的过错造成建设工程质量不符合约定，承包人拒绝修理、返工或者改建，发包人请求减少支付工程价款的，应予支持,1
"2、繁宝公司支付工程质量未达到一次性验收合格目标赔偿费140,184元(根据上海市建设工程施工投标标书情况汇总表第3条，按合同总价7,009,179元的2%计算)",1
万兴公司对高压旋喷桩工程量及质量以及安全文明施工费和建安劳保费的鉴定意见有异议，向本院提出重新鉴定的申请，但对这几项，其在鉴定过程中已经充分表明观点，在庭审后至今，万兴公司也没有就这几项异议提交新的证据，故本院对万兴公司提出的重新鉴定的申请不予准许,1
观感质量评定为好，施工单位自评和监理单位核定工程质量等级均为合格，符合工程实际,0
合同价为按照合同约定完成承保范围内的全部工程，并承担质量保修责任的款项（其中包含国家规定由承包人方缴纳的各种税、费等）,0
因此，本院认为石门城建房产公司在施工过程中变更施工规模的行为已变更了双方签订的《建设工程施工合同补充协议》所约定的施工范围，相应的工程结构、工程量、工程质量均发生了变更，对合同条款已进行了实质性变更，且双方对于变更施工规模后的工程价款如何结算未达成一致协议，故依据《最高人民法院关于审理建设工程施工合同纠纷案件适用法律问题的解释》第十六条第二款“因设计变更导致建设工程的工程量或者质量标准发生变化，当事人对该部分工程价款不能协商一致的，可以参照签订建设工程施工合同时当地建设行政主管部门发布的计价方法或者计价标准结算工程价款,0
该《建设工程施工合同》补充协议书具备了建设工程承包合同施工范围、施工工期、施工质量、价款支付、材料供应等实质性内容，王建军与明鑫公司之间工程承包关系成立,0
原告邬毅诉称，被告大庆安装集团苏州分公司是被告大庆安装集团公司于2007年7月16日依法成立的分公司，被告大庆安装集团苏州分公司于2011年11月22日与被告湛新公司签订土建与机电施工总包合同，承包被告湛新公司发包的位于上海市奉贤区庄行镇姚新璐251-301号的土建及机电安装工程，后被告大庆安装集团苏州分公司与原告于2012年1月4日签订《建设工程施工质量、安全生产责任书》，将该工程以包工包料的方式给原告个人进行施工和管理,0
工程质量保证金被告当庭承认仅向工程质量行政管理部门缴纳45万元，按照工程总造价的3%计算，尚有105万元未缴纳，被告应补缴，或者被告支付给原告，由原告向工程质量行政管理部门缴纳,0
本案合同履行中，从2014年11月8日至2017年1月10日期间，因工程基础资料移交、原施工单位质量不合格、设计修改或更改等原因，富丽公司以工作联系单、工程联络单、情况说明、函、报告、通知等方式，94次要求卉森公司尽快移交资料及对施工内容予以明确，具体日期如下,1
二被告关于本案不具备质量保修金返还条件的答辩意见，无事实及法律依据，本院不予采纳,0
”当事人往往在建设工程施工合同中约定发包人扣留一定工程价款作为工程质量保证金（又称质量保修金），但扣留的前提是工程已经竣工验收合格,0
第三，上陵公司提交的证据不能证实其在质量保修期内就维修事项向楚湘公司履行了有效的通知义务,0
因被告小溪塔卫生服务中心已向第三人长信建设有限公司支付工程款2630000元，则下欠工程款为1023836.88元，涉诉工程质保期满后未出现质量问题，被告小溪塔卫生服务中心应当向原告李小勇支付下欠的全部工程款,0
3.从合同履行看，王建军向鉴定机构提交了图纸设计变更与补充，工程预决算资料，5#、7#楼主体分部工程质量验收记录表等，并提供了购买建筑材料的协议、记账凭证收据等，且本案劳务公司思翔劳务公司认可王建军对5#、7#楼复工后部分主体工程进行了施工,0
六、关于大豐置业反诉要求建工集团赔偿因工程质量不合格造成经济损失370.05万元的问题,1
